{
    "class": "knife",
    "x1": 0.24479166666666666,
    "y1": 0.7940366972477064,
    "x2": 0.06770833333333333,
    "y2": 0.0981651376146789
}