{
    "class": "knife",
    "x1": 0.6458333333333334,
    "y1": 0.5105504587155963,
    "x2": 0.041666666666666664,
    "y2": 0.16972477064220184
}