{
    "class": "knife",
    "x1": 0.6765625,
    "y1": 0.5073394495412844,
    "x2": 0.03958333333333333,
    "y2": 0.14678899082568808
}