{
    "class": "knife",
    "x1": 0.49713541666666666,
    "y1": 0.46788990825688076,
    "x2": 0.0578125,
    "y2": 0.10642201834862386
}