{
    "class": "knife",
    "x1": 0.3059895833333333,
    "y1": 0.5385321100917431,
    "x2": 0.05572916666666667,
    "y2": 0.06788990825688074
}