{
    "class": "knife",
    "x1": 0.35260416666666666,
    "y1": 0.5568807339449541,
    "x2": 0.051041666666666666,
    "y2": 0.06605504587155964
}