{
    "class": "knife",
    "x1": 0.3731770833333333,
    "y1": 0.5188073394495413,
    "x2": 0.0578125,
    "y2": 0.0871559633027523
}