{
    "class": "knife",
    "x1": 0.19661458333333334,
    "y1": 0.7688073394495413,
    "x2": 0.08177083333333333,
    "y2": 0.09357798165137615
}