{
    "class": "knife",
    "x1": 0.31588541666666664,
    "y1": 0.655045871559633,
    "x2": 0.07239583333333334,
    "y2": 0.04954128440366973
}