{
    "class": "knife",
    "x1": 0.40572916666666664,
    "y1": 0.42477064220183486,
    "x2": 0.053125,
    "y2": 0.12844036697247707
}