{
    "class": "knife",
    "x1": 0.44453125,
    "y1": 0.5045871559633027,
    "x2": 0.05677083333333333,
    "y2": 0.09357798165137615
}