{
    "class": "knife",
    "x1": 0.20885416666666667,
    "y1": 0.7958715596330275,
    "x2": 0.06979166666666667,
    "y2": 0.11100917431192661
}