{
    "class": "knife",
    "x1": 0.6875,
    "y1": 0.6545871559633027,
    "x2": 0.05416666666666667,
    "y2": 0.16422018348623854
}