{
    "class": "knife",
    "x1": 0.42083333333333334,
    "y1": 0.41467889908256883,
    "x2": 0.04895833333333333,
    "y2": 0.12660550458715597
}