{
    "class": "knife",
    "x1": 0.6856770833333333,
    "y1": 0.48990825688073397,
    "x2": 0.05364583333333333,
    "y2": 0.12660550458715597
}