{
    "class": "knife",
    "x1": 0.22473958333333333,
    "y1": 0.8110091743119267,
    "x2": 0.06927083333333334,
    "y2": 0.10642201834862386
}