{
    "class": "knife",
    "x1": 0.32864583333333336,
    "y1": 0.5422018348623853,
    "x2": 0.05,
    "y2": 0.06422018348623854
}