{
    "class": "knife",
    "x1": 0.2794270833333333,
    "y1": 0.5472477064220184,
    "x2": 0.059895833333333336,
    "y2": 0.07064220183486239
}