{
    "class": "knife",
    "x1": 0.48125,
    "y1": 0.4793577981651376,
    "x2": 0.05625,
    "y2": 0.22110091743119267
}