{
    "class": "knife",
    "x1": 0.37395833333333334,
    "y1": 0.5761467889908257,
    "x2": 0.052083333333333336,
    "y2": 0.06788990825688074
}