{
    "class": "knife",
    "x1": 0.6276041666666666,
    "y1": 0.5513761467889908,
    "x2": 0.075,
    "y2": 0.11192660550458716
}