{
    "class": "knife",
    "x1": 0.19765625,
    "y1": 0.673394495412844,
    "x2": 0.09114583333333333,
    "y2": 0.05137614678899083
}