{
    "class": "knife",
    "x1": 0.5708333333333333,
    "y1": 0.6298165137614679,
    "x2": 0.08958333333333333,
    "y2": 0.07064220183486239
}