{
    "class": "knife",
    "x1": 0.6283854166666667,
    "y1": 0.5307339449541284,
    "x2": 0.050520833333333334,
    "y2": 0.1018348623853211
}