{
    "class": "knife",
    "x1": 0.5411458333333333,
    "y1": 0.41467889908256883,
    "x2": 0.028125,
    "y2": 0.12477064220183487
}