{
    "class": "knife",
    "x1": 0.5809895833333333,
    "y1": 0.43211009174311926,
    "x2": 0.04739583333333333,
    "y2": 0.11192660550458716
}