{
    "class": "knife",
    "x1": 0.4276041666666667,
    "y1": 0.6756880733944954,
    "x2": 0.05520833333333333,
    "y2": 0.1
}