{
    "class": "knife",
    "x1": 0.4588541666666667,
    "y1": 0.4334862385321101,
    "x2": 0.04895833333333333,
    "y2": 0.12201834862385322
}