{
    "class": "knife",
    "x1": 0.9203125,
    "y1": 0.4701834862385321,
    "x2": 0.075,
    "y2": 0.0908256880733945
}