{
    "class": "knife",
    "x1": 0.5768229166666666,
    "y1": 0.581651376146789,
    "x2": 0.06822916666666666,
    "y2": 0.08807339449541285
}