{
    "class": "knife",
    "x1": 0.18098958333333334,
    "y1": 0.6678899082568808,
    "x2": 0.06822916666666666,
    "y2": 0.03853211009174312
}