{
    "class": "knife",
    "x1": 0.6794270833333333,
    "y1": 0.4646788990825688,
    "x2": 0.0515625,
    "y2": 0.12935779816513762
}