{
    "class": "knife",
    "x1": 0.2015625,
    "y1": 0.841743119266055,
    "x2": 0.06145833333333333,
    "y2": 0.081651376146789
}