{
    "class": "knife",
    "x1": 0.30052083333333335,
    "y1": 0.7270642201834863,
    "x2": 0.07395833333333333,
    "y2": 0.06330275229357799
}