{
    "class": "knife",
    "x1": 0.28489583333333335,
    "y1": 0.49954128440366974,
    "x2": 0.04479166666666667,
    "y2": 0.0853211009174312
}