{
    "class": "knife",
    "x1": 0.5989583333333334,
    "y1": 0.4206422018348624,
    "x2": 0.036458333333333336,
    "y2": 0.0944954128440367
}