{
    "class": "knife",
    "x1": 0.46197916666666666,
    "y1": 0.42752293577981654,
    "x2": 0.04583333333333333,
    "y2": 0.12110091743119267
}