{
    "class": "knife",
    "x1": 0.640625,
    "y1": 0.5229357798165137,
    "x2": 0.0625,
    "y2": 0.10275229357798166
}