{
    "class": "knife",
    "x1": 0.5390625,
    "y1": 0.4068807339449541,
    "x2": 0.036458333333333336,
    "y2": 0.07614678899082569
}