{
    "class": "knife",
    "x1": 0.7390625,
    "y1": 0.4981651376146789,
    "x2": 0.0375,
    "y2": 0.11192660550458716
}