{
    "class": "knife",
    "x1": 0.6643229166666667,
    "y1": 0.48211009174311925,
    "x2": 0.0265625,
    "y2": 0.13853211009174313
}