{
    "class": "knife",
    "x1": 0.18515625,
    "y1": 0.6839449541284404,
    "x2": 0.0578125,
    "y2": 0.05963302752293578
}