{
    "class": "knife",
    "x1": 0.21536458333333333,
    "y1": 0.8435779816513761,
    "x2": 0.06197916666666667,
    "y2": 0.07614678899082569
}