{
    "class": "knife",
    "x1": 0.70625,
    "y1": 0.4798165137614679,
    "x2": 0.03958333333333333,
    "y2": 0.12293577981651377
}