{
    "class": "knife",
    "x1": 0.7815104166666667,
    "y1": 0.4371559633027523,
    "x2": 0.0265625,
    "y2": 0.11467889908256881
}