{
    "class": "knife",
    "x1": 0.53046875,
    "y1": 0.4298165137614679,
    "x2": 0.04114583333333333,
    "y2": 0.1
}