{
    "class": "knife",
    "x1": 0.6583333333333333,
    "y1": 0.48256880733944957,
    "x2": 0.027083333333333334,
    "y2": 0.14495412844036698
}