{
    "class": "knife",
    "x1": 0.7299479166666667,
    "y1": 0.5206422018348624,
    "x2": 0.03697916666666667,
    "y2": 0.14220183486238533
}