{
    "class": "knife",
    "x1": 0.5072916666666667,
    "y1": 0.4243119266055046,
    "x2": 0.03958333333333333,
    "y2": 0.0981651376146789
}