{
    "class": "knife",
    "x1": 0.7596354166666667,
    "y1": 0.43119266055045874,
    "x2": 0.03177083333333333,
    "y2": 0.11926605504587157
}