{
    "class": "knife",
    "x1": 0.7013020833333333,
    "y1": 0.49036697247706423,
    "x2": 0.03177083333333333,
    "y2": 0.15321100917431194
}