{
    "class": "knife",
    "x1": 0.7239583333333334,
    "y1": 0.5146788990825688,
    "x2": 0.03958333333333333,
    "y2": 0.14311926605504588
}