{
    "class": "knife",
    "x1": 0.36432291666666666,
    "y1": 0.5481651376146789,
    "x2": 0.0484375,
    "y2": 0.07247706422018349
}