{
    "class": "knife",
    "x1": 0.493359375,
    "y1": 0.6861111111111111,
    "x2": 0.07421875,
    "y2": 0.05
}