{
    "class": "knife",
    "x1": 0.66171875,
    "y1": 0.6125,
    "x2": 0.096875,
    "y2": 0.15833333333333333
}