{
    "class": "knife",
    "x1": 0.2703125,
    "y1": 0.7013888888888888,
    "x2": 0.1453125,
    "y2": 0.1638888888888889
}