{
    "class": "knife",
    "x1": 0.1640625,
    "y1": 0.7513888888888889,
    "x2": 0.1484375,
    "y2": 0.1111111111111111
}