{
    "class": "knife",
    "x1": 0.641796875,
    "y1": 0.5430555555555555,
    "x2": 0.10078125,
    "y2": 0.36944444444444446
}