{
    "class": "knife",
    "x1": 0.3375,
    "y1": 0.8034722222222223,
    "x2": 0.134375,
    "y2": 0.07361111111111111
}