{
    "class": "knife",
    "x1": 0.426171875,
    "y1": 0.70625,
    "x2": 0.07265625,
    "y2": 0.12083333333333333
}