{
    "class": "knife",
    "x1": 0.405859375,
    "y1": 0.6791666666666667,
    "x2": 0.06640625,
    "y2": 0.12222222222222222
}