{
    "class": "knife",
    "x1": 0.4890625,
    "y1": 0.8180555555555555,
    "x2": 0.1046875,
    "y2": 0.2111111111111111
}