{
    "class": "knife",
    "x1": 0.53984375,
    "y1": 0.6125,
    "x2": 0.1484375,
    "y2": 0.13055555555555556
}