{
    "class": "knife",
    "x1": 0.478515625,
    "y1": 0.7208333333333333,
    "x2": 0.08203125,
    "y2": 0.05
}