{
    "class": "knife",
    "x1": 0.440625,
    "y1": 0.8423611111111111,
    "x2": 0.1484375,
    "y2": 0.08194444444444444
}