{
    "class": "knife",
    "x1": 0.484765625,
    "y1": 0.73125,
    "x2": 0.08046875,
    "y2": 0.06527777777777778
}