{
    "class": "knife",
    "x1": 0.375,
    "y1": 0.6847222222222222,
    "x2": 0.1484375,
    "y2": 0.09722222222222222
}