{
    "class": "knife",
    "x1": 0.365234375,
    "y1": 0.7979166666666667,
    "x2": 0.12109375,
    "y2": 0.059722222222222225
}