{
    "class": "knife",
    "x1": 0.773046875,
    "y1": 0.6569444444444444,
    "x2": 0.13828125,
    "y2": 0.08611111111111111
}