{
    "class": "knife",
    "x1": 0.314453125,
    "y1": 0.7173611111111111,
    "x2": 0.15859375,
    "y2": 0.08194444444444444
}