{
    "class": "knife",
    "x1": 0.261328125,
    "y1": 0.86875,
    "x2": 0.10078125,
    "y2": 0.19583333333333333
}