{
    "class": "knife",
    "x1": 0.34296875,
    "y1": 0.6604166666666667,
    "x2": 0.1140625,
    "y2": 0.2375
}