{
    "class": "knife",
    "x1": 0.066796875,
    "y1": 0.80625,
    "x2": 0.09921875,
    "y2": 0.17916666666666667
}