{
    "class": "knife",
    "x1": 0.37109375,
    "y1": 0.7347222222222223,
    "x2": 0.1453125,
    "y2": 0.10277777777777777
}