{
    "class": "knife",
    "x1": 0.362890625,
    "y1": 0.8215277777777777,
    "x2": 0.16640625,
    "y2": 0.10694444444444444
}