{
    "class": "knife",
    "x1": 0.384375,
    "y1": 0.7229166666666667,
    "x2": 0.1078125,
    "y2": 0.38472222222222224
}