{
    "class": "knife",
    "x1": 0.304296875,
    "y1": 0.6486111111111111,
    "x2": 0.10078125,
    "y2": 0.5611111111111111
}