{
    "class": "knife",
    "x1": 0.264453125,
    "y1": 0.70625,
    "x2": 0.13984375,
    "y2": 0.13194444444444445
}