{
    "class": "knife",
    "x1": 0.49765625,
    "y1": 0.70625,
    "x2": 0.3234375,
    "y2": 0.24861111111111112
}