{
    "class": "knife",
    "x1": 0.5796875,
    "y1": 0.5006944444444444,
    "x2": 0.05625,
    "y2": 0.10694444444444444
}