{
    "class": "knife",
    "x1": 0.27734375,
    "y1": 0.5979166666666667,
    "x2": 0.1328125,
    "y2": 0.16527777777777777
}