{
    "class": "knife",
    "x1": 0.373828125,
    "y1": 0.8104166666666667,
    "x2": 0.13828125,
    "y2": 0.3263888888888889
}