{
    "class": "knife",
    "x1": 0.331640625,
    "y1": 0.9,
    "x2": 0.15390625,
    "y2": 0.1111111111111111
}