{
    "class": "knife",
    "x1": 0.19140625,
    "y1": 0.7868055555555555,
    "x2": 0.1484375,
    "y2": 0.12361111111111112
}