{
    "class": "knife",
    "x1": 0.313671875,
    "y1": 0.6444444444444445,
    "x2": 0.10703125,
    "y2": 0.525
}