{
    "class": "knife",
    "x1": 0.411328125,
    "y1": 0.7708333333333334,
    "x2": 0.11484375,
    "y2": 0.21666666666666667
}