{
    "class": "knife",
    "x1": 0.362109375,
    "y1": 0.10625,
    "x2": 0.14609375,
    "y2": 0.10416666666666667
}