{
    "class": "knife",
    "x1": 0.47578125,
    "y1": 0.8805555555555555,
    "x2": 0.140625,
    "y2": 0.09166666666666666
}