{
    "class": "knife",
    "x1": 0.4875,
    "y1": 0.6736111111111112,
    "x2": 0.08125,
    "y2": 0.04722222222222222
}