{
    "class": "knife",
    "x1": 0.3125,
    "y1": 0.7041666666666667,
    "x2": 0.1265625,
    "y2": 0.06111111111111111
}