{
    "class": "knife",
    "x1": 0.614453125,
    "y1": 0.7479166666666667,
    "x2": 0.07578125,
    "y2": 0.30972222222222223
}