{
    "class": "knife",
    "x1": 0.540234375,
    "y1": 0.58125,
    "x2": 0.06796875,
    "y2": 0.06527777777777778
}