{
    "class": "knife",
    "x1": 0.4140625,
    "y1": 0.7520833333333333,
    "x2": 0.15625,
    "y2": 0.1486111111111111
}