{
    "class": "knife",
    "x1": 0.40625,
    "y1": 0.8673611111111111,
    "x2": 0.159375,
    "y2": 0.0763888888888889
}