{
    "class": "knife",
    "x1": 0.306640625,
    "y1": 0.6465277777777778,
    "x2": 0.13515625,
    "y2": 0.16805555555555557
}