{
    "class": "knife",
    "x1": 0.35078125,
    "y1": 0.7902777777777777,
    "x2": 0.1328125,
    "y2": 0.06944444444444445
}