{
    "class": "knife",
    "x1": 0.369140625,
    "y1": 0.6986111111111111,
    "x2": 0.15390625,
    "y2": 0.09166666666666666
}