{
    "class": "knife",
    "x1": 0.334765625,
    "y1": 0.7041666666666667,
    "x2": 0.15859375,
    "y2": 0.08611111111111111
}