{
    "class": "knife",
    "x1": 0.36953125,
    "y1": 0.7125,
    "x2": 0.1375,
    "y2": 0.08055555555555556
}