{
    "class": "knife",
    "x1": 0.351953125,
    "y1": 0.10416666666666667,
    "x2": 0.15546875,
    "y2": 0.10555555555555556
}