{
    "class": "knife",
    "x1": 0.565234375,
    "y1": 0.46805555555555556,
    "x2": 0.06015625,
    "y2": 0.12222222222222222
}