{
    "class": "knife",
    "x1": 0.25390625,
    "y1": 0.7236111111111111,
    "x2": 0.134375,
    "y2": 0.07222222222222222
}