{
    "class": "knife",
    "x1": 0.35546875,
    "y1": 0.7763888888888889,
    "x2": 0.15,
    "y2": 0.08888888888888889
}