{
    "class": "knife",
    "x1": 0.58203125,
    "y1": 0.4895833333333333,
    "x2": 0.0609375,
    "y2": 0.09861111111111111
}