{
    "class": "knife",
    "x1": 0.47890625,
    "y1": 0.7451388888888889,
    "x2": 0.1171875,
    "y2": 0.2152777777777778
}