{
    "class": "knife",
    "x1": 0.29609375,
    "y1": 0.8104166666666667,
    "x2": 0.1578125,
    "y2": 0.0763888888888889
}