{
    "class": "knife",
    "x1": 0.3234375,
    "y1": 0.65,
    "x2": 0.140625,
    "y2": 0.1388888888888889
}