{
    "class": "knife",
    "x1": 0.301953125,
    "y1": 0.8201388888888889,
    "x2": 0.13359375,
    "y2": 0.12361111111111112
}