{
    "class": "knife",
    "x1": 0.3328125,
    "y1": 0.8430555555555556,
    "x2": 0.16875,
    "y2": 0.07777777777777778
}