{
    "class": "knife",
    "x1": 0.330859375,
    "y1": 0.6347222222222222,
    "x2": 0.13203125,
    "y2": 0.15555555555555556
}