{
    "class": "knife",
    "x1": 0.48203125,
    "y1": 0.69375,
    "x2": 0.06875,
    "y2": 0.059722222222222225
}