{
    "class": "knife",
    "x1": 0.441796875,
    "y1": 0.6131944444444445,
    "x2": 0.06328125,
    "y2": 0.12083333333333333
}