{
    "class": "knife",
    "x1": 0.40625,
    "y1": 0.8583333333333333,
    "x2": 0.159375,
    "y2": 0.07777777777777778
}