{
    "class": "knife",
    "x1": 0.346875,
    "y1": 0.8020833333333334,
    "x2": 0.1328125,
    "y2": 0.06527777777777778
}