{
    "class": "knife",
    "x1": 0.348046875,
    "y1": 0.11944444444444445,
    "x2": 0.15859375,
    "y2": 0.1111111111111111
}