{
    "class": "knife",
    "x1": 0.665234375,
    "y1": 0.6118055555555556,
    "x2": 0.09453125,
    "y2": 0.15694444444444444
}