{
    "class": "knife",
    "x1": 0.2453125,
    "y1": 0.6673611111111111,
    "x2": 0.1515625,
    "y2": 0.16805555555555557
}