{
    "class": "knife",
    "x1": 0.49140625,
    "y1": 0.7097222222222223,
    "x2": 0.134375,
    "y2": 0.1388888888888889
}