{
    "class": "knife",
    "x1": 0.53515625,
    "y1": 0.58125,
    "x2": 0.06875,
    "y2": 0.0625
}