{
    "class": "knife",
    "x1": 0.23359375,
    "y1": 0.8597222222222223,
    "x2": 0.1,
    "y2": 0.18888888888888888
}