{
    "class": "knife",
    "x1": 0.25,
    "y1": 0.7125,
    "x2": 0.1546875,
    "y2": 0.1527777777777778
}