{
    "class": "knife",
    "x1": 0.29140625,
    "y1": 0.6847222222222222,
    "x2": 0.1265625,
    "y2": 0.06388888888888888
}