{
    "class": "knife",
    "x1": 0.414453125,
    "y1": 0.8541666666666666,
    "x2": 0.14140625,
    "y2": 0.08611111111111111
}