{
    "class": "knife",
    "x1": 0.4859375,
    "y1": 0.6902777777777778,
    "x2": 0.0796875,
    "y2": 0.05
}