{
    "class": "knife",
    "x1": 0.55859375,
    "y1": 0.4409722222222222,
    "x2": 0.05,
    "y2": 0.12361111111111112
}