{
    "class": "knife",
    "x1": 0.388671875,
    "y1": 0.7763888888888889,
    "x2": 0.10234375,
    "y2": 0.3638888888888889
}