{
    "class": "knife",
    "x1": 0.49453125,
    "y1": 0.4671875,
    "x2": 0.028645833333333332,
    "y2": 0.2046875
}