{
    "class": "knife",
    "x1": 0.36432291666666666,
    "y1": 0.566015625,
    "x2": 0.027604166666666666,
    "y2": 0.17109375
}