{
    "class": "knife",
    "x1": 0.4864583333333333,
    "y1": 0.4918032786885246,
    "x2": 0.0375,
    "y2": 0.1873536299765808
}