{
    "class": "knife",
    "x1": 0.5010416666666667,
    "y1": 0.2935206869633099,
    "x2": 0.08020833333333334,
    "y2": 0.02185792349726776
}