{
    "class": "knife",
    "x1": 0.47942708333333334,
    "y1": 0.7015625,
    "x2": 0.04010416666666667,
    "y2": 0.171875
}