{
    "class": "knife",
    "x1": 0.3260416666666667,
    "y1": 0.4785323965651834,
    "x2": 0.0375,
    "y2": 0.18266978922716628
}