{
    "class": "knife",
    "x1": 0.6510416666666666,
    "y1": 0.15456674473067916,
    "x2": 0.051041666666666666,
    "y2": 0.03278688524590164
}