{
    "class": "knife",
    "x1": 0.35078125,
    "y1": 0.6693989071038251,
    "x2": 0.16302083333333334,
    "y2": 0.1053864168618267
}