{
    "class": "knife",
    "x1": 0.4947916666666667,
    "y1": 0.58671875,
    "x2": 0.08645833333333333,
    "y2": 0.2140625
}