{
    "class": "knife",
    "x1": 0.5388020833333333,
    "y1": 0.497265625,
    "x2": 0.04739583333333333,
    "y2": 0.18671875
}