{
    "class": "knife",
    "x1": 0.33359375,
    "y1": 0.6139734582357533,
    "x2": 0.1171875,
    "y2": 0.04918032786885246
}