{
    "class": "knife",
    "x1": 0.5317708333333333,
    "y1": 0.4984375,
    "x2": 0.05416666666666667,
    "y2": 0.090625
}