{
    "class": "knife",
    "x1": 0.5026041666666666,
    "y1": 0.788056206088993,
    "x2": 0.07291666666666667,
    "y2": 0.04137392661982826
}