{
    "class": "knife",
    "x1": 0.5528645833333333,
    "y1": 0.5550351288056206,
    "x2": 0.07760416666666667,
    "y2": 0.07494145199063232
}