{
    "class": "knife",
    "x1": 0.46979166666666666,
    "y1": 0.7740046838407494,
    "x2": 0.036458333333333336,
    "y2": 0.12256049960967993
}