{
    "class": "knife",
    "x1": 0.34713541666666664,
    "y1": 0.637392661982826,
    "x2": 0.0453125,
    "y2": 0.07572209211553474
}