{
    "class": "knife",
    "x1": 0.6231770833333333,
    "y1": 0.558984375,
    "x2": 0.15364583333333334,
    "y2": 0.07578125
}