{
    "class": "knife",
    "x1": 0.5421875,
    "y1": 0.739656518345043,
    "x2": 0.08020833333333334,
    "y2": 0.07572209211553474
}