{
    "class": "knife",
    "x1": 0.36666666666666664,
    "y1": 0.6549570647931303,
    "x2": 0.06979166666666667,
    "y2": 0.2498048399687744
}