{
    "class": "knife",
    "x1": 0.5,
    "y1": 0.5128805620608899,
    "x2": 0.0625,
    "y2": 0.16705698672911787
}