{
    "class": "knife",
    "x1": 0.5083333333333333,
    "y1": 0.550390625,
    "x2": 0.10729166666666666,
    "y2": 0.08359375
}