{
    "class": "knife",
    "x1": 0.37083333333333335,
    "y1": 0.3871975019516003,
    "x2": 0.07395833333333333,
    "y2": 0.20608899297423888
}