{
    "class": "knife",
    "x1": 0.49583333333333335,
    "y1": 0.6042154566744731,
    "x2": 0.090625,
    "y2": 0.08118657298985169
}