{
    "class": "knife",
    "x1": 0.5796875,
    "y1": 0.5197247706422018,
    "x2": 0.0375,
    "y2": 0.14220183486238533
}