{
    "class": "knife",
    "x1": 0.74609375,
    "y1": 0.6527522935779817,
    "x2": 0.0734375,
    "y2": 0.11651376146788991
}