{
    "class": "knife",
    "x1": 0.61953125,
    "y1": 0.5807339449541284,
    "x2": 0.0828125,
    "y2": 0.05321100917431193
}