{
    "class": "knife",
    "x1": 0.5890625,
    "y1": 0.6119266055045871,
    "x2": 0.06354166666666666,
    "y2": 0.10825688073394496
}