{
    "class": "knife",
    "x1": 0.1546875,
    "y1": 0.7825688073394496,
    "x2": 0.08541666666666667,
    "y2": 0.08990825688073395
}