{
    "class": "knife",
    "x1": 0.5348958333333333,
    "y1": 0.6032110091743119,
    "x2": 0.059375,
    "y2": 0.10550458715596331
}