{
    "class": "knife",
    "x1": 0.17682291666666666,
    "y1": 0.7311926605504587,
    "x2": 0.09010416666666667,
    "y2": 0.05871559633027523
}