{
    "class": "knife",
    "x1": 0.73515625,
    "y1": 0.6188073394495412,
    "x2": 0.09427083333333333,
    "y2": 0.06513761467889909
}