{
    "class": "knife",
    "x1": 0.40234375,
    "y1": 0.5821100917431192,
    "x2": 0.0578125,
    "y2": 0.0798165137614679
}