{
    "class": "knife",
    "x1": 0.35208333333333336,
    "y1": 0.5307339449541284,
    "x2": 0.057291666666666664,
    "y2": 0.06697247706422019
}