{
    "class": "knife",
    "x1": 0.603125,
    "y1": 0.5720183486238533,
    "x2": 0.046875,
    "y2": 0.15321100917431194
}