{
    "class": "knife",
    "x1": 0.5161458333333333,
    "y1": 0.5642201834862385,
    "x2": 0.04583333333333333,
    "y2": 0.05321100917431193
}