{
    "class": "knife",
    "x1": 0.5424479166666667,
    "y1": 0.5201834862385321,
    "x2": 0.03802083333333333,
    "y2": 0.13394495412844037
}