{
    "class": "knife",
    "x1": 0.5510416666666667,
    "y1": 0.5545871559633028,
    "x2": 0.07083333333333333,
    "y2": 0.06513761467889909
}