{
    "class": "knife",
    "x1": 0.6822916666666666,
    "y1": 0.5655963302752294,
    "x2": 0.052083333333333336,
    "y2": 0.14770642201834863
}