{
    "class": "knife",
    "x1": 0.48723958333333334,
    "y1": 0.7674311926605505,
    "x2": 0.07864583333333333,
    "y2": 0.0834862385321101
}