{
    "class": "knife",
    "x1": 0.25,
    "y1": 0.5697247706422018,
    "x2": 0.06770833333333333,
    "y2": 0.06788990825688074
}