{
    "class": "knife",
    "x1": 0.21276041666666667,
    "y1": 0.6013761467889909,
    "x2": 0.0640625,
    "y2": 0.05779816513761468
}