{
    "class": "knife",
    "x1": 0.59375,
    "y1": 0.5743119266055046,
    "x2": 0.027083333333333334,
    "y2": 0.14678899082568808
}