{
    "class": "knife",
    "x1": 0.3770833333333333,
    "y1": 0.5490825688073394,
    "x2": 0.05,
    "y2": 0.0798165137614679
}