{
    "class": "knife",
    "x1": 0.24817708333333333,
    "y1": 0.5114678899082569,
    "x2": 0.0578125,
    "y2": 0.061467889908256884
}