{
    "class": "knife",
    "x1": 0.41119791666666666,
    "y1": 0.55,
    "x2": 0.0453125,
    "y2": 0.07064220183486239
}