{
    "class": "knife",
    "x1": 0.5231770833333333,
    "y1": 0.5720183486238533,
    "x2": 0.04739583333333333,
    "y2": 0.0834862385321101
}