{
    "class": "knife",
    "x1": 0.48776041666666664,
    "y1": 0.5495412844036697,
    "x2": 0.050520833333333334,
    "y2": 0.06788990825688074
}