{
    "class": "knife",
    "x1": 0.73515625,
    "y1": 0.6477064220183486,
    "x2": 0.07447916666666667,
    "y2": 0.06422018348623854
}