{
    "class": "knife",
    "x1": 0.7572916666666667,
    "y1": 0.6417431192660551,
    "x2": 0.065625,
    "y2": 0.13302752293577982
}