{
    "class": "knife",
    "x1": 0.6341145833333334,
    "y1": 0.5821100917431192,
    "x2": 0.0359375,
    "y2": 0.0853211009174312
}