{
    "class": "knife",
    "x1": 0.559375,
    "y1": 0.5738532110091743,
    "x2": 0.029166666666666667,
    "y2": 0.15137614678899083
}