{
    "class": "knife",
    "x1": 0.20026041666666666,
    "y1": 0.818348623853211,
    "x2": 0.03802083333333333,
    "y2": 0.12660550458715597
}