{
    "class": "knife",
    "x1": 0.40234375,
    "y1": 0.5472477064220184,
    "x2": 0.034895833333333334,
    "y2": 0.0834862385321101
}