{
    "class": "knife",
    "x1": 0.6942708333333333,
    "y1": 0.6233944954128441,
    "x2": 0.06875,
    "y2": 0.061467889908256884
}