{
    "class": "knife",
    "x1": 0.14713541666666666,
    "y1": 0.6325688073394495,
    "x2": 0.07552083333333333,
    "y2": 0.05412844036697248
}