{
    "class": "knife",
    "x1": 0.84765625,
    "y1": 0.6807339449541284,
    "x2": 0.07864583333333333,
    "y2": 0.06972477064220184
}