{
    "class": "knife",
    "x1": 0.6510416666666666,
    "y1": 0.6311926605504588,
    "x2": 0.06666666666666667,
    "y2": 0.07522935779816514
}