{
    "class": "knife",
    "x1": 0.62890625,
    "y1": 0.6270642201834863,
    "x2": 0.034895833333333334,
    "y2": 0.11651376146788991
}