{
    "class": "knife",
    "x1": 0.6309895833333333,
    "y1": 0.6013761467889909,
    "x2": 0.027604166666666666,
    "y2": 0.11834862385321102
}