{
    "class": "knife",
    "x1": 0.6963541666666667,
    "y1": 0.6178899082568807,
    "x2": 0.0625,
    "y2": 0.11100917431192661
}