{
    "class": "knife",
    "x1": 0.5955729166666667,
    "y1": 0.5564220183486238,
    "x2": 0.058854166666666666,
    "y2": 0.11467889908256881
}