{
    "class": "knife",
    "x1": 0.6893229166666667,
    "y1": 0.5977064220183487,
    "x2": 0.0609375,
    "y2": 0.11467889908256881
}