{
    "class": "knife",
    "x1": 0.6778645833333333,
    "y1": 0.5270642201834862,
    "x2": 0.0546875,
    "y2": 0.12018348623853212
}