{
    "class": "knife",
    "x1": 0.7510416666666667,
    "y1": 0.5977064220183487,
    "x2": 0.065625,
    "y2": 0.13119266055045872
}