{
    "class": "knife",
    "x1": 0.653125,
    "y1": 0.5972477064220183,
    "x2": 0.0375,
    "y2": 0.08990825688073395
}