{
    "class": "knife",
    "x1": 0.6697916666666667,
    "y1": 0.5692660550458716,
    "x2": 0.022916666666666665,
    "y2": 0.13486238532110092
}