{
    "class": "knife",
    "x1": 0.5283854166666667,
    "y1": 0.5637614678899082,
    "x2": 0.0515625,
    "y2": 0.1
}