{
    "class": "knife",
    "x1": 0.6932291666666667,
    "y1": 0.6243119266055046,
    "x2": 0.057291666666666664,
    "y2": 0.081651376146789
}