{
    "class": "knife",
    "x1": 0.6580729166666667,
    "y1": 0.5692660550458716,
    "x2": 0.025520833333333333,
    "y2": 0.13486238532110092
}