{
    "class": "knife",
    "x1": 0.6760416666666667,
    "y1": 0.5839449541284404,
    "x2": 0.036458333333333336,
    "y2": 0.12385321100917432
}