{
    "class": "knife",
    "x1": 0.5036458333333333,
    "y1": 0.6527522935779817,
    "x2": 0.06875,
    "y2": 0.0798165137614679
}