{
    "class": "knife",
    "x1": 0.6895833333333333,
    "y1": 0.6119266055045871,
    "x2": 0.0375,
    "y2": 0.09908256880733946
}