{
    "class": "knife",
    "x1": 0.68125,
    "y1": 0.5770642201834862,
    "x2": 0.05520833333333333,
    "y2": 0.11376146788990826
}