{
    "class": "knife",
    "x1": 0.7026041666666667,
    "y1": 0.6261467889908257,
    "x2": 0.058333333333333334,
    "y2": 0.0908256880733945
}