{
    "class": "knife",
    "x1": 0.3443396226415094,
    "y1": 0.5145833333333333,
    "x2": 0.24842767295597484,
    "y2": 0.7458333333333333
}