{
    "class": "knife",
    "x1": 0.29946761313220943,
    "y1": 0.3726851851851852,
    "x2": 0.5971606033717834,
    "y2": 0.4243827160493827
}