{
    "class": "knife",
    "x1": 0.300390625,
    "y1": 0.4618055555555556,
    "x2": 0.34765625,
    "y2": 0.5152777777777777
}