{
    "class": "knife",
    "x1": 0.103515625,
    "y1": 0.8555555555555555,
    "x2": 0.16171875,
    "y2": 0.28888888888888886
}