{
    "class": "knife",
    "x1": 0.49453125,
    "y1": 0.09305555555555556,
    "x2": 0.115625,
    "y2": 0.1111111111111111
}