{
    "class": "knife",
    "x1": 0.139453125,
    "y1": 0.8694444444444445,
    "x2": 0.12421875,
    "y2": 0.2611111111111111
}