{
    "class": "knife",
    "x1": 0.6078125,
    "y1": 0.7409722222222223,
    "x2": 0.0625,
    "y2": 0.2791666666666667
}