{
    "class": "knife",
    "x1": 0.2609375,
    "y1": 0.7254196642685852,
    "x2": 0.4625,
    "y2": 0.49640287769784175
}