{
    "class": "knife",
    "x1": 0.575,
    "y1": 0.4888888888888889,
    "x2": 0.25625,
    "y2": 0.14722222222222223
}