{
    "class": "knife",
    "x1": 0.237,
    "y1": 0.7479035639412998,
    "x2": 0.432,
    "y2": 0.4832285115303983
}