{
    "class": "knife",
    "x1": 0.4078260869565217,
    "y1": 0.3884976525821596,
    "x2": 0.5547826086956522,
    "y2": 0.57981220657277
}