{
    "class": "knife",
    "x1": 0.24765625,
    "y1": 0.5083333333333333,
    "x2": 0.096875,
    "y2": 0.3055555555555556
}