{
    "class": "knife",
    "x1": 0.55546875,
    "y1": 0.5326388888888889,
    "x2": 0.1234375,
    "y2": 0.5125
}