{
    "class": "knife",
    "x1": 0.403515625,
    "y1": 0.6729166666666667,
    "x2": 0.09609375,
    "y2": 0.15694444444444444
}