{
    "class": "knife",
    "x1": 0.33740234375,
    "y1": 0.771484375,
    "x2": 0.3857421875,
    "y2": 0.35546875
}