{
    "class": "knife",
    "x1": 0.57421875,
    "y1": 0.5090277777777777,
    "x2": 0.45,
    "y2": 0.2125
}