{
    "class": "knife",
    "x1": 0.3877551020408163,
    "y1": 0.4879807692307692,
    "x2": 0.7278911564625851,
    "y2": 0.21634615384615385
}