{
    "class": "knife",
    "x1": 0.28875,
    "y1": 0.6587301587301587,
    "x2": 0.4875,
    "y2": 0.6253968253968254
}