{
    "class": "knife",
    "x1": 0.5191846522781774,
    "y1": 0.535593220338983,
    "x2": 0.17985611510791366,
    "y2": 0.9288135593220339
}