{
    "class": "knife",
    "x1": 0.215234375,
    "y1": 0.8965277777777778,
    "x2": 0.11171875,
    "y2": 0.20694444444444443
}