{
    "class": "knife",
    "x1": 0.414453125,
    "y1": 0.8208333333333333,
    "x2": 0.14453125,
    "y2": 0.19444444444444445
}