{
    "class": "knife",
    "x1": 0.305859375,
    "y1": 0.8472222222222222,
    "x2": 0.08984375,
    "y2": 0.275
}