{
    "class": "knife",
    "x1": 0.2777777777777778,
    "y1": 0.7094972067039106,
    "x2": 0.4088888888888889,
    "y2": 0.24581005586592178
}