{
    "class": "knife",
    "x1": 0.71728515625,
    "y1": 0.4391163793103448,
    "x2": 0.5458984375,
    "y2": 0.6239224137931034
}