{
    "class": "knife",
    "x1": 0.293359375,
    "y1": 0.7347222222222223,
    "x2": 0.18203125,
    "y2": 0.15833333333333333
}