{
    "class": "knife",
    "x1": 0.5225,
    "y1": 0.5243445692883895,
    "x2": 0.575,
    "y2": 0.8014981273408239
}