{
    "class": "knife",
    "x1": 0.14453125,
    "y1": 0.8847222222222222,
    "x2": 0.10625,
    "y2": 0.23055555555555557
}