{
    "class": "knife",
    "x1": 0.2909090909090909,
    "y1": 0.7078488372093024,
    "x2": 0.35844155844155845,
    "y2": 0.5726744186046512
}