{
    "class": "knife",
    "x1": 0.28203125,
    "y1": 0.55,
    "x2": 0.11875,
    "y2": 0.2916666666666667
}