{
    "class": "knife",
    "x1": 0.5002637130801688,
    "y1": 0.5684357541899442,
    "x2": 0.9994725738396625,
    "y2": 0.8631284916201117
}