{
    "class": "knife",
    "x1": 0.2628424657534247,
    "y1": 0.5453539823008849,
    "x2": 0.14554794520547945,
    "y2": 0.7898230088495575
}