{
    "class": "knife",
    "x1": 0.715625,
    "y1": 0.5699481865284974,
    "x2": 0.56875,
    "y2": 0.7841105354058722
}