{
    "class": "knife",
    "x1": 0.39653846153846156,
    "y1": 0.4798387096774194,
    "x2": 0.6576923076923077,
    "y2": 0.2868663594470046
}