{
    "class": "knife",
    "x1": 0.409765625,
    "y1": 0.3715277777777778,
    "x2": 0.06328125,
    "y2": 0.3013888888888889
}