{
    "class": "knife",
    "x1": 0.40294627383015597,
    "y1": 0.6015037593984962,
    "x2": 0.3310225303292894,
    "y2": 0.7468671679197995
}