{
    "class": "knife",
    "x1": 0.28370786516853935,
    "y1": 0.299,
    "x2": 0.11235955056179775,
    "y2": 0.162
}