{
    "class": "knife",
    "x1": 0.312109375,
    "y1": 0.47847222222222224,
    "x2": 0.47109375,
    "y2": 0.4486111111111111
}