{
    "class": "knife",
    "x1": 0.4375,
    "y1": 0.825,
    "x2": 0.1671875,
    "y2": 0.08611111111111111
}