{
    "class": "knife",
    "x1": 0.26640625,
    "y1": 0.5534722222222223,
    "x2": 0.0875,
    "y2": 0.2847222222222222
}