{
    "class": "knife",
    "x1": 0.42423076923076924,
    "y1": 0.6411830357142857,
    "x2": 0.7961538461538461,
    "y2": 0.6238839285714286
}