{
    "class": "knife",
    "x1": 0.233203125,
    "y1": 0.8930555555555556,
    "x2": 0.09921875,
    "y2": 0.21388888888888888
}