{
    "class": "knife",
    "x1": 0.516796875,
    "y1": 0.5076388888888889,
    "x2": 0.06484375,
    "y2": 0.21805555555555556
}