{
    "class": "knife",
    "x1": 0.401953125,
    "y1": 0.7736111111111111,
    "x2": 0.20078125,
    "y2": 0.14722222222222223
}