{
    "class": "knife",
    "x1": 0.45392022008253097,
    "y1": 0.5405940594059406,
    "x2": 0.4676753782668501,
    "y2": 0.9188118811881189
}