{
    "class": "knife",
    "x1": 0.544140625,
    "y1": 0.5243055555555556,
    "x2": 0.14296875,
    "y2": 0.5208333333333334
}