{
    "class": "knife",
    "x1": 0.7701080432172869,
    "y1": 0.391304347826087,
    "x2": 0.11644657863145258,
    "y2": 0.7637051039697542
}