{
    "class": "knife",
    "x1": 0.5777777777777777,
    "y1": 0.5589225589225589,
    "x2": 0.27555555555555555,
    "y2": 0.8484848484848485
}