{
    "class": "knife",
    "x1": 0.539453125,
    "y1": 0.675,
    "x2": 0.16328125,
    "y2": 0.16944444444444445
}