{
    "class": "knife",
    "x1": 0.198828125,
    "y1": 0.6381944444444444,
    "x2": 0.10859375,
    "y2": 0.2152777777777778
}