{
    "class": "knife",
    "x1": 0.4870229007633588,
    "y1": 0.5559360730593608,
    "x2": 0.8183206106870229,
    "y2": 0.6187214611872146
}