{
    "class": "knife",
    "x1": 0.154296875,
    "y1": 0.8583333333333333,
    "x2": 0.09296875,
    "y2": 0.2833333333333333
}