{
    "class": "knife",
    "x1": 0.59296875,
    "y1": 0.41180555555555554,
    "x2": 0.3578125,
    "y2": 0.4486111111111111
}