{
    "class": "knife",
    "x1": 0.221875,
    "y1": 0.9,
    "x2": 0.0953125,
    "y2": 0.2
}