{
    "class": "knife",
    "x1": 0.46015625,
    "y1": 0.3645833333333333,
    "x2": 0.1609375,
    "y2": 0.16527777777777777
}