{
    "class": "knife",
    "x1": 0.43125,
    "y1": 0.4673611111111111,
    "x2": 0.0921875,
    "y2": 0.2013888888888889
}