{
    "class": "knife",
    "x1": 0.2477777777777778,
    "y1": 0.4498327759197324,
    "x2": 0.3711111111111111,
    "y2": 0.68561872909699
}