{
    "class": "knife",
    "x1": 0.4942396313364055,
    "y1": 0.40576923076923077,
    "x2": 0.11981566820276497,
    "y2": 0.21
}