{
    "class": "knife",
    "x1": 0.775,
    "y1": 0.5416666666666666,
    "x2": 0.065625,
    "y2": 0.3138888888888889
}