{
    "class": "knife",
    "x1": 0.7552836484983315,
    "y1": 0.33,
    "x2": 0.37374860956618466,
    "y2": 0.6215384615384615
}