{
    "class": "knife",
    "x1": 0.7121428571428572,
    "y1": 0.657725321888412,
    "x2": 0.5157142857142857,
    "y2": 0.6158798283261803
}