{
    "class": "knife",
    "x1": 0.21875,
    "y1": 0.6792452830188679,
    "x2": 0.435,
    "y2": 0.6415094339622641
}