{
    "class": "knife",
    "x1": 0.596875,
    "y1": 0.6590277777777778,
    "x2": 0.684375,
    "y2": 0.39305555555555555
}