{
    "class": "knife",
    "x1": 0.4958813838550247,
    "y1": 0.4409722222222222,
    "x2": 0.9901153212520593,
    "y2": 0.7125
}