{
    "class": "knife",
    "x1": 0.458,
    "y1": 0.3800599700149925,
    "x2": 0.344,
    "y2": 0.6341829085457271
}