{
    "class": "knife",
    "x1": 0.6610169491525424,
    "y1": 0.6349206349206349,
    "x2": 0.3983050847457627,
    "y2": 0.6243386243386243
}