{
    "class": "knife",
    "x1": 0.14375,
    "y1": 0.24722222222222223,
    "x2": 0.1,
    "y2": 0.3055555555555556
}