{
    "class": "knife",
    "x1": 0.196875,
    "y1": 0.4444444444444444,
    "x2": 0.103125,
    "y2": 0.18055555555555555
}