{
    "class": "knife",
    "x1": 0.29130434782608694,
    "y1": 0.48458574181117536,
    "x2": 0.3120772946859903,
    "y2": 0.5761078998073218
}