{
    "class": "knife",
    "x1": 0.3322475570032573,
    "y1": 0.3425,
    "x2": 0.6156351791530945,
    "y2": 0.6
}