{
    "class": "knife",
    "x1": 0.49137931034482757,
    "y1": 0.38439306358381503,
    "x2": 0.39080459770114945,
    "y2": 0.6069364161849711
}