{
    "class": "knife",
    "x1": 0.35875,
    "y1": 0.25773195876288657,
    "x2": 0.3175,
    "y2": 0.5085910652920962
}