{
    "class": "knife",
    "x1": 0.62421875,
    "y1": 0.4423611111111111,
    "x2": 0.234375,
    "y2": 0.24305555555555555
}