{
    "class": "knife",
    "x1": 0.6359375,
    "y1": 0.40555555555555556,
    "x2": 0.0984375,
    "y2": 0.3611111111111111
}