{
    "class": "knife",
    "x1": 0.56015625,
    "y1": 0.4173611111111111,
    "x2": 0.175,
    "y2": 0.09027777777777778
}