{
    "class": "knife",
    "x1": 0.60078125,
    "y1": 0.6138888888888889,
    "x2": 0.1921875,
    "y2": 0.19166666666666668
}