{
    "class": "knife",
    "x1": 0.39140625,
    "y1": 0.8027777777777778,
    "x2": 0.0828125,
    "y2": 0.2388888888888889
}