{
    "class": "knife",
    "x1": 0.51796875,
    "y1": 0.5263888888888889,
    "x2": 0.1015625,
    "y2": 0.14166666666666666
}