{
    "class": "knife",
    "x1": 0.25601374570446733,
    "y1": 0.4665924276169265,
    "x2": 0.41580756013745707,
    "y2": 0.29175946547884185
}