{
    "class": "knife",
    "x1": 0.6577777777777778,
    "y1": 0.57,
    "x2": 0.5866666666666667,
    "y2": 0.34
}