{
    "class": "knife",
    "x1": 0.61171875,
    "y1": 0.7708333333333334,
    "x2": 0.1375,
    "y2": 0.16666666666666666
}