{
    "class": "knife",
    "x1": 0.537109375,
    "y1": 0.4666666666666667,
    "x2": 0.13203125,
    "y2": 0.42777777777777776
}