{
    "class": "knife",
    "x1": 0.29224537037037035,
    "y1": 0.675,
    "x2": 0.5196759259259259,
    "y2": 0.553448275862069
}