{
    "class": "knife",
    "x1": 0.127734375,
    "y1": 0.8569444444444444,
    "x2": 0.14296875,
    "y2": 0.2222222222222222
}