{
    "class": "knife",
    "x1": 0.60234375,
    "y1": 0.5111111111111111,
    "x2": 0.0984375,
    "y2": 0.15833333333333333
}