{
    "class": "knife",
    "x1": 0.40234375,
    "y1": 0.6270833333333333,
    "x2": 0.1125,
    "y2": 0.3375
}