{
    "class": "knife",
    "x1": 0.2171875,
    "y1": 0.3375,
    "x2": 0.3015625,
    "y2": 0.5277777777777778
}