{
    "class": "knife",
    "x1": 0.6796153846153846,
    "y1": 0.4295612009237875,
    "x2": 0.3638461538461538,
    "y2": 0.48729792147806006
}