{
    "class": "knife",
    "x1": 0.3835125448028674,
    "y1": 0.49206349206349204,
    "x2": 0.7634408602150538,
    "y2": 0.5873015873015873
}