{
    "class": "knife",
    "x1": 0.5470588235294118,
    "y1": 0.4411764705882353,
    "x2": 0.29411764705882354,
    "y2": 0.44537815126050423
}