{
    "class": "knife",
    "x1": 0.2328125,
    "y1": 0.7347222222222223,
    "x2": 0.1140625,
    "y2": 0.13333333333333333
}