{
    "class": "knife",
    "x1": 0.609765625,
    "y1": 0.45625,
    "x2": 0.22890625,
    "y2": 0.2625
}