{
    "class": "knife",
    "x1": 0.411328125,
    "y1": 0.5402777777777777,
    "x2": 0.14921875,
    "y2": 0.37222222222222223
}