{
    "class": "knife",
    "x1": 0.497265625,
    "y1": 0.6659722222222222,
    "x2": 0.06484375,
    "y2": 0.1736111111111111
}