{
    "class": "knife",
    "x1": 0.702359068627451,
    "y1": 0.3090277777777778,
    "x2": 0.47824754901960786,
    "y2": 0.3533496732026144
}