{
    "class": "knife",
    "x1": 0.5949119373776908,
    "y1": 0.46864686468646866,
    "x2": 0.8101761252446184,
    "y2": 0.693069306930693
}