{
    "class": "knife",
    "x1": 0.25583333333333336,
    "y1": 0.7585812356979404,
    "x2": 0.45166666666666666,
    "y2": 0.45537757437070936
}