{
    "class": "knife",
    "x1": 0.28671875,
    "y1": 0.6604166666666667,
    "x2": 0.1046875,
    "y2": 0.24027777777777778
}