{
    "class": "knife",
    "x1": 0.5214552238805971,
    "y1": 0.44884910485933505,
    "x2": 0.6473880597014925,
    "y2": 0.6010230179028133
}