{
    "class": "knife",
    "x1": 0.6593406593406593,
    "y1": 0.38070175438596493,
    "x2": 0.6538461538461539,
    "y2": 0.656140350877193
}