{
    "class": "knife",
    "x1": 0.35423076923076924,
    "y1": 0.5588235294117647,
    "x2": 0.6038461538461538,
    "y2": 0.8049959709911362
}