{
    "class": "knife",
    "x1": 0.380078125,
    "y1": 0.49930555555555556,
    "x2": 0.17265625,
    "y2": 0.1597222222222222
}