{
    "class": "knife",
    "x1": 0.257,
    "y1": 0.691904047976012,
    "x2": 0.47,
    "y2": 0.5802098950524738
}