{
    "class": "knife",
    "x1": 0.349609375,
    "y1": 0.6819444444444445,
    "x2": 0.09921875,
    "y2": 0.17777777777777778
}