{
    "class": "knife",
    "x1": 0.3703125,
    "y1": 0.7,
    "x2": 0.06875,
    "y2": 0.2111111111111111
}