{
    "class": "knife",
    "x1": 0.3795060080106809,
    "y1": 0.34063745019920316,
    "x2": 0.5520694259012016,
    "y2": 0.4940239043824701
}