{
    "class": "knife",
    "x1": 0.440625,
    "y1": 0.6888888888888889,
    "x2": 0.16875,
    "y2": 0.6222222222222222
}