{
    "class": "knife",
    "x1": 0.58828125,
    "y1": 0.45625,
    "x2": 0.090625,
    "y2": 0.23472222222222222
}