{
    "class": "knife",
    "x1": 0.3511111111111111,
    "y1": 0.5644028103044496,
    "x2": 0.5244444444444445,
    "y2": 0.6416861826697893
}