{
    "class": "knife",
    "x1": 0.192578125,
    "y1": 0.66875,
    "x2": 0.12734375,
    "y2": 0.2763888888888889
}