{
    "class": "knife",
    "x1": 0.6083333333333333,
    "y1": 0.44583333333333336,
    "x2": 0.6166666666666667,
    "y2": 0.7638888888888888
}