{
    "class": "knife",
    "x1": 0.4066666666666667,
    "y1": 0.5903010033444817,
    "x2": 0.5955555555555555,
    "y2": 0.5852842809364549
}