{
    "class": "knife",
    "x1": 0.5609375,
    "y1": 0.5638888888888889,
    "x2": 0.0765625,
    "y2": 0.24444444444444444
}