{
    "class": "knife",
    "x1": 0.5361111111111111,
    "y1": 0.5430327868852459,
    "x2": 0.46111111111111114,
    "y2": 0.4385245901639344
}