{
    "class": "knife",
    "x1": 0.466796875,
    "y1": 0.7784722222222222,
    "x2": 0.17734375,
    "y2": 0.19305555555555556
}