{
    "class": "knife",
    "x1": 0.45234375,
    "y1": 0.7020833333333333,
    "x2": 0.0859375,
    "y2": 0.12361111111111112
}