{
    "class": "knife",
    "x1": 0.2453125,
    "y1": 0.6743055555555556,
    "x2": 0.1359375,
    "y2": 0.10416666666666667
}