{
    "class": "knife",
    "x1": 0.65625,
    "y1": 0.27847222222222223,
    "x2": 0.1046875,
    "y2": 0.09861111111111111
}