{
    "class": "knife",
    "x1": 0.568359375,
    "y1": 0.7583333333333333,
    "x2": 0.11171875,
    "y2": 0.05555555555555555
}