{
    "class": "knife",
    "x1": 0.34921875,
    "y1": 0.8465277777777778,
    "x2": 0.2765625,
    "y2": 0.1875
}