{
    "class": "knife",
    "x1": 0.75390625,
    "y1": 0.6229166666666667,
    "x2": 0.078125,
    "y2": 0.2625
}