{
    "class": "knife",
    "x1": 0.4328125,
    "y1": 0.7263888888888889,
    "x2": 0.14375,
    "y2": 0.125
}