{
    "class": "knife",
    "x1": 0.8953125,
    "y1": 0.76875,
    "x2": 0.08125,
    "y2": 0.19027777777777777
}