{
    "class": "knife",
    "x1": 0.3828125,
    "y1": 0.7534722222222222,
    "x2": 0.121875,
    "y2": 0.0763888888888889
}