{
    "class": "knife",
    "x1": 0.485546875,
    "y1": 0.06944444444444445,
    "x2": 0.10546875,
    "y2": 0.10555555555555556
}