{
    "class": "knife",
    "x1": 0.257421875,
    "y1": 0.8326388888888889,
    "x2": 0.11953125,
    "y2": 0.2013888888888889
}