{
    "class": "knife",
    "x1": 0.487109375,
    "y1": 0.6006944444444444,
    "x2": 0.11640625,
    "y2": 0.09861111111111111
}