{
    "class": "knife",
    "x1": 0.51953125,
    "y1": 0.5041666666666667,
    "x2": 0.04375,
    "y2": 0.19444444444444445
}