{
    "class": "knife",
    "x1": 0.40703125,
    "y1": 0.4513888888888889,
    "x2": 0.140625,
    "y2": 0.1638888888888889
}