{
    "class": "knife",
    "x1": 0.753515625,
    "y1": 0.4534722222222222,
    "x2": 0.13203125,
    "y2": 0.19027777777777777
}