{
    "class": "knife",
    "x1": 0.75859375,
    "y1": 0.5631944444444444,
    "x2": 0.1125,
    "y2": 0.15416666666666667
}