{
    "class": "knife",
    "x1": 0.63203125,
    "y1": 0.2590277777777778,
    "x2": 0.1609375,
    "y2": 0.12083333333333333
}