{
    "class": "knife",
    "x1": 0.713671875,
    "y1": 0.4041666666666667,
    "x2": 0.13359375,
    "y2": 0.17777777777777778
}