{
    "class": "knife",
    "x1": 0.7609375,
    "y1": 0.51875,
    "x2": 0.1234375,
    "y2": 0.3736111111111111
}