{
    "class": "knife",
    "x1": 0.1703125,
    "y1": 0.5881944444444445,
    "x2": 0.1234375,
    "y2": 0.12916666666666668
}