{
    "class": "knife",
    "x1": 0.810546875,
    "y1": 0.8993055555555556,
    "x2": 0.10703125,
    "y2": 0.08194444444444444
}