{
    "class": "knife",
    "x1": 0.81875,
    "y1": 0.9173611111111111,
    "x2": 0.10625,
    "y2": 0.07361111111111111
}