{
    "class": "knife",
    "x1": 0.407421875,
    "y1": 0.7430555555555556,
    "x2": 0.15859375,
    "y2": 0.12222222222222222
}