{
    "class": "knife",
    "x1": 0.441015625,
    "y1": 0.7152777777777778,
    "x2": 0.14453125,
    "y2": 0.12222222222222222
}