{
    "class": "knife",
    "x1": 0.312109375,
    "y1": 0.22083333333333333,
    "x2": 0.09453125,
    "y2": 0.2611111111111111
}