{
    "class": "knife",
    "x1": 0.401171875,
    "y1": 0.4444444444444444,
    "x2": 0.07578125,
    "y2": 0.18055555555555555
}