{
    "class": "knife",
    "x1": 0.458203125,
    "y1": 0.6743055555555556,
    "x2": 0.12109375,
    "y2": 0.09861111111111111
}