{
    "class": "knife",
    "x1": 0.145703125,
    "y1": 0.8902777777777777,
    "x2": 0.11640625,
    "y2": 0.16111111111111112
}