{
    "class": "knife",
    "x1": 0.448046875,
    "y1": 0.7270833333333333,
    "x2": 0.14140625,
    "y2": 0.10694444444444444
}