{
    "class": "knife",
    "x1": 0.23828125,
    "y1": 0.6722222222222223,
    "x2": 0.134375,
    "y2": 0.10555555555555556
}