{
    "class": "knife",
    "x1": 0.328515625,
    "y1": 0.7826388888888889,
    "x2": 0.16171875,
    "y2": 0.09583333333333334
}