{
    "class": "knife",
    "x1": 0.070703125,
    "y1": 0.5541666666666667,
    "x2": 0.04921875,
    "y2": 0.23055555555555557
}