{
    "class": "knife",
    "x1": 0.761328125,
    "y1": 0.5319444444444444,
    "x2": 0.04453125,
    "y2": 0.26666666666666666
}