{
    "class": "knife",
    "x1": 0.56640625,
    "y1": 0.64375,
    "x2": 0.11875,
    "y2": 0.13472222222222222
}