{
    "class": "knife",
    "x1": 0.48046875,
    "y1": 0.5979166666666667,
    "x2": 0.115625,
    "y2": 0.09861111111111111
}