{
    "class": "knife",
    "x1": 0.426953125,
    "y1": 0.80625,
    "x2": 0.14453125,
    "y2": 0.09861111111111111
}