{
    "class": "knife",
    "x1": 0.5140625,
    "y1": 0.5569444444444445,
    "x2": 0.103125,
    "y2": 0.10555555555555556
}