{
    "class": "knife",
    "x1": 0.219140625,
    "y1": 0.48819444444444443,
    "x2": 0.04296875,
    "y2": 0.1736111111111111
}