{
    "class": "knife",
    "x1": 0.264453125,
    "y1": 0.7472222222222222,
    "x2": 0.13984375,
    "y2": 0.09444444444444444
}