{
    "class": "knife",
    "x1": 0.67578125,
    "y1": 0.3076388888888889,
    "x2": 0.1015625,
    "y2": 0.11805555555555555
}