{
    "class": "knife",
    "x1": 0.681640625,
    "y1": 0.6388888888888888,
    "x2": 0.14765625,
    "y2": 0.12222222222222222
}