{
    "class": "knife",
    "x1": 0.733203125,
    "y1": 0.3902777777777778,
    "x2": 0.09140625,
    "y2": 0.16111111111111112
}