{
    "class": "knife",
    "x1": 0.43208955223880596,
    "y1": 0.6331096196868009,
    "x2": 0.4134328358208955,
    "y2": 0.7069351230425056
}