{
    "class": "knife",
    "x1": 0.505625,
    "y1": 0.5459662288930581,
    "x2": 0.49625,
    "y2": 0.5628517823639775
}