{
    "class": "knife",
    "x1": 0.3325,
    "y1": 0.5539730134932533,
    "x2": 0.289,
    "y2": 0.664167916041979
}