{
    "class": "knife",
    "x1": 0.4975,
    "y1": 0.5084427767354597,
    "x2": 0.4825,
    "y2": 0.6716697936210131
}