{
    "class": "pistol",
    "x1": 0.5413533834586466,
    "y1": 0.41005291005291006,
    "x2": 0.5639097744360902,
    "y2": 0.2804232804232804
}