{
    "class": "pistol",
    "x1": 0.488671875,
    "y1": 0.2520833333333333,
    "x2": 0.07109375,
    "y2": 0.11527777777777778
}