{
    "class": "pistol",
    "x1": 0.449,
    "y1": 0.5645645645645646,
    "x2": 0.786,
    "y2": 0.6666666666666666
}