{
    "class": "pistol",
    "x1": 0.3172043010752688,
    "y1": 0.626099706744868,
    "x2": 0.20234604105571846,
    "y2": 0.6304985337243402
}