{
    "class": "pistol",
    "x1": 0.4901234567901235,
    "y1": 0.48518518518518516,
    "x2": 0.10987654320987654,
    "y2": 0.20185185185185187
}