{
    "class": "pistol",
    "x1": 0.26328125,
    "y1": 0.37919463087248323,
    "x2": 0.4140625,
    "y2": 0.436241610738255
}