{
    "class": "pistol",
    "x1": 0.2511111111111111,
    "y1": 0.35,
    "x2": 0.38222222222222224,
    "y2": 0.5333333333333333
}