{
    "class": "pistol",
    "x1": 0.5427083333333333,
    "y1": 0.5437158469945356,
    "x2": 0.26458333333333334,
    "y2": 0.31772053083528495
}