{
    "class": "pistol",
    "x1": 0.5072886297376094,
    "y1": 0.5295566502463054,
    "x2": 0.892128279883382,
    "y2": 0.7832512315270936
}