{
    "class": "pistol",
    "x1": 0.4130859375,
    "y1": 0.38720703125,
    "x2": 0.82421875,
    "y2": 0.3525390625
}