{
    "class": "pistol",
    "x1": 0.48148148148148145,
    "y1": 0.4752906976744186,
    "x2": 0.8671023965141612,
    "y2": 0.7354651162790697
}