{
    "class": "pistol",
    "x1": 0.695054945054945,
    "y1": 0.7206959706959707,
    "x2": 0.44505494505494503,
    "y2": 0.39377289377289376
}