{
    "class": "pistol",
    "x1": 0.616,
    "y1": 0.38823529411764707,
    "x2": 0.528,
    "y2": 0.35294117647058826
}