{
    "class": "pistol",
    "x1": 0.5307291666666667,
    "y1": 0.54609375,
    "x2": 0.703125,
    "y2": 0.7421875
}