{
    "class": "pistol",
    "x1": 0.5,
    "y1": 0.5,
    "x2": 0.8745762711864407,
    "y2": 0.8480392156862745
}