{
    "class": "pistol",
    "x1": 0.44125,
    "y1": 0.4906716417910448,
    "x2": 0.5175,
    "y2": 0.5410447761194029
}