{
    "class": "pistol",
    "x1": 0.641,
    "y1": 0.5093666369313113,
    "x2": 0.31933333333333336,
    "y2": 0.47992863514719003
}