{
    "class": "pistol",
    "x1": 0.5833333333333334,
    "y1": 0.4144542772861357,
    "x2": 0.7,
    "y2": 0.6991150442477876
}