{
    "class": "pistol",
    "x1": 0.5411458333333333,
    "y1": 0.4078703703703704,
    "x2": 0.184375,
    "y2": 0.2898148148148148
}