{
    "class": "pistol",
    "x1": 0.5897435897435898,
    "y1": 0.3945945945945946,
    "x2": 0.6886446886446886,
    "y2": 0.7027027027027027
}