{
    "class": "pistol",
    "x1": 0.679324894514768,
    "y1": 0.41805555555555557,
    "x2": 0.4008438818565401,
    "y2": 0.26944444444444443
}