{
    "class": "pistol",
    "x1": 0.520679012345679,
    "y1": 0.4638888888888889,
    "x2": 0.15,
    "y2": 0.1925925925925926
}