{
    "class": "pistol",
    "x1": 0.50625,
    "y1": 0.49166666666666664,
    "x2": 0.925,
    "y2": 0.9333333333333333
}