{
    "class": "pistol",
    "x1": 0.47682291666666665,
    "y1": 0.6615925058548009,
    "x2": 0.19427083333333334,
    "y2": 0.2302888368462139
}