{
    "class": "pistol",
    "x1": 0.4971774193548387,
    "y1": 0.489375,
    "x2": 0.9588709677419355,
    "y2": 0.94125
}