{
    "class": "pistol",
    "x1": 0.55,
    "y1": 0.44144144144144143,
    "x2": 0.492,
    "y2": 0.6426426426426426
}