{
    "class": "pistol",
    "x1": 0.490625,
    "y1": 0.5319444444444444,
    "x2": 0.1,
    "y2": 0.2953703703703704
}