{
    "class": "pistol",
    "x1": 0.401,
    "y1": 0.6821428571428572,
    "x2": 0.562,
    "y2": 0.48333333333333334
}