{
    "class": "pistol",
    "x1": 0.423,
    "y1": 0.5573333333333333,
    "x2": 0.646,
    "y2": 0.7413333333333333
}