{
    "class": "pistol",
    "x1": 0.479,
    "y1": 0.49866666666666665,
    "x2": 0.83,
    "y2": 0.8693333333333333
}