{
    "class": "pistol",
    "x1": 0.6125,
    "y1": 0.6549295774647887,
    "x2": 0.646875,
    "y2": 0.596244131455399
}