{
    "class": "pistol",
    "x1": 0.47890625,
    "y1": 0.7787037037037037,
    "x2": 0.2140625,
    "y2": 0.25925925925925924
}