{
    "class": "pistol",
    "x1": 0.3728395061728395,
    "y1": 0.35462962962962963,
    "x2": 0.08518518518518518,
    "y2": 0.20185185185185187
}