{
    "class": "pistol",
    "x1": 0.4974958263772955,
    "y1": 0.502770083102493,
    "x2": 0.8948247078464107,
    "y2": 0.9944598337950139
}