{
    "class": "pistol",
    "x1": 0.5557291666666667,
    "y1": 0.6481481481481481,
    "x2": 0.19166666666666668,
    "y2": 0.30925925925925923
}