{
    "class": "pistol",
    "x1": 0.4826254826254826,
    "y1": 0.4896907216494845,
    "x2": 0.918918918918919,
    "y2": 0.8247422680412371
}