{
    "class": "pistol",
    "x1": 0.5750605326876513,
    "y1": 0.5709219858156028,
    "x2": 0.6658595641646489,
    "y2": 0.7163120567375887
}