{
    "class": "pistol",
    "x1": 0.496875,
    "y1": 0.48333333333333334,
    "x2": 0.96875,
    "y2": 0.95
}