{
    "class": "pistol",
    "x1": 0.5879781420765028,
    "y1": 0.7104377104377104,
    "x2": 0.22950819672131148,
    "y2": 0.3434343434343434
}