{
    "class": "pistol",
    "x1": 0.5877777777777777,
    "y1": 0.4809322033898305,
    "x2": 0.6466666666666666,
    "y2": 0.5127118644067796
}