{
    "class": "pistol",
    "x1": 0.47996089931573804,
    "y1": 0.5197947214076246,
    "x2": 0.3088954056695992,
    "y2": 0.8519061583577713
}