{
    "class": "pistol",
    "x1": 0.4947530864197531,
    "y1": 0.30648148148148147,
    "x2": 0.06975308641975309,
    "y2": 0.1962962962962963
}