{
    "class": "pistol",
    "x1": 0.509375,
    "y1": 0.48333333333333334,
    "x2": 0.95625,
    "y2": 0.95
}