{
    "class": "pistol",
    "x1": 0.5127272727272727,
    "y1": 0.32945205479452055,
    "x2": 0.5054545454545455,
    "y2": 0.5246575342465754
}