{
    "class": "pistol",
    "x1": 0.50625,
    "y1": 0.5125,
    "x2": 0.9125,
    "y2": 0.9083333333333333
}