{
    "class": "pistol",
    "x1": 0.490625,
    "y1": 0.49583333333333335,
    "x2": 0.96875,
    "y2": 0.925
}