{
    "class": "pistol",
    "x1": 0.328125,
    "y1": 0.6208333333333333,
    "x2": 0.0734375,
    "y2": 0.15
}