{
    "class": "pistol",
    "x1": 0.771,
    "y1": 0.6405405405405405,
    "x2": 0.386,
    "y2": 0.3783783783783784
}