{
    "class": "pistol",
    "x1": 0.3643939393939394,
    "y1": 0.33181818181818185,
    "x2": 0.24393939393939393,
    "y2": 0.21363636363636362
}