{
    "class": "pistol",
    "x1": 0.6520423600605144,
    "y1": 0.7247983870967742,
    "x2": 0.2874432677760968,
    "y2": 0.3245967741935484
}