{
    "class": "pistol",
    "x1": 0.42526041666666664,
    "y1": 0.5125,
    "x2": 0.15052083333333333,
    "y2": 0.1712962962962963
}