{
    "class": "pistol",
    "x1": 0.5015625,
    "y1": 0.5089773614363778,
    "x2": 0.33541666666666664,
    "y2": 0.36846213895394225
}