{
    "class": "pistol",
    "x1": 0.4608150470219436,
    "y1": 0.560126582278481,
    "x2": 0.6332288401253918,
    "y2": 0.8544303797468354
}