{
    "class": "pistol",
    "x1": 0.44222222222222224,
    "y1": 0.6016666666666667,
    "x2": 0.2222222222222222,
    "y2": 0.49666666666666665
}