{
    "class": "pistol",
    "x1": 0.42,
    "y1": 0.40594059405940597,
    "x2": 0.448,
    "y2": 0.27722772277227725
}