{
    "class": "pistol",
    "x1": 0.52,
    "y1": 0.43093093093093093,
    "x2": 0.628,
    "y2": 0.5855855855855856
}