{
    "class": "pistol",
    "x1": 0.50625,
    "y1": 0.5083333333333333,
    "x2": 0.95,
    "y2": 0.9
}