{
    "class": "pistol",
    "x1": 0.511,
    "y1": 0.4144144144144144,
    "x2": 0.834,
    "y2": 0.7567567567567568
}