{
    "class": "pistol",
    "x1": 0.684375,
    "y1": 0.2548611111111111,
    "x2": 0.059375,
    "y2": 0.2513888888888889
}