{
    "class": "pistol",
    "x1": 0.475,
    "y1": 0.3194444444444444,
    "x2": 0.17395833333333333,
    "y2": 0.15
}