{
    "class": "pistol",
    "x1": 0.775,
    "y1": 0.44934333958724204,
    "x2": 0.2125,
    "y2": 0.21200750469043153
}