{
    "class": "pistol",
    "x1": 0.5450520833333333,
    "y1": 0.39951151430565246,
    "x2": 0.4765625,
    "y2": 0.2477320307048151
}