{
    "class": "pistol",
    "x1": 0.49318181818181817,
    "y1": 0.49931787175989084,
    "x2": 0.8481818181818181,
    "y2": 0.9822646657571623
}