{
    "class": "pistol",
    "x1": 0.492,
    "y1": 0.502,
    "x2": 0.8773333333333333,
    "y2": 0.6706666666666666
}