{
    "class": "pistol",
    "x1": 0.11123986095017381,
    "y1": 0.3730769230769231,
    "x2": 0.2085747392815759,
    "y2": 0.26153846153846155
}