{
    "class": "pistol",
    "x1": 0.4042145593869732,
    "y1": 0.4844559585492228,
    "x2": 0.6091954022988506,
    "y2": 0.7927461139896373
}