{
    "class": "pistol",
    "x1": 0.5,
    "y1": 0.5207756232686981,
    "x2": 0.9666666666666667,
    "y2": 0.853185595567867
}