{
    "class": "pistol",
    "x1": 0.49333333333333335,
    "y1": 0.5525291828793775,
    "x2": 0.98,
    "y2": 0.7782101167315175
}