{
    "class": "pistol",
    "x1": 0.6227758007117438,
    "y1": 0.43575418994413406,
    "x2": 0.5622775800711743,
    "y2": 0.5810055865921788
}