{
    "class": "pistol",
    "x1": 0.37185929648241206,
    "y1": 0.4208211143695015,
    "x2": 0.20603015075376885,
    "y2": 0.1241446725317693
}