{
    "class": "pistol",
    "x1": 0.4969742813918306,
    "y1": 0.49798387096774194,
    "x2": 0.6671709531013615,
    "y2": 0.8709677419354839
}