{
    "class": "pistol",
    "x1": 0.525,
    "y1": 0.59375,
    "x2": 0.790625,
    "y2": 0.7666666666666667
}