{
    "class": "pistol",
    "x1": 0.5145833333333333,
    "y1": 0.5144418423106948,
    "x2": 0.215625,
    "y2": 0.23106947697111632
}