{
    "class": "pistol",
    "x1": 0.43359375,
    "y1": 0.4994493392070485,
    "x2": 0.6765625,
    "y2": 0.7389867841409692
}