{
    "class": "pistol",
    "x1": 0.5476666666666666,
    "y1": 0.48135593220338985,
    "x2": 0.474,
    "y2": 0.635593220338983
}