{
    "class": "pistol",
    "x1": 0.5377604166666666,
    "y1": 0.6777777777777778,
    "x2": 0.16927083333333334,
    "y2": 0.29444444444444445
}