{
    "class": "pistol",
    "x1": 0.6226923076923077,
    "y1": 0.4877659574468085,
    "x2": 0.16846153846153847,
    "y2": 0.35
}