{
    "class": "pistol",
    "x1": 0.5302083333333333,
    "y1": 0.48282591725214674,
    "x2": 0.32916666666666666,
    "y2": 0.24746291959406713
}