{
    "class": "pistol",
    "x1": 0.1675,
    "y1": 0.46751740139211134,
    "x2": 0.235,
    "y2": 0.20649651972157773
}