{
    "class": "pistol",
    "x1": 0.5107421875,
    "y1": 0.4956076134699854,
    "x2": 0.671875,
    "y2": 0.5988286969253295
}