{
    "class": "pistol",
    "x1": 0.521484375,
    "y1": 0.5026041666666666,
    "x2": 0.83984375,
    "y2": 0.7760416666666666
}