{
    "class": "pistol",
    "x1": 0.285,
    "y1": 0.4851190476190476,
    "x2": 0.5566666666666666,
    "y2": 0.9583333333333334
}