{
    "class": "pistol",
    "x1": 0.4857692307692308,
    "y1": 0.5484988452655889,
    "x2": 0.6961538461538461,
    "y2": 0.7852193995381063
}