{
    "class": "pistol",
    "x1": 0.495,
    "y1": 0.4780058651026393,
    "x2": 0.986,
    "y2": 0.9325513196480938
}