{
    "class": "pistol",
    "x1": 0.5977777777777777,
    "y1": 0.5448717948717948,
    "x2": 0.6133333333333333,
    "y2": 0.5448717948717948
}