{
    "class": "pistol",
    "x1": 0.2926208651399491,
    "y1": 0.6065436241610739,
    "x2": 0.3816793893129771,
    "y2": 0.4714765100671141
}