{
    "class": "pistol",
    "x1": 0.4878571428571429,
    "y1": 0.49733333333333335,
    "x2": 0.7185714285714285,
    "y2": 0.936
}