{
    "class": "pistol",
    "x1": 0.528,
    "y1": 0.49866666666666665,
    "x2": 0.856,
    "y2": 0.6933333333333334
}