{
    "class": "pistol",
    "x1": 0.58,
    "y1": 0.5540540540540541,
    "x2": 0.624,
    "y2": 0.5795795795795796
}