{
    "class": "pistol",
    "x1": 0.528125,
    "y1": 0.4875,
    "x2": 0.90625,
    "y2": 0.925
}