{
    "class": "pistol",
    "x1": 0.42966666666666664,
    "y1": 0.29363636363636364,
    "x2": 0.11933333333333333,
    "y2": 0.08727272727272728
}