{
    "class": "pistol",
    "x1": 0.425,
    "y1": 0.3677811550151976,
    "x2": 0.314,
    "y2": 0.24316109422492402
}