{
    "class": "pistol",
    "x1": 0.7342271293375394,
    "y1": 0.5600461893764435,
    "x2": 0.3643533123028391,
    "y2": 0.37644341801385683
}