{
    "class": "pistol",
    "x1": 0.49375,
    "y1": 0.5083333333333333,
    "x2": 0.8625,
    "y2": 0.8166666666666667
}