{
    "class": "pistol",
    "x1": 0.7646153846153846,
    "y1": 0.44363256784968685,
    "x2": 0.2846153846153846,
    "y2": 0.32150313152400833
}