{
    "class": "pistol",
    "x1": 0.490625,
    "y1": 0.5337209302325582,
    "x2": 0.40375,
    "y2": 0.8813953488372093
}