{
    "class": "pistol",
    "x1": 0.47291666666666665,
    "y1": 0.49453551912568305,
    "x2": 0.13333333333333333,
    "y2": 0.36768149882903983
}