{
    "class": "pistol",
    "x1": 0.524074074074074,
    "y1": 0.46980676328502413,
    "x2": 0.7925925925925926,
    "y2": 0.8768115942028986
}