{
    "class": "pistol",
    "x1": 0.5245700245700246,
    "y1": 0.489,
    "x2": 0.9459459459459459,
    "y2": 0.926
}