{
    "class": "pistol",
    "x1": 0.5005208333333333,
    "y1": 0.7699074074074074,
    "x2": 0.18854166666666666,
    "y2": 0.30462962962962964
}