{
    "class": "pistol",
    "x1": 0.509375,
    "y1": 0.5041666666666667,
    "x2": 0.93125,
    "y2": 0.9416666666666667
}