{
    "class": "pistol",
    "x1": 0.4765625,
    "y1": 0.5138888888888888,
    "x2": 0.8359375,
    "y2": 0.6875
}