{
    "class": "pistol",
    "x1": 0.14817518248175182,
    "y1": 0.361328125,
    "x2": 0.27007299270072993,
    "y2": 0.2890625
}