{
    "class": "pistol",
    "x1": 0.45118733509234826,
    "y1": 0.4988235294117647,
    "x2": 0.7440633245382586,
    "y2": 0.8988235294117647
}