{
    "class": "pistol",
    "x1": 0.3809895833333333,
    "y1": 0.6990740740740741,
    "x2": 0.23697916666666666,
    "y2": 0.29259259259259257
}