{
    "class": "pistol",
    "x1": 0.49583333333333335,
    "y1": 0.4927797833935018,
    "x2": 0.9361111111111111,
    "y2": 0.9422382671480144
}