{
    "class": "pistol",
    "x1": 0.171,
    "y1": 0.45962732919254656,
    "x2": 0.182,
    "y2": 0.2080745341614907
}