{
    "class": "pistol",
    "x1": 0.3926923076923077,
    "y1": 0.33371824480369516,
    "x2": 0.10692307692307693,
    "y2": 0.22863741339491916
}