{
    "class": "pistol",
    "x1": 0.62,
    "y1": 0.30035971223021585,
    "x2": 0.6355555555555555,
    "y2": 0.5215827338129496
}