{
    "class": "pistol",
    "x1": 0.30104166666666665,
    "y1": 0.4912037037037037,
    "x2": 0.1875,
    "y2": 0.275
}