{
    "class": "pistol",
    "x1": 0.4062027231467474,
    "y1": 0.6784274193548387,
    "x2": 0.3767019667170953,
    "y2": 0.48588709677419356
}