{
    "class": "pistol",
    "x1": 0.30125,
    "y1": 0.7555555555555555,
    "x2": 0.24875,
    "y2": 0.4066666666666667
}