{
    "class": "pistol",
    "x1": 0.55,
    "y1": 0.31319444444444444,
    "x2": 0.10625,
    "y2": 0.09027777777777778
}