{
    "class": "pistol",
    "x1": 0.632421875,
    "y1": 0.59375,
    "x2": 0.13203125,
    "y2": 0.3402777777777778
}