{
    "class": "pistol",
    "x1": 0.475,
    "y1": 0.3825503355704698,
    "x2": 0.5794117647058824,
    "y2": 0.36577181208053694
}