{
    "class": "pistol",
    "x1": 0.6816666666666666,
    "y1": 0.5946704067321178,
    "x2": 0.2511111111111111,
    "y2": 0.41935483870967744
}