{
    "class": "pistol",
    "x1": 0.490625,
    "y1": 0.4708333333333333,
    "x2": 0.91875,
    "y2": 0.875
}