{
    "class": "pistol",
    "x1": 0.4903508771929825,
    "y1": 0.5397590361445783,
    "x2": 0.9701754385964912,
    "y2": 0.7903614457831325
}