{
    "class": "pistol",
    "x1": 0.7814285714285715,
    "y1": 0.42832167832167833,
    "x2": 0.22285714285714286,
    "y2": 0.4230769230769231
}