{
    "class": "pistol",
    "x1": 0.504,
    "y1": 0.5014970059880239,
    "x2": 0.6,
    "y2": 0.6856287425149701
}