{
    "class": "pistol",
    "x1": 0.479375,
    "y1": 0.2697841726618705,
    "x2": 0.89875,
    "y2": 0.4712230215827338
}