{
    "class": "pistol",
    "x1": 0.7655555555555555,
    "y1": 0.4078125,
    "x2": 0.3088888888888889,
    "y2": 0.353125
}