{
    "class": "pistol",
    "x1": 0.5192708333333333,
    "y1": 0.5171740827478533,
    "x2": 0.21145833333333333,
    "y2": 0.22716627634660422
}