{
    "class": "pistol",
    "x1": 0.2684615384615385,
    "y1": 0.3304221251819505,
    "x2": 0.4753846153846154,
    "y2": 0.5967976710334789
}