{
    "class": "pistol",
    "x1": 0.50625,
    "y1": 0.4983221476510067,
    "x2": 0.9725,
    "y2": 0.9429530201342282
}