{
    "class": "pistol",
    "x1": 0.29765625,
    "y1": 0.4119541875447387,
    "x2": 0.26927083333333335,
    "y2": 0.15246957766642805
}