{
    "class": "pistol",
    "x1": 0.5775,
    "y1": 0.508125,
    "x2": 0.23333333333333334,
    "y2": 0.26125
}