{
    "class": "pistol",
    "x1": 0.46,
    "y1": 0.5109289617486339,
    "x2": 0.7454545454545455,
    "y2": 0.7923497267759563
}