{
    "class": "pistol",
    "x1": 0.774,
    "y1": 0.35479041916167664,
    "x2": 0.216,
    "y2": 0.2844311377245509
}