{
    "class": "pistol",
    "x1": 0.4602739726027397,
    "y1": 0.4121951219512195,
    "x2": 0.6027397260273972,
    "y2": 0.8146341463414634
}