{
    "class": "pistol",
    "x1": 0.37426470588235294,
    "y1": 0.7854349951124144,
    "x2": 0.31323529411764706,
    "y2": 0.2179863147605083
}