{
    "class": "pistol",
    "x1": 0.5346354166666667,
    "y1": 0.6675925925925926,
    "x2": 0.1765625,
    "y2": 0.13703703703703704
}