{
    "class": "pistol",
    "x1": 0.5524691358024691,
    "y1": 0.4625,
    "x2": 0.0691358024691358,
    "y2": 0.23981481481481481
}