{
    "class": "pistol",
    "x1": 0.39869791666666665,
    "y1": 0.6078703703703704,
    "x2": 0.19010416666666666,
    "y2": 0.3472222222222222
}