{
    "class": "pistol",
    "x1": 0.505,
    "y1": 0.5018939393939394,
    "x2": 0.9833333333333333,
    "y2": 0.9810606060606061
}