{
    "class": "pistol",
    "x1": 0.42538461538461536,
    "y1": 0.2447973713033954,
    "x2": 0.22153846153846155,
    "y2": 0.28148959474260676
}