{
    "class": "pistol",
    "x1": 0.495,
    "y1": 0.5087281795511222,
    "x2": 0.986,
    "y2": 0.7481296758104738
}