{
    "class": "pistol",
    "x1": 0.239,
    "y1": 0.38985148514851486,
    "x2": 0.414,
    "y2": 0.6262376237623762
}