{
    "class": "pistol",
    "x1": 0.32018927444794953,
    "y1": 0.37058823529411766,
    "x2": 0.5930599369085173,
    "y2": 0.7129411764705882
}