{
    "class": "pistol",
    "x1": 0.52421875,
    "y1": 0.50625,
    "x2": 0.9515625,
    "y2": 0.9680555555555556
}