{
    "class": "pistol",
    "x1": 0.6217008797653959,
    "y1": 0.32991202346041054,
    "x2": 0.4066471163245357,
    "y2": 0.4340175953079179
}