{
    "class": "pistol",
    "x1": 0.5041666666666667,
    "y1": 0.5425925925925926,
    "x2": 0.21666666666666667,
    "y2": 0.3055555555555556
}