{
    "class": "pistol",
    "x1": 0.40555555555555556,
    "y1": 0.5533333333333333,
    "x2": 0.19333333333333333,
    "y2": 0.6133333333333333
}