{
    "class": "pistol",
    "x1": 0.5303846153846153,
    "y1": 0.44192634560906513,
    "x2": 0.21615384615384614,
    "y2": 0.2747875354107649
}