{
    "class": "pistol",
    "x1": 0.52734375,
    "y1": 0.4257075471698113,
    "x2": 0.9453125,
    "y2": 0.8466981132075472
}