{
    "class": "pistol",
    "x1": 0.49809160305343514,
    "y1": 0.484375,
    "x2": 0.7977099236641222,
    "y2": 0.8645833333333334
}