{
    "class": "pistol",
    "x1": 0.4957142857142857,
    "y1": 0.4902173913043478,
    "x2": 0.9685714285714285,
    "y2": 0.9456521739130435
}