{
    "class": "pistol",
    "x1": 0.452734375,
    "y1": 0.325,
    "x2": 0.09453125,
    "y2": 0.16944444444444445
}