{
    "class": "pistol",
    "x1": 0.5328125,
    "y1": 0.49722222222222223,
    "x2": 0.0765625,
    "y2": 0.06111111111111111
}