{
    "class": "pistol",
    "x1": 0.3341145833333333,
    "y1": 0.5111111111111111,
    "x2": 0.0734375,
    "y2": 0.2111111111111111
}