{
    "class": "pistol",
    "x1": 0.29157043879907624,
    "y1": 0.4938461538461538,
    "x2": 0.24364896073903003,
    "y2": 0.31384615384615383
}