{
    "class": "pistol",
    "x1": 0.4171875,
    "y1": 0.458203125,
    "x2": 0.17604166666666668,
    "y2": 0.12265625
}