{
    "class": "pistol",
    "x1": 0.35498046875,
    "y1": 0.5469973890339426,
    "x2": 0.5634765625,
    "y2": 0.6422976501305483
}