{
    "class": "pistol",
    "x1": 0.666403785488959,
    "y1": 0.6137440758293838,
    "x2": 0.4116719242902208,
    "y2": 0.32701421800947866
}