{
    "class": "pistol",
    "x1": 0.5552083333333333,
    "y1": 0.5039032006245121,
    "x2": 0.22395833333333334,
    "y2": 0.2302888368462139
}