{
    "class": "pistol",
    "x1": 0.2726190476190476,
    "y1": 0.5066666666666667,
    "x2": 0.39285714285714285,
    "y2": 0.8533333333333334
}