{
    "class": "pistol",
    "x1": 0.5301020408163265,
    "y1": 0.41938405797101447,
    "x2": 0.7010204081632653,
    "y2": 0.8351449275362319
}