{
    "class": "pistol",
    "x1": 0.6080729166666666,
    "y1": 0.47824074074074074,
    "x2": 0.16197916666666667,
    "y2": 0.44537037037037036
}