{
    "class": "pistol",
    "x1": 0.5119047619047619,
    "y1": 0.4697802197802198,
    "x2": 0.8174603174603174,
    "y2": 0.7527472527472527
}