{
    "class": "pistol",
    "x1": 0.36732851985559567,
    "y1": 0.19192307692307692,
    "x2": 0.3176895306859206,
    "y2": 0.07461538461538461
}