{
    "class": "pistol",
    "x1": 0.47477064220183485,
    "y1": 0.5097173144876325,
    "x2": 0.944954128440367,
    "y2": 0.9558303886925795
}