{
    "class": "pistol",
    "x1": 0.278,
    "y1": 0.4683734939759036,
    "x2": 0.38,
    "y2": 0.8283132530120482
}