{
    "class": "pistol",
    "x1": 0.4768339768339768,
    "y1": 0.3170103092783505,
    "x2": 0.8223938223938224,
    "y2": 0.5824742268041238
}