{
    "class": "pistol",
    "x1": 0.5074074074074074,
    "y1": 0.43842592592592594,
    "x2": 0.1814814814814815,
    "y2": 0.2712962962962963
}