{
    "class": "pistol",
    "x1": 0.553125,
    "y1": 0.47423887587822017,
    "x2": 0.12708333333333333,
    "y2": 0.26307572209211555
}