{
    "class": "pistol",
    "x1": 0.49053627760252366,
    "y1": 0.49027777777777776,
    "x2": 0.8170347003154574,
    "y2": 0.9527777777777777
}