{
    "class": "pistol",
    "x1": 0.380859375,
    "y1": 0.3034722222222222,
    "x2": 0.08515625,
    "y2": 0.13472222222222222
}