{
    "class": "pistol",
    "x1": 0.42376543209876544,
    "y1": 0.6097222222222223,
    "x2": 0.1154320987654321,
    "y2": 0.1175925925925926
}