{
    "class": "pistol",
    "x1": 0.4388888888888889,
    "y1": 0.37666666666666665,
    "x2": 0.6688888888888889,
    "y2": 0.5533333333333333
}