{
    "class": "pistol",
    "x1": 0.45223112128146453,
    "y1": 0.32884174311926606,
    "x2": 0.8163615560640732,
    "y2": 0.49827981651376146
}