{
    "class": "pistol",
    "x1": 0.385,
    "y1": 0.6771356783919598,
    "x2": 0.49,
    "y2": 0.5653266331658291
}