{
    "class": "pistol",
    "x1": 0.48515625,
    "y1": 0.5236111111111111,
    "x2": 0.20572916666666666,
    "y2": 0.30648148148148147
}