{
    "class": "pistol",
    "x1": 0.27283950617283953,
    "y1": 0.7351851851851852,
    "x2": 0.08518518518518518,
    "y2": 0.12962962962962962
}