{
    "class": "pistol",
    "x1": 0.76796875,
    "y1": 0.18125,
    "x2": 0.190625,
    "y2": 0.1597222222222222
}