{
    "class": "pistol",
    "x1": 0.32111436950146627,
    "y1": 0.818359375,
    "x2": 0.08504398826979472,
    "y2": 0.140625
}