{
    "class": "pistol",
    "x1": 0.4351851851851852,
    "y1": 0.49731182795698925,
    "x2": 0.8555555555555555,
    "y2": 0.9301075268817204
}