{
    "class": "pistol",
    "x1": 0.5008474576271187,
    "y1": 0.5356294536817102,
    "x2": 0.9372881355932203,
    "y2": 0.7482185273159145
}