{
    "class": "pistol",
    "x1": 0.4986979166666667,
    "y1": 0.4996096799375488,
    "x2": 0.24010416666666667,
    "y2": 0.2966432474629196
}