{
    "class": "pistol",
    "x1": 0.40339506172839507,
    "y1": 0.7513888888888889,
    "x2": 0.10802469135802469,
    "y2": 0.10277777777777777
}