{
    "class": "pistol",
    "x1": 0.7703846153846153,
    "y1": 0.3960292580982236,
    "x2": 0.3007692307692308,
    "y2": 0.3343782654127482
}