{
    "class": "pistol",
    "x1": 0.2425799086757991,
    "y1": 0.4869230769230769,
    "x2": 0.22031963470319635,
    "y2": 0.1
}