{
    "class": "pistol",
    "x1": 0.587,
    "y1": 0.38922155688622756,
    "x2": 0.69,
    "y2": 0.6167664670658682
}