{
    "class": "pistol",
    "x1": 0.5468227424749164,
    "y1": 0.66,
    "x2": 0.431438127090301,
    "y2": 0.49777777777777776
}