{
    "class": "pistol",
    "x1": 0.484375,
    "y1": 0.4666666666666667,
    "x2": 0.93125,
    "y2": 0.9166666666666666
}