{
    "class": "pistol",
    "x1": 0.4725,
    "y1": 0.6205555555555555,
    "x2": 0.655,
    "y2": 0.20777777777777778
}