{
    "class": "pistol",
    "x1": 0.34322916666666664,
    "y1": 0.6318933823529411,
    "x2": 0.15729166666666666,
    "y2": 0.28400735294117646
}