{
    "class": "pistol",
    "x1": 0.44479166666666664,
    "y1": 0.2810185185185185,
    "x2": 0.16666666666666666,
    "y2": 0.17685185185185184
}