{
    "class": "pistol",
    "x1": 0.461,
    "y1": 0.5053619302949062,
    "x2": 0.79,
    "y2": 0.6997319034852547
}