{
    "class": "pistol",
    "x1": 0.6866666666666666,
    "y1": 0.6316568047337278,
    "x2": 0.47,
    "y2": 0.5177514792899408
}