{
    "class": "pistol",
    "x1": 0.5138888888888888,
    "y1": 0.4064814814814815,
    "x2": 0.06234567901234568,
    "y2": 0.14814814814814814
}