{
    "class": "pistol",
    "x1": 0.5078125,
    "y1": 0.43342391304347827,
    "x2": 0.625,
    "y2": 0.7146739130434783
}