{
    "class": "pistol",
    "x1": 0.60625,
    "y1": 0.31139154160982263,
    "x2": 0.534375,
    "y2": 0.3758526603001364
}