{
    "class": "pistol",
    "x1": 0.37530864197530867,
    "y1": 0.5703703703703704,
    "x2": 0.11728395061728394,
    "y2": 0.11851851851851852
}