{
    "class": "pistol",
    "x1": 0.23576923076923076,
    "y1": 0.4002306805074971,
    "x2": 0.4423076923076923,
    "y2": 0.35986159169550175
}