{
    "class": "pistol",
    "x1": 0.496875,
    "y1": 0.49166666666666664,
    "x2": 0.95625,
    "y2": 0.9666666666666667
}