{
    "class": "pistol",
    "x1": 0.635593220338983,
    "y1": 0.33052884615384615,
    "x2": 0.6271186440677966,
    "y2": 0.5841346153846154
}