{
    "class": "pistol",
    "x1": 0.49320987654320986,
    "y1": 0.5074074074074074,
    "x2": 0.08148148148148149,
    "y2": 0.1037037037037037
}