{
    "class": "pistol",
    "x1": 0.421875,
    "y1": 0.2824074074074074,
    "x2": 0.15833333333333333,
    "y2": 0.2351851851851852
}