{
    "class": "pistol",
    "x1": 0.2765625,
    "y1": 0.5037037037037037,
    "x2": 0.18333333333333332,
    "y2": 0.29814814814814816
}