{
    "class": "pistol",
    "x1": 0.4959893048128342,
    "y1": 0.647,
    "x2": 0.8582887700534759,
    "y2": 0.394
}