{
    "class": "pistol",
    "x1": 0.69609375,
    "y1": 0.4479166666666667,
    "x2": 0.1015625,
    "y2": 0.10972222222222222
}