{
    "class": "pistol",
    "x1": 0.20963541666666666,
    "y1": 0.4605353466026081,
    "x2": 0.2786458333333333,
    "y2": 0.23335621139327384
}