{
    "class": "pistol",
    "x1": 0.509375,
    "y1": 0.49583333333333335,
    "x2": 0.94375,
    "y2": 0.9416666666666667
}