{
    "class": "pistol",
    "x1": 0.5925,
    "y1": 0.5676691729323309,
    "x2": 0.3225,
    "y2": 0.3458646616541353
}