{
    "class": "pistol",
    "x1": 0.4356770833333333,
    "y1": 0.29381443298969073,
    "x2": 0.09427083333333333,
    "y2": 0.08326724821570182
}