{
    "class": "pistol",
    "x1": 0.275390625,
    "y1": 0.21736111111111112,
    "x2": 0.06171875,
    "y2": 0.05416666666666667
}