{
    "class": "pistol",
    "x1": 0.7223076923076923,
    "y1": 0.5797373358348968,
    "x2": 0.5507692307692308,
    "y2": 0.6754221388367729
}