{
    "class": "pistol",
    "x1": 0.325,
    "y1": 0.2780692549842602,
    "x2": 0.5146153846153846,
    "y2": 0.42392444910807975
}