{
    "class": "pistol",
    "x1": 0.5046875,
    "y1": 0.3770833333333333,
    "x2": 0.840625,
    "y2": 0.6569444444444444
}