{
    "class": "pistol",
    "x1": 0.6222014925373134,
    "y1": 0.4962686567164179,
    "x2": 0.5578358208955224,
    "y2": 0.7885572139303483
}