{
    "class": "pistol",
    "x1": 0.5581818181818182,
    "y1": 0.4562841530054645,
    "x2": 0.3018181818181818,
    "y2": 0.7377049180327869
}