{
    "class": "pistol",
    "x1": 0.478125,
    "y1": 0.5166666666666667,
    "x2": 0.93125,
    "y2": 0.95
}