{
    "class": "pistol",
    "x1": 0.51875,
    "y1": 0.5566037735849056,
    "x2": 0.5958333333333333,
    "y2": 0.8867924528301887
}