{
    "class": "pistol",
    "x1": 0.4993131868131868,
    "y1": 0.7241014799154334,
    "x2": 0.7046703296703297,
    "y2": 0.40380549682875266
}