{
    "class": "pistol",
    "x1": 0.52,
    "y1": 0.479539641943734,
    "x2": 0.788,
    "y2": 0.5601023017902813
}