{
    "class": "pistol",
    "x1": 0.3821178821178821,
    "y1": 0.3904320987654321,
    "x2": 0.4745254745254745,
    "y2": 0.524074074074074
}