{
    "class": "pistol",
    "x1": 0.49333333333333335,
    "y1": 0.47833333333333333,
    "x2": 0.6533333333333333,
    "y2": 0.59
}