{
    "class": "pistol",
    "x1": 0.3768229166666667,
    "y1": 0.40185185185185185,
    "x2": 0.3067708333333333,
    "y2": 0.3925925925925926
}