{
    "class": "pistol",
    "x1": 0.6483993488876831,
    "y1": 0.850925925925926,
    "x2": 0.16820401519262074,
    "y2": 0.1537037037037037
}