{
    "class": "pistol",
    "x1": 0.47469135802469137,
    "y1": 0.6564814814814814,
    "x2": 0.17407407407407408,
    "y2": 0.4740740740740741
}