{
    "class": "pistol",
    "x1": 0.4853515625,
    "y1": 0.3153846153846154,
    "x2": 0.26953125,
    "y2": 0.23384615384615384
}