{
    "class": "pistol",
    "x1": 0.1640625,
    "y1": 0.43671875,
    "x2": 0.11354166666666667,
    "y2": 0.096875
}