{
    "class": "pistol",
    "x1": 0.6321243523316062,
    "y1": 0.446360153256705,
    "x2": 0.6113989637305699,
    "y2": 0.7241379310344828
}