{
    "class": "pistol",
    "x1": 0.4953125,
    "y1": 0.3948744769874477,
    "x2": 0.9125,
    "y2": 0.3587866108786611
}