{
    "class": "pistol",
    "x1": 0.4682274247491639,
    "y1": 0.57,
    "x2": 0.4682274247491639,
    "y2": 0.44666666666666666
}