{
    "class": "pistol",
    "x1": 0.46067708333333335,
    "y1": 0.555815768930523,
    "x2": 0.18385416666666668,
    "y2": 0.3590944574551132
}