{
    "class": "pistol",
    "x1": 0.5123517786561265,
    "y1": 0.39375,
    "x2": 0.6314229249011858,
    "y2": 0.6625
}