{
    "class": "pistol",
    "x1": 0.39615384615384613,
    "y1": 0.23542116630669546,
    "x2": 0.5215384615384615,
    "y2": 0.4406047516198704
}