{
    "class": "pistol",
    "x1": 0.45346153846153847,
    "y1": 0.47335423197492166,
    "x2": 0.7361538461538462,
    "y2": 0.6938349007314525
}