{
    "class": "pistol",
    "x1": 0.5046875,
    "y1": 0.3229166666666667,
    "x2": 0.0828125,
    "y2": 0.0763888888888889
}