{
    "class": "pistol",
    "x1": 0.5234375,
    "y1": 0.2881944444444444,
    "x2": 0.0546875,
    "y2": 0.0763888888888889
}