{
    "class": "pistol",
    "x1": 0.521875,
    "y1": 0.475,
    "x2": 0.91875,
    "y2": 0.9333333333333333
}