{
    "class": "pistol",
    "x1": 0.6505208333333333,
    "y1": 0.5787037037037037,
    "x2": 0.24791666666666667,
    "y2": 0.20185185185185187
}