{
    "class": "pistol",
    "x1": 0.5120967741935484,
    "y1": 0.5021505376344086,
    "x2": 0.8564516129032258,
    "y2": 0.832258064516129
}