{
    "class": "pistol",
    "x1": 0.3924050632911392,
    "y1": 0.6404255319148936,
    "x2": 0.5063291139240507,
    "y2": 0.4808510638297872
}