{
    "class": "pistol",
    "x1": 0.33166666666666667,
    "y1": 0.6085106382978723,
    "x2": 0.6433333333333333,
    "y2": 0.3872340425531915
}