{
    "class": "pistol",
    "x1": 0.18121442125237192,
    "y1": 0.4939467312348668,
    "x2": 0.2523719165085389,
    "y2": 0.1549636803874092
}