{
    "class": "pistol",
    "x1": 0.30357142857142855,
    "y1": 0.3984126984126984,
    "x2": 0.55,
    "y2": 0.638095238095238
}