{
    "class": "pistol",
    "x1": 0.46901041666666665,
    "y1": 0.49583333333333335,
    "x2": 0.22864583333333333,
    "y2": 0.33055555555555555
}