{
    "class": "pistol",
    "x1": 0.47627118644067795,
    "y1": 0.49436936936936937,
    "x2": 0.6644067796610169,
    "y2": 0.8716216216216216
}