{
    "class": "pistol",
    "x1": 0.265625,
    "y1": 0.35564853556485354,
    "x2": 0.47625,
    "y2": 0.6555090655509066
}