{
    "class": "pistol",
    "x1": 0.55390625,
    "y1": 0.549074074074074,
    "x2": 0.14739583333333334,
    "y2": 0.31666666666666665
}