{
    "class": "pistol",
    "x1": 0.225,
    "y1": 0.45885634588563456,
    "x2": 0.22291666666666668,
    "y2": 0.3723849372384937
}