{
    "class": "pistol",
    "x1": 0.5038461538461538,
    "y1": 0.4825,
    "x2": 0.9246153846153846,
    "y2": 0.84
}