{
    "class": "pistol",
    "x1": 0.492,
    "y1": 0.5067024128686327,
    "x2": 0.9,
    "y2": 0.900804289544236
}