{
    "class": "pistol",
    "x1": 0.657258064516129,
    "y1": 0.4092009685230024,
    "x2": 0.45,
    "y2": 0.513317191283293
}