{
    "class": "pistol",
    "x1": 0.44755244755244755,
    "y1": 0.44574468085106383,
    "x2": 0.6853146853146853,
    "y2": 0.6276595744680851
}