{
    "class": "pistol",
    "x1": 0.6116666666666667,
    "y1": 0.16904761904761906,
    "x2": 0.15333333333333332,
    "y2": 0.2761904761904762
}