{
    "class": "pistol",
    "x1": 0.5034722222222222,
    "y1": 0.49142857142857144,
    "x2": 0.9513888888888888,
    "y2": 0.96
}