{
    "class": "pistol",
    "x1": 0.4859375,
    "y1": 0.4861111111111111,
    "x2": 0.734375,
    "y2": 0.7944444444444444
}