{
    "class": "pistol",
    "x1": 0.47333333333333333,
    "y1": 0.47642679900744417,
    "x2": 0.92,
    "y2": 0.8337468982630273
}