{
    "class": "pistol",
    "x1": 0.507,
    "y1": 0.5184365781710915,
    "x2": 0.942,
    "y2": 0.9188790560471977
}