{
    "class": "pistol",
    "x1": 0.4978395061728395,
    "y1": 0.5106481481481482,
    "x2": 0.10802469135802469,
    "y2": 0.28425925925925927
}