{
    "class": "pistol",
    "x1": 0.36635802469135803,
    "y1": 0.2537037037037037,
    "x2": 0.07962962962962963,
    "y2": 0.15555555555555556
}