{
    "class": "pistol",
    "x1": 0.517,
    "y1": 0.5135135135135135,
    "x2": 0.694,
    "y2": 0.972972972972973
}