{
    "class": "pistol",
    "x1": 0.5683333333333334,
    "y1": 0.4122222222222222,
    "x2": 0.5966666666666667,
    "y2": 0.5622222222222222
}