{
    "class": "pistol",
    "x1": 0.5004545454545455,
    "y1": 0.5123647604327666,
    "x2": 0.9972727272727273,
    "y2": 0.9721792890262752
}