{
    "class": "pistol",
    "x1": 0.524,
    "y1": 0.4894894894894895,
    "x2": 0.828,
    "y2": 0.9309309309309309
}