{
    "class": "pistol",
    "x1": 0.547,
    "y1": 0.43787878787878787,
    "x2": 0.73,
    "y2": 0.6575757575757576
}