{
    "class": "pistol",
    "x1": 0.5940104166666667,
    "y1": 0.49671772428884026,
    "x2": 0.7328125,
    "y2": 0.7162654996353027
}