{
    "class": "pistol",
    "x1": 0.4259072580645161,
    "y1": 0.5275537634408602,
    "x2": 0.686491935483871,
    "y2": 0.625
}