{
    "class": "pistol",
    "x1": 0.2714285714285714,
    "y1": 0.5529661016949152,
    "x2": 0.44285714285714284,
    "y2": 0.4025423728813559
}