{
    "class": "pistol",
    "x1": 0.515625,
    "y1": 0.5644028103044496,
    "x2": 0.13854166666666667,
    "y2": 0.30601092896174864
}