{
    "class": "pistol",
    "x1": 0.2577777777777778,
    "y1": 0.5314207650273224,
    "x2": 0.24,
    "y2": 0.4562841530054645
}