{
    "class": "pistol",
    "x1": 0.40217391304347827,
    "y1": 0.42226148409893993,
    "x2": 0.43478260869565216,
    "y2": 0.7950530035335689
}