{
    "class": "pistol",
    "x1": 0.498,
    "y1": 0.49887133182844245,
    "x2": 0.788,
    "y2": 0.6320541760722348
}