{
    "class": "pistol",
    "x1": 0.502542372881356,
    "y1": 0.49295774647887325,
    "x2": 0.8694915254237288,
    "y2": 0.7981220657276995
}