{
    "class": "pistol",
    "x1": 0.518359375,
    "y1": 0.33611111111111114,
    "x2": 0.06796875,
    "y2": 0.08888888888888889
}