{
    "class": "pistol",
    "x1": 0.5244791666666667,
    "y1": 0.48009259259259257,
    "x2": 0.07291666666666667,
    "y2": 0.30648148148148147
}