{
    "class": "pistol",
    "x1": 0.516796875,
    "y1": 0.36666666666666664,
    "x2": 0.13515625,
    "y2": 0.20277777777777778
}