{
    "class": "pistol",
    "x1": 0.41328125,
    "y1": 0.25277777777777777,
    "x2": 0.0953125,
    "y2": 0.17777777777777778
}