{
    "class": "pistol",
    "x1": 0.496875,
    "y1": 0.5125,
    "x2": 0.96875,
    "y2": 0.9583333333333334
}