{
    "class": "pistol",
    "x1": 0.546189376443418,
    "y1": 0.6815384615384615,
    "x2": 0.28868360277136257,
    "y2": 0.32153846153846155
}