{
    "class": "pistol",
    "x1": 0.489,
    "y1": 0.6893333333333334,
    "x2": 0.626,
    "y2": 0.5413333333333333
}