{
    "class": "pistol",
    "x1": 0.7425,
    "y1": 0.42625,
    "x2": 0.18833333333333332,
    "y2": 0.4925
}