{
    "class": "pistol",
    "x1": 0.5421875,
    "y1": 0.4527777777777778,
    "x2": 0.18229166666666666,
    "y2": 0.3314814814814815
}