{
    "class": "pistol",
    "x1": 0.48828125,
    "y1": 0.4726851851851852,
    "x2": 0.7317708333333334,
    "y2": 0.6990740740740741
}