{
    "class": "pistol",
    "x1": 0.2760416666666667,
    "y1": 0.42890625,
    "x2": 0.4583333333333333,
    "y2": 0.5203125
}