{
    "class": "pistol",
    "x1": 0.778125,
    "y1": 0.5030241935483871,
    "x2": 0.375,
    "y2": 0.6028225806451613
}