{
    "class": "pistol",
    "x1": 0.505,
    "y1": 0.6126126126126126,
    "x2": 0.962,
    "y2": 0.7267267267267268
}