{
    "class": "pistol",
    "x1": 0.5209183673469387,
    "y1": 0.5009057971014492,
    "x2": 0.9581632653061225,
    "y2": 0.9981884057971014
}