{
    "class": "pistol",
    "x1": 0.4005,
    "y1": 0.4909596662030598,
    "x2": 0.713,
    "y2": 0.7621696801112656
}