{
    "class": "pistol",
    "x1": 0.2734615384615385,
    "y1": 0.21661409043112514,
    "x2": 0.10538461538461538,
    "y2": 0.2733964248159832
}