{
    "class": "pistol",
    "x1": 0.52109375,
    "y1": 0.07291666666666667,
    "x2": 0.06875,
    "y2": 0.14305555555555555
}