{
    "class": "pistol",
    "x1": 0.4875,
    "y1": 0.4791666666666667,
    "x2": 0.9125,
    "y2": 0.8916666666666667
}