{
    "class": "pistol",
    "x1": 0.5353846153846153,
    "y1": 0.3579676674364896,
    "x2": 0.31384615384615383,
    "y2": 0.5981524249422633
}