{
    "class": "pistol",
    "x1": 0.514,
    "y1": 0.5117056856187291,
    "x2": 0.876,
    "y2": 0.7959866220735786
}