{
    "class": "pistol",
    "x1": 0.415234375,
    "y1": 0.2777777777777778,
    "x2": 0.08203125,
    "y2": 0.11666666666666667
}