{
    "class": "pistol",
    "x1": 0.41875,
    "y1": 0.42430555555555555,
    "x2": 0.0796875,
    "y2": 0.1597222222222222
}