{
    "class": "pistol",
    "x1": 0.5079681274900398,
    "y1": 0.4701492537313433,
    "x2": 0.9282868525896414,
    "y2": 0.7014925373134329
}