{
    "class": "pistol",
    "x1": 0.5118296529968455,
    "y1": 0.5109126984126984,
    "x2": 0.9069400630914827,
    "y2": 0.8472222222222222
}