{
    "class": "pistol",
    "x1": 0.5203703703703704,
    "y1": 0.5097222222222222,
    "x2": 0.12345679012345678,
    "y2": 0.125
}