{
    "class": "pistol",
    "x1": 0.3808641975308642,
    "y1": 0.5777777777777777,
    "x2": 0.08641975308641975,
    "y2": 0.14629629629629629
}