{
    "class": "pistol",
    "x1": 0.43802083333333336,
    "y1": 0.4666666666666667,
    "x2": 0.20104166666666667,
    "y2": 0.5740740740740741
}