{
    "class": "pistol",
    "x1": 0.419,
    "y1": 0.5703592814371258,
    "x2": 0.79,
    "y2": 0.8413173652694611
}