{
    "class": "pistol",
    "x1": 0.6092307692307692,
    "y1": 0.5475624256837098,
    "x2": 0.5769230769230769,
    "y2": 0.6361474435196195
}