{
    "class": "pistol",
    "x1": 0.49666666666666665,
    "y1": 0.5116666666666667,
    "x2": 0.8244444444444444,
    "y2": 0.8766666666666667
}