{
    "class": "pistol",
    "x1": 0.478125,
    "y1": 0.4875,
    "x2": 0.94375,
    "y2": 0.9583333333333334
}