{
    "class": "pistol",
    "x1": 0.13932291666666666,
    "y1": 0.59375,
    "x2": 0.2734375,
    "y2": 0.609375
}