{
    "class": "pistol",
    "x1": 0.4643226473629783,
    "y1": 0.6030769230769231,
    "x2": 0.5977249224405378,
    "y2": 0.6984615384615385
}