{
    "class": "pistol",
    "x1": 0.40963541666666664,
    "y1": 0.46944444444444444,
    "x2": 0.1421875,
    "y2": 0.1685185185185185
}