{
    "class": "pistol",
    "x1": 0.5453703703703704,
    "y1": 0.6930555555555555,
    "x2": 0.10802469135802469,
    "y2": 0.14537037037037037
}