{
    "class": "pistol",
    "x1": 0.46796875,
    "y1": 0.5884259259259259,
    "x2": 0.2390625,
    "y2": 0.32685185185185184
}