{
    "class": "pistol",
    "x1": 0.3223938223938224,
    "y1": 0.6211340206185567,
    "x2": 0.4826254826254826,
    "y2": 0.4381443298969072
}