{
    "class": "pistol",
    "x1": 0.46171875,
    "y1": 0.44074074074074077,
    "x2": 0.14635416666666667,
    "y2": 0.42777777777777776
}