{
    "class": "pistol",
    "x1": 0.46327160493827163,
    "y1": 0.37407407407407406,
    "x2": 0.09814814814814815,
    "y2": 0.15185185185185185
}