{
    "class": "pistol",
    "x1": 0.505,
    "y1": 0.49375,
    "x2": 0.925,
    "y2": 0.84375
}