{
    "class": "pistol",
    "x1": 0.465625,
    "y1": 0.43819444444444444,
    "x2": 0.096875,
    "y2": 0.15138888888888888
}