{
    "class": "pistol",
    "x1": 0.49375,
    "y1": 0.5,
    "x2": 0.9625,
    "y2": 0.9833333333333333
}