{
    "class": "pistol",
    "x1": 0.58359375,
    "y1": 0.4162037037037037,
    "x2": 0.1140625,
    "y2": 0.12129629629629629
}