{
    "class": "pistol",
    "x1": 0.40492957746478875,
    "y1": 0.4739583333333333,
    "x2": 0.5845070422535211,
    "y2": 0.6270833333333333
}