{
    "class": "pistol",
    "x1": 0.6677083333333333,
    "y1": 0.5608333333333333,
    "x2": 0.6635416666666667,
    "y2": 0.8716666666666667
}