{
    "class": "pistol",
    "x1": 0.4955555555555556,
    "y1": 0.4796511627906977,
    "x2": 0.92,
    "y2": 0.9069767441860465
}