{
    "class": "pistol",
    "x1": 0.7609970674486803,
    "y1": 0.7003910068426198,
    "x2": 0.375366568914956,
    "y2": 0.20821114369501467
}