{
    "class": "pistol",
    "x1": 0.498828125,
    "y1": 0.5017584994138335,
    "x2": 0.92734375,
    "y2": 0.8511137162954279
}