{
    "class": "pistol",
    "x1": 0.5013157894736842,
    "y1": 0.5059288537549407,
    "x2": 0.4236842105263158,
    "y2": 0.36363636363636365
}