{
    "class": "pistol",
    "x1": 0.566015625,
    "y1": 0.50625,
    "x2": 0.75390625,
    "y2": 0.9791666666666666
}