{
    "class": "pistol",
    "x1": 0.646875,
    "y1": 0.5481481481481482,
    "x2": 0.175,
    "y2": 0.29259259259259257
}