{
    "class": "pistol",
    "x1": 0.49466666666666664,
    "y1": 0.30272727272727273,
    "x2": 0.16666666666666666,
    "y2": 0.4581818181818182
}