{
    "class": "pistol",
    "x1": 0.2837243401759531,
    "y1": 0.2966764418377322,
    "x2": 0.4736070381231672,
    "y2": 0.3333333333333333
}