{
    "class": "knife",
    "x1": 0.430859375,
    "y1": 0.6381944444444444,
    "x2": 0.06171875,
    "y2": 0.09583333333333334
}