{
    "class": "knife",
    "x1": 0.48671875,
    "y1": 0.5534722222222223,
    "x2": 0.0640625,
    "y2": 0.0625
}