{
    "class": "knife",
    "x1": 0.44765625,
    "y1": 0.5576388888888889,
    "x2": 0.0765625,
    "y2": 0.06805555555555555
}