{
    "class": "knife",
    "x1": 0.45703125,
    "y1": 0.5513888888888889,
    "x2": 0.0734375,
    "y2": 0.07777777777777778
}