{
    "class": "knife",
    "x1": 0.448828125,
    "y1": 0.4777777777777778,
    "x2": 0.03203125,
    "y2": 0.13333333333333333
}