{
    "class": "knife",
    "x1": 0.387890625,
    "y1": 0.6798611111111111,
    "x2": 0.07265625,
    "y2": 0.19583333333333333
}