{
    "class": "knife",
    "x1": 0.483984375,
    "y1": 0.5743055555555555,
    "x2": 0.03828125,
    "y2": 0.2263888888888889
}