{
    "class": "knife",
    "x1": 0.875,
    "y1": 0.7125,
    "x2": 0.1109375,
    "y2": 0.2611111111111111
}