{
    "class": "knife",
    "x1": 0.446484375,
    "y1": 0.6326388888888889,
    "x2": 0.09765625,
    "y2": 0.07361111111111111
}