{
    "class": "knife",
    "x1": 0.57109375,
    "y1": 0.3194444444444444,
    "x2": 0.109375,
    "y2": 0.1111111111111111
}