{
    "class": "knife",
    "x1": 0.429296875,
    "y1": 0.65,
    "x2": 0.12109375,
    "y2": 0.08888888888888889
}