{
    "class": "knife",
    "x1": 0.497265625,
    "y1": 0.38333333333333336,
    "x2": 0.05390625,
    "y2": 0.33611111111111114
}