{
    "class": "knife",
    "x1": 0.470703125,
    "y1": 0.55625,
    "x2": 0.03515625,
    "y2": 0.22361111111111112
}