{
    "class": "knife",
    "x1": 0.429296875,
    "y1": 0.5138888888888888,
    "x2": 0.04140625,
    "y2": 0.2361111111111111
}