{
    "class": "knife",
    "x1": 0.354296875,
    "y1": 0.5868055555555556,
    "x2": 0.09140625,
    "y2": 0.20416666666666666
}