{
    "class": "knife",
    "x1": 0.464453125,
    "y1": 0.5951388888888889,
    "x2": 0.03828125,
    "y2": 0.23194444444444445
}