{
    "class": "knife",
    "x1": 0.430078125,
    "y1": 0.6013888888888889,
    "x2": 0.09609375,
    "y2": 0.17222222222222222
}