{
    "class": "knife",
    "x1": 0.5109375,
    "y1": 0.6743055555555556,
    "x2": 0.0359375,
    "y2": 0.22916666666666666
}