{
    "class": "knife",
    "x1": 0.46484375,
    "y1": 0.2604166666666667,
    "x2": 0.0953125,
    "y2": 0.07916666666666666
}