{
    "class": "knife",
    "x1": 0.396875,
    "y1": 0.5006944444444444,
    "x2": 0.1,
    "y2": 0.07361111111111111
}