{
    "class": "knife",
    "x1": 0.438671875,
    "y1": 0.5625,
    "x2": 0.03828125,
    "y2": 0.22777777777777777
}