{
    "class": "knife",
    "x1": 0.460546875,
    "y1": 0.5736111111111111,
    "x2": 0.03828125,
    "y2": 0.23333333333333334
}