{
    "class": "knife",
    "x1": 0.860546875,
    "y1": 0.7270833333333333,
    "x2": 0.10234375,
    "y2": 0.26805555555555555
}