{
    "class": "knife",
    "x1": 0.73125,
    "y1": 0.6055555555555555,
    "x2": 0.025,
    "y2": 0.14166666666666666
}