{
    "class": "knife",
    "x1": 0.426171875,
    "y1": 0.64375,
    "x2": 0.11953125,
    "y2": 0.09861111111111111
}