{
    "class": "knife",
    "x1": 0.413671875,
    "y1": 0.6243055555555556,
    "x2": 0.11015625,
    "y2": 0.09583333333333334
}