{
    "class": "knife",
    "x1": 0.49765625,
    "y1": 0.8208333333333333,
    "x2": 0.1203125,
    "y2": 0.08611111111111111
}