{
    "class": "knife",
    "x1": 0.510546875,
    "y1": 0.38472222222222224,
    "x2": 0.05546875,
    "y2": 0.33055555555555555
}