{
    "class": "knife",
    "x1": 0.3640625,
    "y1": 0.34652777777777777,
    "x2": 0.0703125,
    "y2": 0.1486111111111111
}