{
    "class": "knife",
    "x1": 0.4356770833333333,
    "y1": 0.44908256880733943,
    "x2": 0.0484375,
    "y2": 0.11834862385321102
}