{
    "class": "knife",
    "x1": 0.25364583333333335,
    "y1": 0.5655963302752294,
    "x2": 0.06979166666666667,
    "y2": 0.06330275229357799
}