{
    "class": "knife",
    "x1": 0.346875,
    "y1": 0.5559633027522936,
    "x2": 0.06354166666666666,
    "y2": 0.07339449541284404
}