{
    "class": "knife",
    "x1": 0.29635416666666664,
    "y1": 0.7105504587155963,
    "x2": 0.07708333333333334,
    "y2": 0.0779816513761468
}