{
    "class": "knife",
    "x1": 0.6375,
    "y1": 0.4706422018348624,
    "x2": 0.06145833333333333,
    "y2": 0.07339449541284404
}