{
    "class": "knife",
    "x1": 0.27265625,
    "y1": 0.7669724770642202,
    "x2": 0.06510416666666667,
    "y2": 0.09541284403669725
}