{
    "class": "knife",
    "x1": 0.1890625,
    "y1": 0.7247706422018348,
    "x2": 0.0875,
    "y2": 0.07889908256880734
}