{
    "class": "knife",
    "x1": 0.3260416666666667,
    "y1": 0.6123853211009175,
    "x2": 0.07395833333333333,
    "y2": 0.05229357798165138
}