{
    "class": "knife",
    "x1": 0.3458333333333333,
    "y1": 0.5463302752293578,
    "x2": 0.04791666666666667,
    "y2": 0.0779816513761468
}