{
    "class": "knife",
    "x1": 0.9736979166666667,
    "y1": 0.5238532110091743,
    "x2": 0.043229166666666666,
    "y2": 0.09724770642201835
}