{
    "class": "knife",
    "x1": 0.74609375,
    "y1": 0.4706422018348624,
    "x2": 0.05572916666666667,
    "y2": 0.13577981651376148
}