{
    "class": "knife",
    "x1": 0.36223958333333334,
    "y1": 0.6261467889908257,
    "x2": 0.07552083333333333,
    "y2": 0.05779816513761468
}