{
    "class": "knife",
    "x1": 0.3255208333333333,
    "y1": 0.48440366972477067,
    "x2": 0.052083333333333336,
    "y2": 0.08440366972477065
}