{
    "class": "knife",
    "x1": 0.6018229166666667,
    "y1": 0.4270642201834862,
    "x2": 0.043229166666666666,
    "y2": 0.10366972477064221
}