{
    "class": "knife",
    "x1": 0.4674479166666667,
    "y1": 0.3857798165137615,
    "x2": 0.03802083333333333,
    "y2": 0.0981651376146789
}