{
    "class": "knife",
    "x1": 0.5151041666666667,
    "y1": 0.431651376146789,
    "x2": 0.041666666666666664,
    "y2": 0.10366972477064221
}