{
    "class": "other",
    "x1": 0.5291666666666667,
    "y1": 0.6125,
    "x2": 0.084375,
    "y2": 0.1638888888888889
}