{
    "class": "other",
    "x1": 0.4776923076923077,
    "y1": 0.4697841726618705,
    "x2": 0.8123076923076923,
    "y2": 0.8302158273381295
}