{
    "class": "other",
    "x1": 0.45528455284552843,
    "y1": 0.4853658536585366,
    "x2": 0.4796747967479675,
    "y2": 0.8341463414634146
}