{
    "class": "other",
    "x1": 0.5504694835680751,
    "y1": 0.6083333333333333,
    "x2": 0.29577464788732394,
    "y2": 0.42083333333333334
}