{
    "class": "other",
    "x1": 0.5286195286195287,
    "y1": 0.6568047337278107,
    "x2": 0.5117845117845118,
    "y2": 0.5443786982248521
}