{
    "class": "other",
    "x1": 0.4525,
    "y1": 0.5168855534709194,
    "x2": 0.5075,
    "y2": 0.9324577861163227
}