{
    "class": "other",
    "x1": 0.5447916666666667,
    "y1": 0.34074074074074073,
    "x2": 0.2125,
    "y2": 0.20555555555555555
}