{
    "class": "other",
    "x1": 0.5109375,
    "y1": 0.6091549295774648,
    "x2": 0.328125,
    "y2": 0.3826291079812207
}