{
    "class": "other",
    "x1": 0.573125,
    "y1": 0.7673545966228893,
    "x2": 0.67375,
    "y2": 0.4652908067542214
}