{
    "class": "other",
    "x1": 0.6126666666666667,
    "y1": 0.453125,
    "x2": 0.5373333333333333,
    "y2": 0.9
}