{
    "class": "other",
    "x1": 0.529296875,
    "y1": 0.4469026548672566,
    "x2": 0.330078125,
    "y2": 0.2713864306784661
}