{
    "class": "other",
    "x1": 0.516320474777448,
    "y1": 0.41785714285714287,
    "x2": 0.31750741839762614,
    "y2": 0.34523809523809523
}