{
    "class": "other",
    "x1": 0.6652003910068426,
    "y1": 0.4814585908529048,
    "x2": 0.30596285434995113,
    "y2": 0.4363411619283066
}