{
    "class": "other",
    "x1": 0.4545112781954887,
    "y1": 0.63,
    "x2": 0.8984962406015038,
    "y2": 0.6466666666666666
}