{
    "class": "other",
    "x1": 0.4921875,
    "y1": 0.4558938329430133,
    "x2": 0.11770833333333333,
    "y2": 0.2232630757220921
}