{
    "class": "other",
    "x1": 0.591796875,
    "y1": 0.5777126099706745,
    "x2": 0.697265625,
    "y2": 0.6686217008797654
}