{
    "class": "other",
    "x1": 0.37666666666666665,
    "y1": 0.4875,
    "x2": 0.5466666666666666,
    "y2": 0.7125
}