{
    "class": "other",
    "x1": 0.4864583333333333,
    "y1": 0.5124902419984387,
    "x2": 0.11145833333333334,
    "y2": 0.16159250585480095
}