{
    "class": "other",
    "x1": 0.48854166666666665,
    "y1": 0.48985167837626853,
    "x2": 0.17395833333333333,
    "y2": 0.21779859484777517
}