{
    "class": "other",
    "x1": 0.5510416666666667,
    "y1": 0.5507416081186572,
    "x2": 0.16979166666666667,
    "y2": 0.2537080405932865
}