{
    "class": "other",
    "x1": 0.4676923076923077,
    "y1": 0.3689376443418014,
    "x2": 0.6446153846153846,
    "y2": 0.4284064665127021
}