{
    "class": "other",
    "x1": 0.55712890625,
    "y1": 0.50960219478738,
    "x2": 0.8818359375,
    "y2": 0.8683127572016461
}