{
    "class": "other",
    "x1": 0.3134765625,
    "y1": 0.5153958944281525,
    "x2": 0.34765625,
    "y2": 0.4120234604105572
}