{
    "class": "other",
    "x1": 0.49895833333333334,
    "y1": 0.5042935206869633,
    "x2": 0.13229166666666667,
    "y2": 0.26229508196721313
}