{
    "class": "other",
    "x1": 0.4471354166666667,
    "y1": 0.5574074074074075,
    "x2": 0.08177083333333333,
    "y2": 0.24444444444444444
}