{
    "class": "other",
    "x1": 0.5434895833333333,
    "y1": 0.638425925925926,
    "x2": 0.07552083333333333,
    "y2": 0.13796296296296295
}