{
    "class": "other",
    "x1": 0.615,
    "y1": 0.45229681978798586,
    "x2": 0.406,
    "y2": 0.49823321554770317
}