{
    "class": "other",
    "x1": 0.5049479166666667,
    "y1": 0.4422326307572209,
    "x2": 0.11510416666666666,
    "y2": 0.1678376268540203
}