{
    "class": "other",
    "x1": 0.48775510204081635,
    "y1": 0.5,
    "x2": 0.9653061224489796,
    "y2": 0.9963636363636363
}