{
    "class": "other",
    "x1": 0.6355421686746988,
    "y1": 0.4394366197183099,
    "x2": 0.5933734939759037,
    "y2": 0.8676056338028169
}