{
    "class": "other",
    "x1": 0.4826086956521739,
    "y1": 0.39959839357429716,
    "x2": 0.5608695652173913,
    "y2": 0.6867469879518072
}