{
    "class": "other",
    "x1": 0.5669014084507042,
    "y1": 0.5520833333333334,
    "x2": 0.43427230046948356,
    "y2": 0.42083333333333334
}