{
    "class": "other",
    "x1": 0.47942708333333334,
    "y1": 0.5023419203747073,
    "x2": 0.07864583333333333,
    "y2": 0.07884465261514442
}