{
    "class": "other",
    "x1": 0.47491638795986624,
    "y1": 0.6011904761904762,
    "x2": 0.8695652173913043,
    "y2": 0.6785714285714286
}