{
    "class": "other",
    "x1": 0.44557291666666665,
    "y1": 0.4791666666666667,
    "x2": 0.22447916666666667,
    "y2": 0.23796296296296296
}