{
    "class": "other",
    "x1": 0.49661458333333336,
    "y1": 0.48711943793911006,
    "x2": 0.1234375,
    "y2": 0.13427010148321625
}