{
    "class": "other",
    "x1": 0.4135,
    "y1": 0.598644578313253,
    "x2": 0.457,
    "y2": 0.4894578313253012
}