{
    "class": "other",
    "x1": 0.40729166666666666,
    "y1": 0.5671296296296297,
    "x2": 0.11458333333333333,
    "y2": 0.24351851851851852
}