{
    "class": "other",
    "x1": 0.49713541666666666,
    "y1": 0.17962962962962964,
    "x2": 0.1296875,
    "y2": 0.25555555555555554
}