{
    "class": "other",
    "x1": 0.47947214076246336,
    "y1": 0.5073421439060205,
    "x2": 0.8220918866080157,
    "y2": 0.6740088105726872
}