{
    "class": "other",
    "x1": 0.4671875,
    "y1": 0.36712962962962964,
    "x2": 0.05416666666666667,
    "y2": 0.12314814814814815
}