{
    "class": "other",
    "x1": 0.5019157088122606,
    "y1": 0.5932642487046632,
    "x2": 0.9961685823754789,
    "y2": 0.6580310880829016
}