{
    "class": "other",
    "x1": 0.45390625,
    "y1": 0.5101483216237315,
    "x2": 0.05260416666666667,
    "y2": 0.13973458235753317
}