{
    "class": "other",
    "x1": 0.5384615384615384,
    "y1": 0.5029761904761905,
    "x2": 0.8896321070234113,
    "y2": 0.9940476190476191
}