{
    "class": "other",
    "x1": 0.4981238273921201,
    "y1": 0.3075,
    "x2": 0.5684803001876173,
    "y2": 0.4275
}