{
    "class": "other",
    "x1": 0.5866666666666667,
    "y1": 0.5208333333333334,
    "x2": 0.7466666666666667,
    "y2": 0.6964285714285714
}