{
    "class": "other",
    "x1": 0.50546875,
    "y1": 0.4769711163153786,
    "x2": 0.08072916666666667,
    "y2": 0.15144418423106948
}