{
    "class": "other",
    "x1": 0.4087301587301587,
    "y1": 0.4200477326968974,
    "x2": 0.5857142857142857,
    "y2": 0.8353221957040573
}