{
    "class": "other",
    "x1": 0.54609375,
    "y1": 0.5144418423106948,
    "x2": 0.25364583333333335,
    "y2": 0.3622170179547229
}