{
    "class": "other",
    "x1": 0.5184895833333333,
    "y1": 0.5347222222222222,
    "x2": 0.0640625,
    "y2": 0.1398148148148148
}