{
    "class": "other",
    "x1": 0.47213541666666664,
    "y1": 0.4287037037037037,
    "x2": 0.11197916666666667,
    "y2": 0.2851851851851852
}