{
    "class": "other",
    "x1": 0.5558333333333333,
    "y1": 0.5233333333333333,
    "x2": 0.655,
    "y2": 0.74
}