{
    "class": "other",
    "x1": 0.4921875,
    "y1": 0.48321623731459795,
    "x2": 0.11979166666666667,
    "y2": 0.1592505854800937
}