{
    "class": "other",
    "x1": 0.5051903114186851,
    "y1": 0.49137931034482757,
    "x2": 0.643598615916955,
    "y2": 0.6839080459770115
}