{
    "class": "other",
    "x1": 0.7418300653594772,
    "y1": 0.5223880597014925,
    "x2": 0.42483660130718953,
    "y2": 0.3034825870646766
}