{
    "class": "other",
    "x1": 0.49589201877934275,
    "y1": 0.5916666666666667,
    "x2": 0.5809859154929577,
    "y2": 0.8166666666666667
}