{
    "class": "other",
    "x1": 0.43072916666666666,
    "y1": 0.7925925925925926,
    "x2": 0.334375,
    "y2": 0.4148148148148148
}