{
    "class": "other",
    "x1": 0.5174479166666667,
    "y1": 0.43247462919594065,
    "x2": 0.22447916666666667,
    "y2": 0.3590944574551132
}