{
    "class": "other",
    "x1": 0.5003846153846154,
    "y1": 0.48267898383371827,
    "x2": 0.8761538461538462,
    "y2": 0.8267898383371824
}