{
    "class": "other",
    "x1": 0.4496268656716418,
    "y1": 0.5771276595744681,
    "x2": 0.6529850746268657,
    "y2": 0.8031914893617021
}