{
    "class": "other",
    "x1": 0.5268229166666667,
    "y1": 0.49414519906323184,
    "x2": 0.05364583333333333,
    "y2": 0.09836065573770492
}