{
    "class": "other",
    "x1": 0.5217391304347826,
    "y1": 0.5163934426229508,
    "x2": 0.8623188405797102,
    "y2": 0.639344262295082
}