{
    "class": "other",
    "x1": 0.358984375,
    "y1": 0.45902777777777776,
    "x2": 0.49921875,
    "y2": 0.7263888888888889
}