{
    "class": "other",
    "x1": 0.5223958333333333,
    "y1": 0.6060185185185185,
    "x2": 0.090625,
    "y2": 0.12685185185185185
}