{
    "class": "other",
    "x1": 0.5,
    "y1": 0.43384785005512677,
    "x2": 0.6846153846153846,
    "y2": 0.5589856670341786
}