{
    "class": "other",
    "x1": 0.477,
    "y1": 0.5763473053892215,
    "x2": 0.878,
    "y2": 0.655688622754491
}