{
    "class": "other",
    "x1": 0.4863147605083089,
    "y1": 0.531524926686217,
    "x2": 0.8748778103616813,
    "y2": 0.8577712609970675
}