{
    "class": "other",
    "x1": 0.45,
    "y1": 0.45901639344262296,
    "x2": 0.09270833333333334,
    "y2": 0.1686182669789227
}