{
    "class": "other",
    "x1": 0.55625,
    "y1": 0.3696330991412959,
    "x2": 0.08958333333333333,
    "y2": 0.06947697111631537
}