{
    "class": "other",
    "x1": 0.478125,
    "y1": 0.51640625,
    "x2": 0.35,
    "y2": 0.3828125
}