{
    "class": "other",
    "x1": 0.297,
    "y1": 0.45943562610229277,
    "x2": 0.522,
    "y2": 0.49206349206349204
}