{
    "class": "other",
    "x1": 0.6395833333333333,
    "y1": 0.3333333333333333,
    "x2": 0.11145833333333334,
    "y2": 0.3611111111111111
}