{
    "class": "other",
    "x1": 0.5122549019607843,
    "y1": 0.45465686274509803,
    "x2": 0.5571895424836601,
    "y2": 0.8897058823529411
}