{
    "class": "other",
    "x1": 0.7054347826086956,
    "y1": 0.5374531835205992,
    "x2": 0.40652173913043477,
    "y2": 0.6329588014981273
}