{
    "class": "other",
    "x1": 0.499375,
    "y1": 0.4607438016528926,
    "x2": 0.70375,
    "y2": 0.5537190082644629
}