{
    "class": "other",
    "x1": 0.41302083333333334,
    "y1": 0.8050925925925926,
    "x2": 0.08958333333333333,
    "y2": 0.24722222222222223
}