{
    "class": "other",
    "x1": 0.5125,
    "y1": 0.48985167837626853,
    "x2": 0.1375,
    "y2": 0.22404371584699453
}