{
    "class": "other",
    "x1": 0.42109375,
    "y1": 0.408203125,
    "x2": 0.31927083333333334,
    "y2": 0.23828125
}