{
    "class": "other",
    "x1": 0.24415584415584415,
    "y1": 0.3188888888888889,
    "x2": 0.34545454545454546,
    "y2": 0.22
}