{
    "class": "other",
    "x1": 0.42318840579710143,
    "y1": 0.37055837563451777,
    "x2": 0.263768115942029,
    "y2": 0.49238578680203043
}