{
    "class": "other",
    "x1": 0.36261261261261263,
    "y1": 0.31938325991189426,
    "x2": 0.7162162162162162,
    "y2": 0.3568281938325991
}