{
    "class": "other",
    "x1": 0.5616071428571429,
    "y1": 0.46964285714285714,
    "x2": 0.41964285714285715,
    "y2": 0.7892857142857143
}