{
    "class": "other",
    "x1": 0.37153846153846154,
    "y1": 0.42476489028213166,
    "x2": 0.39076923076923076,
    "y2": 0.5360501567398119
}