{
    "class": "other",
    "x1": 0.53625,
    "y1": 0.36444444444444446,
    "x2": 0.395,
    "y2": 0.48444444444444446
}