{
    "class": "other",
    "x1": 0.3941358024691358,
    "y1": 0.32916666666666666,
    "x2": 0.10185185185185185,
    "y2": 0.2101851851851852
}