{
    "class": "other",
    "x1": 0.7077702702702703,
    "y1": 0.3205882352941177,
    "x2": 0.5574324324324325,
    "y2": 0.5
}