{
    "class": "other",
    "x1": 0.5223958333333333,
    "y1": 0.5339578454332553,
    "x2": 0.11875,
    "y2": 0.1358313817330211
}