{
    "class": "other",
    "x1": 0.49114583333333334,
    "y1": 0.4804839968774395,
    "x2": 0.15416666666666667,
    "y2": 0.1959406713505074
}