{
    "class": "other",
    "x1": 0.4908854166666667,
    "y1": 0.5037237643872715,
    "x2": 0.9453125,
    "y2": 0.8869329722410291
}