{
    "class": "other",
    "x1": 0.6432291666666666,
    "y1": 0.40555555555555556,
    "x2": 0.16666666666666666,
    "y2": 0.3685185185185185
}