{
    "class": "other",
    "x1": 0.4981770833333333,
    "y1": 0.46916471506635443,
    "x2": 0.05260416666666667,
    "y2": 0.09523809523809523
}