{
    "class": "other",
    "x1": 0.510593220338983,
    "y1": 0.5151515151515151,
    "x2": 0.9279661016949152,
    "y2": 0.9090909090909091
}