{
    "class": "other",
    "x1": 0.61,
    "y1": 0.6179321486268174,
    "x2": 0.565,
    "y2": 0.5121163166397416
}