{
    "class": "other",
    "x1": 0.5096354166666667,
    "y1": 0.5042935206869633,
    "x2": 0.20572916666666666,
    "y2": 0.3044496487119438
}