{
    "class": "other",
    "x1": 0.5291666666666667,
    "y1": 0.4960967993754879,
    "x2": 0.05416666666666667,
    "y2": 0.10850897736143637
}