{
    "class": "other",
    "x1": 0.5166015625,
    "y1": 0.5791015625,
    "x2": 0.671875,
    "y2": 0.78125
}