{
    "class": "other",
    "x1": 0.49609375,
    "y1": 0.46174863387978143,
    "x2": 0.1328125,
    "y2": 0.16627634660421545
}