{
    "class": "other",
    "x1": 0.5078125,
    "y1": 0.4929742388758782,
    "x2": 0.06145833333333333,
    "y2": 0.16315378610460576
}