{
    "class": "other",
    "x1": 0.3753993610223642,
    "y1": 0.5011933174224343,
    "x2": 0.6230031948881789,
    "y2": 0.9355608591885441
}