{
    "class": "other",
    "x1": 0.2247596153846154,
    "y1": 0.35306122448979593,
    "x2": 0.41586538461538464,
    "y2": 0.689795918367347
}