{
    "class": "other",
    "x1": 0.5655555555555556,
    "y1": 0.514018691588785,
    "x2": 0.5222222222222223,
    "y2": 0.9719626168224299
}