{
    "class": "other",
    "x1": 0.498371335504886,
    "y1": 0.4847560975609756,
    "x2": 0.9185667752442996,
    "y2": 0.8597560975609756
}