{
    "class": "other",
    "x1": 0.5119791666666667,
    "y1": 0.391796875,
    "x2": 0.7895833333333333,
    "y2": 0.72265625
}