{
    "class": "other",
    "x1": 0.5840664711632454,
    "y1": 0.4363103953147877,
    "x2": 0.6754643206256109,
    "y2": 0.6383601756954612
}