{
    "class": "other",
    "x1": 0.5008090614886731,
    "y1": 0.501432664756447,
    "x2": 0.9983818770226537,
    "y2": 0.997134670487106
}