{
    "class": "other",
    "x1": 0.49375,
    "y1": 0.44730679156908665,
    "x2": 0.04791666666666667,
    "y2": 0.0936768149882904
}