{
    "class": "other",
    "x1": 0.60546875,
    "y1": 0.44814814814814813,
    "x2": 0.1328125,
    "y2": 0.20185185185185187
}