{
    "class": "other",
    "x1": 0.3038461538461538,
    "y1": 0.36363636363636365,
    "x2": 0.5123076923076924,
    "y2": 0.438871473354232
}