{
    "class": "other",
    "x1": 0.5357692307692308,
    "y1": 0.46342737722048066,
    "x2": 0.8623076923076923,
    "y2": 0.6802507836990596
}