{
    "class": "other",
    "x1": 0.426056338028169,
    "y1": 0.5354166666666667,
    "x2": 0.29577464788732394,
    "y2": 0.7833333333333333
}