{
    "class": "other",
    "x1": 0.33255208333333336,
    "y1": 0.5023148148148148,
    "x2": 0.10364583333333334,
    "y2": 0.21203703703703702
}