{
    "class": "other",
    "x1": 0.47555555555555556,
    "y1": 0.2709030100334448,
    "x2": 0.52,
    "y2": 0.4414715719063545
}