{
    "class": "other",
    "x1": 0.552020202020202,
    "y1": 0.5172413793103449,
    "x2": 0.398989898989899,
    "y2": 0.42758620689655175
}