{
    "class": "other",
    "x1": 0.49244791666666665,
    "y1": 0.5273224043715847,
    "x2": 0.09427083333333333,
    "y2": 0.17408274785323966
}