{
    "class": "other",
    "x1": 0.5438461538461539,
    "y1": 0.44559585492227977,
    "x2": 0.4015384615384615,
    "y2": 0.8652849740932642
}