{
    "class": "other",
    "x1": 0.5019305019305019,
    "y1": 0.5670103092783505,
    "x2": 0.6254826254826255,
    "y2": 0.21649484536082475
}