{
    "class": "other",
    "x1": 0.33203125,
    "y1": 0.19583333333333333,
    "x2": 0.0984375,
    "y2": 0.18055555555555555
}