{
    "class": "other",
    "x1": 0.4951171875,
    "y1": 0.5,
    "x2": 0.888671875,
    "y2": 0.9965277777777778
}