{
    "class": "other",
    "x1": 0.5111111111111111,
    "y1": 0.378125,
    "x2": 0.5511111111111111,
    "y2": 0.65625
}