{
    "class": "other",
    "x1": 0.5028645833333333,
    "y1": 0.5138888888888888,
    "x2": 0.8203125,
    "y2": 0.8444444444444444
}