{
    "class": "other",
    "x1": 0.36484375,
    "y1": 0.3106481481481482,
    "x2": 0.19947916666666668,
    "y2": 0.35833333333333334
}