{
    "class": "other",
    "x1": 0.51015625,
    "y1": 0.5304449648711944,
    "x2": 0.1265625,
    "y2": 0.18501170960187355
}