{
    "class": "other",
    "x1": 0.5348958333333333,
    "y1": 0.46994535519125685,
    "x2": 0.24583333333333332,
    "y2": 0.4106167056986729
}