{
    "class": "other",
    "x1": 0.5637982195845698,
    "y1": 0.5404761904761904,
    "x2": 0.5281899109792285,
    "y2": 0.919047619047619
}