{
    "class": "other",
    "x1": 0.47291666666666665,
    "y1": 0.36018518518518516,
    "x2": 0.24270833333333333,
    "y2": 0.4444444444444444
}