{
    "class": "other",
    "x1": 0.5816831683168316,
    "y1": 0.3537037037037037,
    "x2": 0.06064356435643564,
    "y2": 0.07407407407407407
}