{
    "class": "other",
    "x1": 0.6055718475073314,
    "y1": 0.3643250688705234,
    "x2": 0.5386119257086999,
    "y2": 0.6322314049586777
}