{
    "class": "other",
    "x1": 0.4942708333333333,
    "y1": 0.5731481481481482,
    "x2": 0.06458333333333334,
    "y2": 0.12777777777777777
}