{
    "class": "other",
    "x1": 0.47,
    "y1": 0.398068669527897,
    "x2": 0.4514285714285714,
    "y2": 0.34549356223175964
}