{
    "class": "other",
    "x1": 0.5424479166666667,
    "y1": 0.4986111111111111,
    "x2": 0.08489583333333334,
    "y2": 0.13796296296296295
}