{
    "class": "other",
    "x1": 0.4413145539906103,
    "y1": 0.46145833333333336,
    "x2": 0.41784037558685444,
    "y2": 0.28958333333333336
}