{
    "class": "other",
    "x1": 0.38958333333333334,
    "y1": 0.34953703703703703,
    "x2": 0.18645833333333334,
    "y2": 0.2601851851851852
}