{
    "class": "other",
    "x1": 0.47682291666666665,
    "y1": 0.49375487900078063,
    "x2": 0.24010416666666667,
    "y2": 0.22872755659640906
}