{
    "class": "other",
    "x1": 0.38791079812206575,
    "y1": 0.503125,
    "x2": 0.534037558685446,
    "y2": 0.8229166666666666
}