{
    "class": "other",
    "x1": 0.4359110169491525,
    "y1": 0.365097588978186,
    "x2": 0.5074152542372882,
    "y2": 0.5832376578645235
}