{
    "class": "other",
    "x1": 0.47630208333333335,
    "y1": 0.5546448087431693,
    "x2": 0.09427083333333333,
    "y2": 0.3192818110850898
}