{
    "class": "other",
    "x1": 0.4890909090909091,
    "y1": 0.4972677595628415,
    "x2": 0.7090909090909091,
    "y2": 0.7868852459016393
}