{
    "class": "other",
    "x1": 0.4947916666666667,
    "y1": 0.4711163153786105,
    "x2": 0.10520833333333333,
    "y2": 0.14910226385636222
}