{
    "class": "other",
    "x1": 0.40522875816993464,
    "y1": 0.42028985507246375,
    "x2": 0.6078431372549019,
    "y2": 0.5838509316770186
}