{
    "class": "other",
    "x1": 0.4778645833333333,
    "y1": 0.3375,
    "x2": 0.05572916666666667,
    "y2": 0.12314814814814815
}