{
    "class": "other",
    "x1": 0.48463541666666665,
    "y1": 0.5171740827478533,
    "x2": 0.059895833333333336,
    "y2": 0.13348946135831383
}