{
    "class": "other",
    "x1": 0.415625,
    "y1": 0.36151079136690645,
    "x2": 0.63125,
    "y2": 0.564748201438849
}