{
    "class": "other",
    "x1": 0.4305555555555556,
    "y1": 0.5,
    "x2": 0.11419753086419752,
    "y2": 0.1
}