{
    "class": "other",
    "x1": 0.5263020833333333,
    "y1": 0.2439814814814815,
    "x2": 0.16197916666666667,
    "y2": 0.2953703703703704
}