{
    "class": "other",
    "x1": 0.59875,
    "y1": 0.4005281690140845,
    "x2": 0.4525,
    "y2": 0.5299295774647887
}