{
    "class": "other",
    "x1": 0.40338541666666666,
    "y1": 0.45416666666666666,
    "x2": 0.20572916666666666,
    "y2": 0.3435185185185185
}