{
    "class": "other",
    "x1": 0.5213541666666667,
    "y1": 0.5101483216237315,
    "x2": 0.19479166666666667,
    "y2": 0.2568306010928962
}