{
    "class": "other",
    "x1": 0.5188311688311689,
    "y1": 0.3416666666666667,
    "x2": 0.8090909090909091,
    "y2": 0.6261904761904762
}