{
    "class": "other",
    "x1": 0.47239583333333335,
    "y1": 0.4964871194379391,
    "x2": 0.16145833333333334,
    "y2": 0.1405152224824356
}