{
    "class": "other",
    "x1": 0.4979166666666667,
    "y1": 0.4013888888888889,
    "x2": 0.2552083333333333,
    "y2": 0.4101851851851852
}