{
    "class": "other",
    "x1": 0.4291300097751711,
    "y1": 0.3007299270072993,
    "x2": 0.8250244379276638,
    "y2": 0.5051094890510949
}