{
    "class": "other",
    "x1": 0.47942708333333334,
    "y1": 0.49453551912568305,
    "x2": 0.16614583333333333,
    "y2": 0.20062451209992194
}