{
    "class": "other",
    "x1": 0.367,
    "y1": 0.3948787061994609,
    "x2": 0.482,
    "y2": 0.2830188679245283
}