{
    "class": "other",
    "x1": 0.43166666666666664,
    "y1": 0.4523809523809524,
    "x2": 0.8566666666666667,
    "y2": 0.8928571428571429
}