{
    "class": "other",
    "x1": 0.5803125,
    "y1": 0.5351027397260274,
    "x2": 0.466875,
    "y2": 0.4537671232876712
}