{
    "class": "other",
    "x1": 0.6221896383186706,
    "y1": 0.4292364990689013,
    "x2": 0.3489736070381232,
    "y2": 0.30726256983240224
}