{
    "class": "other",
    "x1": 0.4,
    "y1": 0.38,
    "x2": 0.5066666666666667,
    "y2": 0.38666666666666666
}