{
    "class": "other",
    "x1": 0.44014084507042256,
    "y1": 0.5,
    "x2": 0.5938967136150235,
    "y2": 0.9958333333333333
}