{
    "class": "other",
    "x1": 0.4466145833333333,
    "y1": 0.3984375,
    "x2": 0.4171875,
    "y2": 0.5296875
}