{
    "class": "other",
    "x1": 0.366875,
    "y1": 0.4951923076923077,
    "x2": 0.70875,
    "y2": 0.8480769230769231
}