{
    "class": "other",
    "x1": 0.5204166666666666,
    "y1": 0.468125,
    "x2": 0.8641666666666666,
    "y2": 0.79125
}