{
    "class": "other",
    "x1": 0.4739583333333333,
    "y1": 0.5185185185185185,
    "x2": 0.09791666666666667,
    "y2": 0.21666666666666667
}