{
    "class": "other",
    "x1": 0.522887323943662,
    "y1": 0.6010416666666667,
    "x2": 0.43779342723004694,
    "y2": 0.7604166666666666
}