{
    "class": "other",
    "x1": 0.49919871794871795,
    "y1": 0.5558441558441558,
    "x2": 0.9951923076923077,
    "y2": 0.8883116883116883
}