{
    "class": "other",
    "x1": 0.5252777777777777,
    "y1": 0.4987510407993339,
    "x2": 0.7305555555555555,
    "y2": 0.5162364696086594
}