{
    "class": "other",
    "x1": 0.4625,
    "y1": 0.48515625,
    "x2": 0.4479166666666667,
    "y2": 0.7234375
}