{
    "class": "other",
    "x1": 0.5528169014084507,
    "y1": 0.5338983050847458,
    "x2": 0.5985915492957746,
    "y2": 0.5254237288135594
}