{
    "class": "other",
    "x1": 0.5369649805447471,
    "y1": 0.49489795918367346,
    "x2": 0.7159533073929961,
    "y2": 0.9795918367346939
}