{
    "class": "other",
    "x1": 0.5874877810361682,
    "y1": 0.36798179059180575,
    "x2": 0.5004887585532747,
    "y2": 0.6206373292867982
}