{
    "class": "other",
    "x1": 0.49973958333333335,
    "y1": 0.3138888888888889,
    "x2": 0.06510416666666667,
    "y2": 0.12222222222222222
}