{
    "class": "other",
    "x1": 0.4947530864197531,
    "y1": 0.3541666666666667,
    "x2": 0.043827160493827164,
    "y2": 0.09351851851851851
}