{
    "class": "other",
    "x1": 0.5541666666666667,
    "y1": 0.25972222222222224,
    "x2": 0.153125,
    "y2": 0.25277777777777777
}