{
    "class": "other",
    "x1": 0.41640625,
    "y1": 0.3855140186915888,
    "x2": 0.4203125,
    "y2": 0.5607476635514018
}