{
    "class": "other",
    "x1": 0.4859375,
    "y1": 0.56875,
    "x2": 0.646875,
    "y2": 0.625
}