{
    "class": "other",
    "x1": 0.5145833333333333,
    "y1": 0.5023419203747073,
    "x2": 0.18645833333333334,
    "y2": 0.3505074160811866
}