{
    "class": "other",
    "x1": 0.5200520833333333,
    "y1": 0.5031225604996097,
    "x2": 0.16614583333333333,
    "y2": 0.3255269320843091
}