{
    "class": "other",
    "x1": 0.689453125,
    "y1": 0.5029325513196481,
    "x2": 0.3984375,
    "y2": 0.41935483870967744
}