{
    "class": "other",
    "x1": 0.5796676441837733,
    "y1": 0.5469208211143695,
    "x2": 0.39882697947214074,
    "y2": 0.6158357771260997
}