{
    "class": "other",
    "x1": 0.5288235294117647,
    "y1": 0.508130081300813,
    "x2": 0.5941176470588235,
    "y2": 0.9634146341463414
}