{
    "class": "other",
    "x1": 0.4440104166666667,
    "y1": 0.4300925925925926,
    "x2": 0.08489583333333334,
    "y2": 0.23981481481481481
}