{
    "class": "other",
    "x1": 0.471875,
    "y1": 0.32645403377110693,
    "x2": 0.80125,
    "y2": 0.6116322701688556
}