{
    "class": "other",
    "x1": 0.5,
    "y1": 0.46689019279128247,
    "x2": 0.2675,
    "y2": 0.3336127409891031
}