{
    "class": "other",
    "x1": 0.47369791666666666,
    "y1": 0.5124902419984387,
    "x2": 0.11614583333333334,
    "y2": 0.19281811085089773
}