{
    "class": "other",
    "x1": 0.34036458333333336,
    "y1": 0.6606481481481481,
    "x2": 0.11302083333333333,
    "y2": 0.18425925925925926
}