{
    "class": "other",
    "x1": 0.3629976580796253,
    "y1": 0.5,
    "x2": 0.24355971896955503,
    "y2": 0.6333333333333333
}