{
    "class": "other",
    "x1": 0.5035211267605634,
    "y1": 0.428125,
    "x2": 0.49295774647887325,
    "y2": 0.7354166666666667
}