{
    "class": "other",
    "x1": 0.50625,
    "y1": 0.5128805620608899,
    "x2": 0.07916666666666666,
    "y2": 0.08899297423887588
}