{
    "class": "other",
    "x1": 0.5734615384615385,
    "y1": 0.546189376443418,
    "x2": 0.34692307692307695,
    "y2": 0.6212471131639723
}