{
    "class": "other",
    "x1": 0.5057915057915058,
    "y1": 0.45618556701030927,
    "x2": 0.749034749034749,
    "y2": 0.4793814432989691
}