{
    "class": "other",
    "x1": 0.46953125,
    "y1": 0.5035128805620609,
    "x2": 0.0734375,
    "y2": 0.19359875097580015
}