{
    "class": "other",
    "x1": 0.39166666666666666,
    "y1": 0.7925925925925926,
    "x2": 0.06770833333333333,
    "y2": 0.11481481481481481
}