{
    "class": "other",
    "x1": 0.35885416666666664,
    "y1": 0.16620370370370371,
    "x2": 0.103125,
    "y2": 0.13240740740740742
}