{
    "class": "other",
    "x1": 0.6094771241830066,
    "y1": 0.435656836461126,
    "x2": 0.5326797385620915,
    "y2": 0.3351206434316354
}