{
    "class": "other",
    "x1": 0.5358306188925082,
    "y1": 0.42378048780487804,
    "x2": 0.5179153094462541,
    "y2": 0.8353658536585366
}