{
    "class": "other",
    "x1": 0.4895833333333333,
    "y1": 0.5078064012490242,
    "x2": 0.0875,
    "y2": 0.10226385636221702
}