{
    "class": "other",
    "x1": 0.560625,
    "y1": 0.5834394904458599,
    "x2": 0.71125,
    "y2": 0.5834394904458599
}