{
    "class": "other",
    "x1": 0.5020833333333333,
    "y1": 0.6046296296296296,
    "x2": 0.09270833333333334,
    "y2": 0.09814814814814815
}