{
    "class": "other",
    "x1": 0.50625,
    "y1": 0.5975935828877005,
    "x2": 0.5775,
    "y2": 0.7032085561497327
}