{
    "class": "other",
    "x1": 0.3145833333333333,
    "y1": 0.5740740740740741,
    "x2": 0.09791666666666667,
    "y2": 0.1814814814814815
}