{
    "class": "other",
    "x1": 0.5015625,
    "y1": 0.546875,
    "x2": 0.996875,
    "y2": 0.7375
}