{
    "class": "other",
    "x1": 0.5346153846153846,
    "y1": 0.40993071593533487,
    "x2": 0.5,
    "y2": 0.3856812933025404
}