{
    "class": "other",
    "x1": 0.48455598455598453,
    "y1": 0.5412371134020618,
    "x2": 0.9613899613899614,
    "y2": 0.9175257731958762
}