{
    "class": "other",
    "x1": 0.621875,
    "y1": 0.4849023090586146,
    "x2": 0.71875,
    "y2": 0.9342806394316163
}