{
    "class": "other",
    "x1": 0.44576923076923075,
    "y1": 0.5025641025641026,
    "x2": 0.7607692307692308,
    "y2": 0.7835897435897435
}