{
    "class": "other",
    "x1": 0.41943359375,
    "y1": 0.6405563689604685,
    "x2": 0.3818359375,
    "y2": 0.718887262079063
}