{
    "class": "other",
    "x1": 0.3390625,
    "y1": 0.17314814814814813,
    "x2": 0.11354166666666667,
    "y2": 0.12037037037037036
}