{
    "class": "other",
    "x1": 0.5091145833333334,
    "y1": 0.6131928181108509,
    "x2": 0.0984375,
    "y2": 0.12256049960967993
}