{
    "class": "other",
    "x1": 0.4487654320987654,
    "y1": 0.3300925925925926,
    "x2": 0.11481481481481481,
    "y2": 0.07314814814814814
}