{
    "class": "other",
    "x1": 0.4861979166666667,
    "y1": 0.4787037037037037,
    "x2": 0.1265625,
    "y2": 0.22037037037037038
}