{
    "class": "other",
    "x1": 0.5673828125,
    "y1": 0.4528023598820059,
    "x2": 0.458984375,
    "y2": 0.6430678466076696
}