{
    "class": "other",
    "x1": 0.39791666666666664,
    "y1": 0.4888888888888889,
    "x2": 0.1125,
    "y2": 0.18518518518518517
}