{
    "class": "other",
    "x1": 0.47994791666666664,
    "y1": 0.49063231850117095,
    "x2": 0.09739583333333333,
    "y2": 0.1288056206088993
}