{
    "class": "other",
    "x1": 0.38125,
    "y1": 0.5046641791044776,
    "x2": 0.6425,
    "y2": 0.8861940298507462
}