{
    "class": "other",
    "x1": 0.49244791666666665,
    "y1": 0.14675925925925926,
    "x2": 0.1421875,
    "y2": 0.2861111111111111
}