{
    "class": "other",
    "x1": 0.5373456790123456,
    "y1": 0.7152777777777778,
    "x2": 0.21049382716049383,
    "y2": 0.30462962962962964
}