{
    "class": "other",
    "x1": 0.45416666666666666,
    "y1": 0.29444444444444445,
    "x2": 0.18020833333333333,
    "y2": 0.337037037037037
}