{
    "class": "other",
    "x1": 0.5273076923076923,
    "y1": 0.44022988505747124,
    "x2": 0.4376923076923077,
    "y2": 0.36091954022988504
}