{
    "class": "other",
    "x1": 0.42153846153846153,
    "y1": 0.5049778761061947,
    "x2": 0.7046153846153846,
    "y2": 0.6095132743362832
}