{
    "class": "other",
    "x1": 0.41015625,
    "y1": 0.5331125827814569,
    "x2": 0.345703125,
    "y2": 0.31125827814569534
}