{
    "class": "other",
    "x1": 0.4869791666666667,
    "y1": 0.48360655737704916,
    "x2": 0.115625,
    "y2": 0.1678376268540203
}