{
    "class": "other",
    "x1": 0.41484375,
    "y1": 0.48672911787665885,
    "x2": 0.13697916666666668,
    "y2": 0.1366120218579235
}