{
    "class": "other",
    "x1": 0.4489194499017682,
    "y1": 0.38804347826086955,
    "x2": 0.4165029469548134,
    "y2": 0.7717391304347826
}