{
    "class": "other",
    "x1": 0.6073943661971831,
    "y1": 0.540625,
    "x2": 0.357981220657277,
    "y2": 0.6979166666666666
}