{
    "class": "other",
    "x1": 0.4116666666666667,
    "y1": 0.4107142857142857,
    "x2": 0.6366666666666667,
    "y2": 0.7738095238095238
}