{
    "class": "other",
    "x1": 0.49884615384615383,
    "y1": 0.4732142857142857,
    "x2": 0.8515384615384616,
    "y2": 0.6809006211180124
}