{
    "class": "other",
    "x1": 0.6048707753479126,
    "y1": 0.3871951219512195,
    "x2": 0.48807157057654077,
    "y2": 0.6371951219512195
}