{
    "class": "other",
    "x1": 0.4861979166666667,
    "y1": 0.825462962962963,
    "x2": 0.08697916666666666,
    "y2": 0.1638888888888889
}