{
    "class": "other",
    "x1": 0.5459940652818991,
    "y1": 0.4357142857142857,
    "x2": 0.4094955489614243,
    "y2": 0.5142857142857142
}