{
    "class": "other",
    "x1": 0.3953125,
    "y1": 0.3962962962962963,
    "x2": 0.06770833333333333,
    "y2": 0.19074074074074074
}