{
    "class": "other",
    "x1": 0.40723270440251574,
    "y1": 0.2641509433962264,
    "x2": 0.6761006289308176,
    "y2": 0.5157232704402516
}