{
    "class": "other",
    "x1": 0.6330769230769231,
    "y1": 0.354014598540146,
    "x2": 0.3323076923076923,
    "y2": 0.5766423357664233
}