{
    "class": "other",
    "x1": 0.3921875,
    "y1": 0.5066354410616706,
    "x2": 0.17708333333333334,
    "y2": 0.25917252146760345
}