{
    "class": "other",
    "x1": 0.5565104166666667,
    "y1": 0.5491803278688525,
    "x2": 0.20260416666666667,
    "y2": 0.22404371584699453
}