{
    "class": "other",
    "x1": 0.365625,
    "y1": 0.5041666666666667,
    "x2": 0.20625,
    "y2": 0.19537037037037036
}