{
    "class": "other",
    "x1": 0.5098958333333333,
    "y1": 0.48360655737704916,
    "x2": 0.19166666666666668,
    "y2": 0.17096018735362997
}