{
    "class": "other",
    "x1": 0.565,
    "y1": 0.44803695150115475,
    "x2": 0.4776923076923077,
    "y2": 0.7367205542725174
}