{
    "class": "other",
    "x1": 0.46067708333333335,
    "y1": 0.5085870413739266,
    "x2": 0.1984375,
    "y2": 0.3442622950819672
}