{
    "class": "other",
    "x1": 0.44557291666666665,
    "y1": 0.4652777777777778,
    "x2": 0.2328125,
    "y2": 0.2898148148148148
}