{
    "class": "other",
    "x1": 0.41,
    "y1": 0.47619047619047616,
    "x2": 0.8133333333333334,
    "y2": 0.9404761904761905
}