{
    "class": "other",
    "x1": 0.12473958333333333,
    "y1": 0.5615740740740741,
    "x2": 0.2484375,
    "y2": 0.3731481481481482
}