{
    "class": "other",
    "x1": 0.490625,
    "y1": 0.42349726775956287,
    "x2": 0.10729166666666666,
    "y2": 0.1131928181108509
}