{
    "class": "other",
    "x1": 0.5110389610389611,
    "y1": 0.5011904761904762,
    "x2": 0.5831168831168831,
    "y2": 0.9976190476190476
}