{
    "class": "other",
    "x1": 0.52125,
    "y1": 0.46680080482897385,
    "x2": 0.7425,
    "y2": 0.49899396378269617
}