{
    "class": "other",
    "x1": 0.3037037037037037,
    "y1": 0.36435185185185187,
    "x2": 0.05555555555555555,
    "y2": 0.09907407407407408
}