{
    "class": "other",
    "x1": 0.603128054740958,
    "y1": 0.36707988980716255,
    "x2": 0.5376344086021505,
    "y2": 0.6294765840220385
}