{
    "class": "other",
    "x1": 0.5189393939393939,
    "y1": 0.5676767676767677,
    "x2": 0.8621212121212121,
    "y2": 0.7838383838383839
}