{
    "class": "other",
    "x1": 0.5019230769230769,
    "y1": 0.6134020618556701,
    "x2": 0.8884615384615384,
    "y2": 0.6804123711340206
}