{
    "class": "other",
    "x1": 0.51,
    "y1": 0.731875,
    "x2": 0.35,
    "y2": 0.18625
}