{
    "class": "other",
    "x1": 0.3815104166666667,
    "y1": 0.36064814814814816,
    "x2": 0.2526041666666667,
    "y2": 0.262037037037037
}