{
    "class": "other",
    "x1": 0.5668831168831169,
    "y1": 0.5166666666666667,
    "x2": 0.6090909090909091,
    "y2": 0.9666666666666667
}