{
    "class": "other",
    "x1": 0.6262345679012346,
    "y1": 0.6402777777777777,
    "x2": 0.09320987654320988,
    "y2": 0.09907407407407408
}