{
    "class": "other",
    "x1": 0.7175324675324676,
    "y1": 0.4226190476190476,
    "x2": 0.5285714285714286,
    "y2": 0.45476190476190476
}