{
    "class": "other",
    "x1": 0.4762345679012346,
    "y1": 0.48055555555555557,
    "x2": 0.05617283950617284,
    "y2": 0.14444444444444443
}