{
    "class": "other",
    "x1": 0.48854166666666665,
    "y1": 0.637392661982826,
    "x2": 0.13125,
    "y2": 0.1725214676034348
}