{
    "class": "other",
    "x1": 0.5390625,
    "y1": 0.5195160031225605,
    "x2": 0.103125,
    "y2": 0.19281811085089773
}