{
    "class": "other",
    "x1": 0.45666666666666667,
    "y1": 0.4705056179775281,
    "x2": 0.8955555555555555,
    "y2": 0.7837078651685393
}