{
    "class": "other",
    "x1": 0.6705767350928641,
    "y1": 0.362043795620438,
    "x2": 0.6060606060606061,
    "y2": 0.6072992700729927
}