{
    "class": "other",
    "x1": 0.5286458333333334,
    "y1": 0.5140515222482436,
    "x2": 0.08854166666666667,
    "y2": 0.08040593286494926
}