{
    "class": "other",
    "x1": 0.60859375,
    "y1": 0.49414519906323184,
    "x2": 0.7265625,
    "y2": 0.9742388758782201
}