{
    "class": "other",
    "x1": 0.38495332235035695,
    "y1": 0.550658978583196,
    "x2": 0.5590334980779791,
    "y2": 0.4818780889621087
}