{
    "class": "other",
    "x1": 0.5236979166666667,
    "y1": 0.3851851851851852,
    "x2": 0.1328125,
    "y2": 0.20555555555555555
}