{
    "class": "other",
    "x1": 0.5177083333333333,
    "y1": 0.45823575331772054,
    "x2": 0.18229166666666666,
    "y2": 0.2935206869633099
}