{
    "class": "other",
    "x1": 0.36692708333333335,
    "y1": 0.562962962962963,
    "x2": 0.18802083333333333,
    "y2": 0.3425925925925926
}