{
    "class": "other",
    "x1": 0.49270482603815935,
    "y1": 0.5063965884861408,
    "x2": 0.8507295173961841,
    "y2": 0.8422174840085288
}