{
    "class": "other",
    "x1": 0.4301643192488263,
    "y1": 0.6114583333333333,
    "x2": 0.7476525821596244,
    "y2": 0.6104166666666667
}