{
    "class": "other",
    "x1": 0.5491159135559921,
    "y1": 0.42330383480825956,
    "x2": 0.4302554027504912,
    "y2": 0.43952802359882004
}