{
    "class": "other",
    "x1": 0.6089931573802542,
    "y1": 0.4868035190615836,
    "x2": 0.18963831867057673,
    "y2": 0.31085043988269795
}