{
    "class": "other",
    "x1": 0.40546875,
    "y1": 0.5875,
    "x2": 0.1390625,
    "y2": 0.2490740740740741
}