{
    "class": "other",
    "x1": 0.5703125,
    "y1": 0.27870370370370373,
    "x2": 0.22604166666666667,
    "y2": 0.40370370370370373
}