{
    "class": "other",
    "x1": 0.4718085106382979,
    "y1": 0.24401913875598086,
    "x2": 0.4797872340425532,
    "y2": 0.2807017543859649
}