{
    "class": "other",
    "x1": 0.6525821596244131,
    "y1": 0.6458333333333334,
    "x2": 0.22769953051643194,
    "y2": 0.35833333333333334
}