{
    "class": "other",
    "x1": 0.4995833333333333,
    "y1": 0.5534290271132376,
    "x2": 0.5341666666666667,
    "y2": 0.7113237639553429
}