{
    "class": "other",
    "x1": 0.5109953703703703,
    "y1": 0.29232111692844676,
    "x2": 0.45023148148148145,
    "y2": 0.41361256544502617
}