{
    "class": "other",
    "x1": 0.5155,
    "y1": 0.4775112443778111,
    "x2": 0.445,
    "y2": 0.3313343328335832
}