{
    "class": "other",
    "x1": 0.503125,
    "y1": 0.5388888888888889,
    "x2": 0.11354166666666667,
    "y2": 0.34629629629629627
}