{
    "class": "other",
    "x1": 0.5188271604938272,
    "y1": 0.5041666666666667,
    "x2": 0.14012345679012345,
    "y2": 0.15833333333333333
}