{
    "class": "other",
    "x1": 0.5035714285714286,
    "y1": 0.49622166246851385,
    "x2": 0.8185714285714286,
    "y2": 0.801007556675063
}