{
    "class": "other",
    "x1": 0.5041666666666667,
    "y1": 0.48672911787665885,
    "x2": 0.10729166666666666,
    "y2": 0.1053864168618267
}