{
    "class": "other",
    "x1": 0.46796875,
    "y1": 0.24305555555555555,
    "x2": 0.23385416666666667,
    "y2": 0.22314814814814815
}