{
    "class": "other",
    "x1": 0.446875,
    "y1": 0.52,
    "x2": 0.83625,
    "y2": 0.8633333333333333
}