{
    "class": "other",
    "x1": 0.5466145833333333,
    "y1": 0.5085870413739266,
    "x2": 0.20677083333333332,
    "y2": 0.16627634660421545
}