{
    "class": "other",
    "x1": 0.5166666666666667,
    "y1": 0.43444444444444447,
    "x2": 0.92,
    "y2": 0.6911111111111111
}