{
    "class": "other",
    "x1": 0.5543735224586288,
    "y1": 0.44895833333333335,
    "x2": 0.4657210401891253,
    "y2": 0.33125
}