{
    "class": "other",
    "x1": 0.44375,
    "y1": 0.5580524344569289,
    "x2": 0.6875,
    "y2": 0.8314606741573034
}