{
    "class": "other",
    "x1": 0.35677966101694913,
    "y1": 0.52,
    "x2": 0.6389830508474577,
    "y2": 0.6457142857142857
}