{
    "class": "other",
    "x1": 0.8286458333333333,
    "y1": 0.3185011709601874,
    "x2": 0.16458333333333333,
    "y2": 0.195160031225605
}