{
    "class": "other",
    "x1": 0.56,
    "y1": 0.505464480874317,
    "x2": 0.6181818181818182,
    "y2": 0.9344262295081968
}