{
    "class": "other",
    "x1": 0.5416666666666666,
    "y1": 0.5029761904761905,
    "x2": 0.9166666666666666,
    "y2": 0.9940476190476191
}