{
    "class": "other",
    "x1": 0.2808333333333333,
    "y1": 0.5705555555555556,
    "x2": 0.5383333333333333,
    "y2": 0.3477777777777778
}