{
    "class": "other",
    "x1": 0.4706896551724138,
    "y1": 0.4823076923076923,
    "x2": 0.828735632183908,
    "y2": 0.5984615384615385
}