{
    "class": "other",
    "x1": 0.5309375,
    "y1": 0.5282534246575342,
    "x2": 0.473125,
    "y2": 0.4486301369863014
}