{
    "class": "other",
    "x1": 0.13541666666666666,
    "y1": 0.3278481012658228,
    "x2": 0.15138888888888888,
    "y2": 0.47341772151898737
}