{
    "class": "other",
    "x1": 0.5333333333333333,
    "y1": 0.5166666666666667,
    "x2": 0.6444444444444445,
    "y2": 0.9266666666666666
}