{
    "class": "other",
    "x1": 0.4434895833333333,
    "y1": 0.4842592592592593,
    "x2": 0.0453125,
    "y2": 0.07777777777777778
}