{
    "class": "other",
    "x1": 0.36770833333333336,
    "y1": 0.5675925925925925,
    "x2": 0.18645833333333334,
    "y2": 0.337037037037037
}