{
    "class": "other",
    "x1": 0.6265884652981427,
    "y1": 0.5389705882352941,
    "x2": 0.3831867057673509,
    "y2": 0.43676470588235294
}