{
    "class": "other",
    "x1": 0.555859375,
    "y1": 0.6512309495896834,
    "x2": 0.28359375,
    "y2": 0.2473622508792497
}