{
    "class": "other",
    "x1": 0.38776041666666666,
    "y1": 0.5800925925925926,
    "x2": 0.2015625,
    "y2": 0.3638888888888889
}