{
    "class": "other",
    "x1": 0.504375,
    "y1": 0.5420833333333334,
    "x2": 0.89,
    "y2": 0.6558333333333334
}