{
    "class": "other",
    "x1": 0.513671875,
    "y1": 0.4838235294117647,
    "x2": 0.7890625,
    "y2": 0.5147058823529411
}