{
    "class": "other",
    "x1": 0.6567901234567901,
    "y1": 0.39537037037037037,
    "x2": 0.10123456790123457,
    "y2": 0.18888888888888888
}