{
    "class": "other",
    "x1": 0.4666666666666667,
    "y1": 0.5386904761904762,
    "x2": 0.78,
    "y2": 0.7678571428571429
}