{
    "class": "other",
    "x1": 0.357981220657277,
    "y1": 0.3145833333333333,
    "x2": 0.38967136150234744,
    "y2": 0.45
}