{
    "class": "other",
    "x1": 0.50859375,
    "y1": 0.4769711163153786,
    "x2": 0.07239583333333334,
    "y2": 0.11085089773614364
}