{
    "class": "other",
    "x1": 0.5501930501930502,
    "y1": 0.5489690721649485,
    "x2": 0.6061776061776062,
    "y2": 0.3556701030927835
}