{
    "class": "other",
    "x1": 0.29401041666666666,
    "y1": 0.44351851851851853,
    "x2": 0.07447916666666667,
    "y2": 0.08518518518518518
}