{
    "class": "other",
    "x1": 0.6338709677419355,
    "y1": 0.49283667621776506,
    "x2": 0.6612903225806451,
    "y2": 0.9799426934097422
}