{
    "class": "other",
    "x1": 0.460093896713615,
    "y1": 0.5291666666666667,
    "x2": 0.39436619718309857,
    "y2": 0.2833333333333333
}