{
    "class": "other",
    "x1": 0.5151515151515151,
    "y1": 0.49429037520391517,
    "x2": 0.8680351906158358,
    "y2": 0.7862969004893964
}