{
    "class": "other",
    "x1": 0.5158450704225352,
    "y1": 0.5480225988700564,
    "x2": 0.6514084507042254,
    "y2": 0.903954802259887
}