{
    "class": "other",
    "x1": 0.5028645833333333,
    "y1": 0.5527777777777778,
    "x2": 0.0578125,
    "y2": 0.12962962962962962
}