{
    "class": "other",
    "x1": 0.47682291666666665,
    "y1": 0.4361111111111111,
    "x2": 0.04114583333333333,
    "y2": 0.1388888888888889
}