{
    "class": "other",
    "x1": 0.5497395833333333,
    "y1": 0.4111111111111111,
    "x2": 0.2203125,
    "y2": 0.2388888888888889
}