{
    "class": "other",
    "x1": 0.5176056338028169,
    "y1": 0.4510416666666667,
    "x2": 0.2746478873239437,
    "y2": 0.38958333333333334
}