{
    "class": "other",
    "x1": 0.4005208333333333,
    "y1": 0.45160031225604996,
    "x2": 0.24479166666666666,
    "y2": 0.405152224824356
}