{
    "class": "other",
    "x1": 0.5450520833333333,
    "y1": 0.5081967213114754,
    "x2": 0.15364583333333334,
    "y2": 0.23575331772053085
}