{
    "class": "other",
    "x1": 0.5453125,
    "y1": 0.575925925925926,
    "x2": 0.04583333333333333,
    "y2": 0.14074074074074075
}