{
    "class": "other",
    "x1": 0.5018229166666667,
    "y1": 0.9055555555555556,
    "x2": 0.0671875,
    "y2": 0.1111111111111111
}