{
    "class": "other",
    "x1": 0.36692708333333335,
    "y1": 0.5652777777777778,
    "x2": 0.18697916666666667,
    "y2": 0.3416666666666667
}