{
    "class": "other",
    "x1": 0.683125,
    "y1": 0.5225140712945591,
    "x2": 0.56125,
    "y2": 0.8986866791744841
}