{
    "class": "other",
    "x1": 0.22666666666666666,
    "y1": 0.3942307692307692,
    "x2": 0.4488888888888889,
    "y2": 0.782051282051282
}