{
    "class": "other",
    "x1": 0.39505208333333336,
    "y1": 0.4992193598750976,
    "x2": 0.17864583333333334,
    "y2": 0.17408274785323966
}