{
    "class": "other",
    "x1": 0.49947916666666664,
    "y1": 0.48711943793911006,
    "x2": 0.18958333333333333,
    "y2": 0.2888368462138954
}