{
    "class": "other",
    "x1": 0.4454225352112676,
    "y1": 0.30833333333333335,
    "x2": 0.27816901408450706,
    "y2": 0.2833333333333333
}