{
    "class": "other",
    "x1": 0.53046875,
    "y1": 0.47892271662763464,
    "x2": 0.0859375,
    "y2": 0.1881342701014832
}