{
    "class": "other",
    "x1": 0.4226190476190476,
    "y1": 0.553088803088803,
    "x2": 0.5571428571428572,
    "y2": 0.8938223938223938
}