{
    "class": "other",
    "x1": 0.3768229166666667,
    "y1": 0.3111111111111111,
    "x2": 0.2078125,
    "y2": 0.3888888888888889
}