{
    "class": "other",
    "x1": 0.47734375,
    "y1": 0.48711943793911006,
    "x2": 0.0515625,
    "y2": 0.11397345823575332
}