{
    "class": "other",
    "x1": 0.47555555555555556,
    "y1": 0.5166666666666667,
    "x2": 0.68,
    "y2": 0.8266666666666667
}