{
    "class": "other",
    "x1": 0.4994131455399061,
    "y1": 0.3958333333333333,
    "x2": 0.2875586854460094,
    "y2": 0.325
}