{
    "class": "other",
    "x1": 0.5311688311688312,
    "y1": 0.5,
    "x2": 0.8779220779220779,
    "y2": 0.7276264591439688
}