{
    "class": "other",
    "x1": 0.46848958333333335,
    "y1": 0.4344262295081967,
    "x2": 0.1046875,
    "y2": 0.20843091334894615
}