{
    "class": "other",
    "x1": 0.38961538461538464,
    "y1": 0.5095238095238095,
    "x2": 0.22692307692307692,
    "y2": 0.5206349206349207
}