{
    "class": "other",
    "x1": 0.5111979166666667,
    "y1": 0.5452771272443404,
    "x2": 0.20260416666666667,
    "y2": 0.1600312256049961
}