{
    "class": "other",
    "x1": 0.4546875,
    "y1": 0.21712962962962962,
    "x2": 0.13958333333333334,
    "y2": 0.14907407407407408
}