{
    "class": "other",
    "x1": 0.43812709030100333,
    "y1": 0.5325443786982249,
    "x2": 0.7558528428093646,
    "y2": 0.9349112426035503
}