{
    "class": "other",
    "x1": 0.4875,
    "y1": 0.4915254237288136,
    "x2": 0.88,
    "y2": 0.9522342064714946
}