{
    "class": "other",
    "x1": 0.50537109375,
    "y1": 0.5244530244530244,
    "x2": 0.8798828125,
    "y2": 0.8275418275418276
}