{
    "class": "other",
    "x1": 0.4664285714285714,
    "y1": 0.5012406947890818,
    "x2": 0.7957142857142857,
    "y2": 0.8238213399503722
}