{
    "class": "other",
    "x1": 0.3809895833333333,
    "y1": 0.32916666666666666,
    "x2": 0.17760416666666667,
    "y2": 0.30833333333333335
}