{
    "class": "other",
    "x1": 0.5064814814814815,
    "y1": 0.5296296296296297,
    "x2": 0.07592592592592592,
    "y2": 0.13518518518518519
}