{
    "class": "other",
    "x1": 0.5,
    "y1": 0.5037593984962406,
    "x2": 0.9661016949152542,
    "y2": 0.9624060150375939
}