{
    "class": "other",
    "x1": 0.3866279069767442,
    "y1": 0.5475206611570248,
    "x2": 0.6127906976744186,
    "y2": 0.8884297520661157
}