{
    "class": "other",
    "x1": 0.5945454545454546,
    "y1": 0.46994535519125685,
    "x2": 0.4909090909090909,
    "y2": 0.41530054644808745
}