{
    "class": "other",
    "x1": 0.3770833333333333,
    "y1": 0.25046296296296294,
    "x2": 0.05625,
    "y2": 0.09537037037037037
}