{
    "class": "other",
    "x1": 0.51640625,
    "y1": 0.5132708821233412,
    "x2": 0.2390625,
    "y2": 0.21779859484777517
}