{
    "class": "other",
    "x1": 0.4929328621908127,
    "y1": 0.49157303370786515,
    "x2": 0.8091872791519434,
    "y2": 0.9719101123595506
}