{
    "class": "other",
    "x1": 0.38125,
    "y1": 0.45601851851851855,
    "x2": 0.06666666666666667,
    "y2": 0.18796296296296297
}