{
    "class": "other",
    "x1": 0.5725,
    "y1": 0.5382308845577212,
    "x2": 0.577,
    "y2": 0.8245877061469266
}