{
    "class": "other",
    "x1": 0.46119791666666665,
    "y1": 0.537080405932865,
    "x2": 0.07447916666666667,
    "y2": 0.13427010148321625
}