{
    "class": "other",
    "x1": 0.4782608695652174,
    "y1": 0.49107142857142855,
    "x2": 0.7157190635451505,
    "y2": 0.9464285714285714
}