{
    "class": "other",
    "x1": 0.46770833333333334,
    "y1": 0.48360655737704916,
    "x2": 0.19479166666666667,
    "y2": 0.2849336455893833
}