{
    "class": "other",
    "x1": 0.4894366197183099,
    "y1": 0.453125,
    "x2": 0.3333333333333333,
    "y2": 0.46875
}