{
    "class": "other",
    "x1": 0.5190104166666667,
    "y1": 0.37782982045277125,
    "x2": 0.08177083333333333,
    "y2": 0.16081186572989853
}