{
    "class": "other",
    "x1": 0.44375,
    "y1": 0.47962962962962963,
    "x2": 0.04375,
    "y2": 0.13148148148148148
}