{
    "class": "other",
    "x1": 0.490625,
    "y1": 0.5081967213114754,
    "x2": 0.11875,
    "y2": 0.09992193598750976
}