{
    "class": "other",
    "x1": 0.5135135135135135,
    "y1": 0.39690721649484534,
    "x2": 0.833976833976834,
    "y2": 0.6185567010309279
}