{
    "class": "other",
    "x1": 0.125,
    "y1": 0.5638888888888889,
    "x2": 0.24895833333333334,
    "y2": 0.37962962962962965
}