{
    "class": "other",
    "x1": 0.5,
    "y1": 0.27314814814814814,
    "x2": 0.23125,
    "y2": 0.22407407407407406
}