{
    "class": "other",
    "x1": 0.5580246913580247,
    "y1": 0.538425925925926,
    "x2": 0.08765432098765433,
    "y2": 0.0787037037037037
}