{
    "class": "other",
    "x1": 0.6348765432098765,
    "y1": 0.6203703703703703,
    "x2": 0.07592592592592592,
    "y2": 0.1037037037037037
}