{
    "class": "other",
    "x1": 0.43697916666666664,
    "y1": 0.4332552693208431,
    "x2": 0.08854166666666667,
    "y2": 0.15300546448087432
}