{
    "class": "other",
    "x1": 0.4557291666666667,
    "y1": 0.49765625,
    "x2": 0.7864583333333334,
    "y2": 0.9921875
}