{
    "class": "other",
    "x1": 0.27406103286384975,
    "y1": 0.6364583333333333,
    "x2": 0.3438967136150235,
    "y2": 0.7270833333333333
}