{
    "class": "other",
    "x1": 0.39036458333333335,
    "y1": 0.40046296296296297,
    "x2": 0.08489583333333334,
    "y2": 0.225
}