{
    "class": "other",
    "x1": 0.4798034934497817,
    "y1": 0.5818181818181818,
    "x2": 0.3722707423580786,
    "y2": 0.3090909090909091
}