{
    "class": "other",
    "x1": 0.38984375,
    "y1": 0.350462962962963,
    "x2": 0.18489583333333334,
    "y2": 0.39537037037037037
}