{
    "class": "other",
    "x1": 0.4391304347826087,
    "y1": 0.5484210526315789,
    "x2": 0.42318840579710143,
    "y2": 0.6463157894736842
}