{
    "class": "other",
    "x1": 0.537156704361874,
    "y1": 0.36363636363636365,
    "x2": 0.42487883683360256,
    "y2": 0.7012987012987013
}