{
    "class": "other",
    "x1": 0.34576271186440677,
    "y1": 0.46686746987951805,
    "x2": 0.688135593220339,
    "y2": 0.7590361445783133
}