{
    "class": "other",
    "x1": 0.48125,
    "y1": 0.2560386473429952,
    "x2": 0.9291666666666667,
    "y2": 0.4830917874396135
}