{
    "class": "other",
    "x1": 0.465625,
    "y1": 0.6399253731343284,
    "x2": 0.71125,
    "y2": 0.585820895522388
}