{
    "class": "other",
    "x1": 0.37438905180840665,
    "y1": 0.4078780177890724,
    "x2": 0.6686217008797654,
    "y2": 0.49301143583227447
}