{
    "class": "other",
    "x1": 0.5125,
    "y1": 0.47970335675253706,
    "x2": 0.13854166666666667,
    "y2": 0.13973458235753317
}