{
    "class": "other",
    "x1": 0.5091145833333334,
    "y1": 0.5124902419984387,
    "x2": 0.21822916666666667,
    "y2": 0.20062451209992194
}