{
    "class": "other",
    "x1": 0.34512195121951217,
    "y1": 0.2361111111111111,
    "x2": 0.6268292682926829,
    "y2": 0.36764705882352944
}