{
    "class": "other",
    "x1": 0.5127604166666667,
    "y1": 0.5143518518518518,
    "x2": 0.06614583333333333,
    "y2": 0.1935185185185185
}