{
    "class": "other",
    "x1": 0.5046875,
    "y1": 0.4859484777517564,
    "x2": 0.20520833333333333,
    "y2": 0.1756440281030445
}