{
    "class": "other",
    "x1": 0.5218531468531469,
    "y1": 0.45013123359580054,
    "x2": 0.833916083916084,
    "y2": 0.7112860892388452
}