{
    "class": "other",
    "x1": 0.5181159420289855,
    "y1": 0.5412087912087912,
    "x2": 0.6884057971014492,
    "y2": 0.7197802197802198
}