{
    "class": "other",
    "x1": 0.43697916666666664,
    "y1": 0.2671296296296296,
    "x2": 0.14479166666666668,
    "y2": 0.30092592592592593
}