{
    "class": "other",
    "x1": 0.7086419753086419,
    "y1": 0.5578703703703703,
    "x2": 0.07037037037037037,
    "y2": 0.10833333333333334
}