{
    "class": "other",
    "x1": 0.37265258215962443,
    "y1": 0.5447916666666667,
    "x2": 0.42370892018779344,
    "y2": 0.7854166666666667
}