{
    "class": "other",
    "x1": 0.4953125,
    "y1": 0.4162037037037037,
    "x2": 0.09166666666666666,
    "y2": 0.15092592592592594
}