{
    "class": "other",
    "x1": 0.50048828125,
    "y1": 0.5227864583333334,
    "x2": 0.9990234375,
    "y2": 0.77734375
}