{
    "class": "other",
    "x1": 0.46770833333333334,
    "y1": 0.5189814814814815,
    "x2": 0.10520833333333333,
    "y2": 0.3435185185185185
}