{
    "class": "other",
    "x1": 0.4901041666666667,
    "y1": 0.4270101483216237,
    "x2": 0.103125,
    "y2": 0.1358313817330211
}