{
    "class": "other",
    "x1": 0.43645833333333334,
    "y1": 0.5787037037037037,
    "x2": 0.0875,
    "y2": 0.18703703703703703
}