{
    "class": "other",
    "x1": 0.49166666666666664,
    "y1": 0.4637002341920375,
    "x2": 0.12708333333333333,
    "y2": 0.3075722092115535
}