{
    "class": "other",
    "x1": 0.505718954248366,
    "y1": 0.5208333333333334,
    "x2": 0.8480392156862745,
    "y2": 0.7328431372549019
}