{
    "class": "other",
    "x1": 0.7465384615384615,
    "y1": 0.46936416184971097,
    "x2": 0.5069230769230769,
    "y2": 0.561849710982659
}