{
    "class": "other",
    "x1": 0.5216145833333333,
    "y1": 0.4996096799375488,
    "x2": 0.1296875,
    "y2": 0.15456674473067916
}