{
    "class": "other",
    "x1": 0.460352422907489,
    "y1": 0.54,
    "x2": 0.8193832599118943,
    "y2": 0.92
}