{
    "class": "other",
    "x1": 0.43072916666666666,
    "y1": 0.3402777777777778,
    "x2": 0.13958333333333334,
    "y2": 0.30092592592592593
}