{
    "class": "other",
    "x1": 0.45729166666666665,
    "y1": 0.41759259259259257,
    "x2": 0.08125,
    "y2": 0.26481481481481484
}