{
    "class": "other",
    "x1": 0.52265625,
    "y1": 0.49804839968774395,
    "x2": 0.15572916666666667,
    "y2": 0.17486338797814208
}