{
    "class": "other",
    "x1": 0.42653846153846153,
    "y1": 0.6004645760743321,
    "x2": 0.7053846153846154,
    "y2": 0.429732868757259
}