{
    "class": "other",
    "x1": 0.2675,
    "y1": 0.385625,
    "x2": 0.3225,
    "y2": 0.26375
}