{
    "class": "other",
    "x1": 0.47888513513513514,
    "y1": 0.1814814814814815,
    "x2": 0.47466216216216217,
    "y2": 0.32592592592592595
}