{
    "class": "other",
    "x1": 0.4904320987654321,
    "y1": 0.6217592592592592,
    "x2": 0.08456790123456791,
    "y2": 0.10277777777777777
}