{
    "class": "other",
    "x1": 0.5078277886497065,
    "y1": 0.6940371456500489,
    "x2": 0.16046966731898238,
    "y2": 0.2209188660801564
}