{
    "class": "other",
    "x1": 0.48333333333333334,
    "y1": 0.4808743169398907,
    "x2": 0.18020833333333333,
    "y2": 0.2419984387197502
}