{
    "class": "other",
    "x1": 0.29094608341810785,
    "y1": 0.31175298804780877,
    "x2": 0.5269582909460834,
    "y2": 0.5557768924302788
}