{
    "class": "other",
    "x1": 0.543125,
    "y1": 0.4924670433145009,
    "x2": 0.53375,
    "y2": 0.9058380414312618
}