{
    "class": "other",
    "x1": 0.51328125,
    "y1": 0.6125,
    "x2": 0.09114583333333333,
    "y2": 0.08981481481481482
}