{
    "class": "other",
    "x1": 0.488125,
    "y1": 0.5009416195856874,
    "x2": 0.58375,
    "y2": 0.9566854990583804
}