{
    "class": "other",
    "x1": 0.5586854460093896,
    "y1": 0.42604166666666665,
    "x2": 0.24882629107981222,
    "y2": 0.6270833333333333
}