{
    "class": "other",
    "x1": 0.4725,
    "y1": 0.4392156862745098,
    "x2": 0.6,
    "y2": 0.4549019607843137
}