{
    "class": "other",
    "x1": 0.3671875,
    "y1": 0.562037037037037,
    "x2": 0.18854166666666666,
    "y2": 0.3425925925925926
}