{
    "class": "other",
    "x1": 0.5229400749063671,
    "y1": 0.5087209302325582,
    "x2": 0.8323970037453183,
    "y2": 0.9796511627906976
}