{
    "class": "other",
    "x1": 0.5427083333333333,
    "y1": 0.34675925925925927,
    "x2": 0.2375,
    "y2": 0.2361111111111111
}