{
    "class": "other",
    "x1": 0.5425,
    "y1": 0.6366666666666667,
    "x2": 0.345,
    "y2": 0.36666666666666664
}