{
    "class": "other",
    "x1": 0.5187601957585645,
    "y1": 0.6725941422594143,
    "x2": 0.4730831973898858,
    "y2": 0.4790794979079498
}