{
    "class": "other",
    "x1": 0.26,
    "y1": 0.6463844797178131,
    "x2": 0.518,
    "y2": 0.7072310405643739
}