{
    "class": "other",
    "x1": 0.6434895833333333,
    "y1": 0.46674491392801254,
    "x2": 0.2911458333333333,
    "y2": 0.5594679186228482
}