{
    "class": "other",
    "x1": 0.5977517106549365,
    "y1": 0.3717008797653959,
    "x2": 0.7302052785923754,
    "y2": 0.4090909090909091
}