{
    "class": "knife",
    "x1": 0.380078125,
    "y1": 0.68125,
    "x2": 0.14609375,
    "y2": 0.09861111111111111
}