{
    "class": "knife",
    "x1": 0.2015625,
    "y1": 0.7402777777777778,
    "x2": 0.1,
    "y2": 0.12777777777777777
}