{
    "class": "knife",
    "x1": 0.5359375,
    "y1": 0.6041666666666666,
    "x2": 0.0671875,
    "y2": 0.058333333333333334
}