{
    "class": "knife",
    "x1": 0.258984375,
    "y1": 0.6944444444444444,
    "x2": 0.14296875,
    "y2": 0.175
}