{
    "class": "knife",
    "x1": 0.3515625,
    "y1": 0.9076388888888889,
    "x2": 0.146875,
    "y2": 0.12638888888888888
}