{
    "class": "knife",
    "x1": 0.335546875,
    "y1": 0.9291666666666667,
    "x2": 0.15390625,
    "y2": 0.11666666666666667
}