{
    "class": "knife",
    "x1": 0.349609375,
    "y1": 0.8965277777777778,
    "x2": 0.14609375,
    "y2": 0.13194444444444445
}