{
    "class": "knife",
    "x1": 0.363671875,
    "y1": 0.7020833333333333,
    "x2": 0.15078125,
    "y2": 0.09305555555555556
}