{
    "class": "knife",
    "x1": 0.424609375,
    "y1": 0.18888888888888888,
    "x2": 0.14140625,
    "y2": 0.1361111111111111
}