{
    "class": "knife",
    "x1": 0.391015625,
    "y1": 0.7347222222222223,
    "x2": 0.09140625,
    "y2": 0.3861111111111111
}