{
    "class": "knife",
    "x1": 0.259375,
    "y1": 0.6833333333333333,
    "x2": 0.125,
    "y2": 0.16666666666666666
}