{
    "class": "knife",
    "x1": 0.548046875,
    "y1": 0.6722222222222223,
    "x2": 0.05390625,
    "y2": 0.08888888888888889
}