{
    "class": "knife",
    "x1": 0.372265625,
    "y1": 0.8069444444444445,
    "x2": 0.13515625,
    "y2": 0.32222222222222224
}