{
    "class": "knife",
    "x1": 0.5734375,
    "y1": 0.7590277777777777,
    "x2": 0.128125,
    "y2": 0.12638888888888888
}