{
    "class": "knife",
    "x1": 0.35703125,
    "y1": 0.825,
    "x2": 0.1609375,
    "y2": 0.09166666666666666
}