{
    "class": "knife",
    "x1": 0.17109375,
    "y1": 0.9034722222222222,
    "x2": 0.15,
    "y2": 0.12361111111111112
}