{
    "class": "knife",
    "x1": 0.543359375,
    "y1": 0.6680555555555555,
    "x2": 0.06015625,
    "y2": 0.08611111111111111
}