{
    "class": "knife",
    "x1": 0.38515625,
    "y1": 0.8243055555555555,
    "x2": 0.1328125,
    "y2": 0.2013888888888889
}