{
    "class": "knife",
    "x1": 0.38515625,
    "y1": 0.775,
    "x2": 0.125,
    "y2": 0.12222222222222222
}