{
    "class": "knife",
    "x1": 0.244921875,
    "y1": 0.8708333333333333,
    "x2": 0.10234375,
    "y2": 0.20833333333333334
}