{
    "class": "knife",
    "x1": 0.224609375,
    "y1": 0.7541666666666667,
    "x2": 0.16015625,
    "y2": 0.08333333333333333
}