{
    "class": "knife",
    "x1": 0.555859375,
    "y1": 0.4479166666666667,
    "x2": 0.05078125,
    "y2": 0.1125
}