{
    "class": "knife",
    "x1": 0.431640625,
    "y1": 0.23402777777777778,
    "x2": 0.12578125,
    "y2": 0.12638888888888888
}