{
    "class": "knife",
    "x1": 0.403515625,
    "y1": 0.7277777777777777,
    "x2": 0.06328125,
    "y2": 0.2
}