{
    "class": "knife",
    "x1": 0.408984375,
    "y1": 0.11527777777777778,
    "x2": 0.14140625,
    "y2": 0.11944444444444445
}