{
    "class": "knife",
    "x1": 0.434765625,
    "y1": 0.625,
    "x2": 0.06484375,
    "y2": 0.11666666666666667
}