{
    "class": "knife",
    "x1": 0.27109375,
    "y1": 0.7784722222222222,
    "x2": 0.13125,
    "y2": 0.16805555555555557
}