{
    "class": "knife",
    "x1": 0.528515625,
    "y1": 0.4125,
    "x2": 0.07578125,
    "y2": 0.14166666666666666
}