{
    "class": "knife",
    "x1": 0.425390625,
    "y1": 0.6048611111111111,
    "x2": 0.06796875,
    "y2": 0.12083333333333333
}