{
    "class": "knife",
    "x1": 0.220703125,
    "y1": 0.825,
    "x2": 0.13203125,
    "y2": 0.08888888888888889
}