{
    "class": "knife",
    "x1": 0.496484375,
    "y1": 0.11388888888888889,
    "x2": 0.17890625,
    "y2": 0.13055555555555556
}