{
    "class": "knife",
    "x1": 0.380859375,
    "y1": 0.6826388888888889,
    "x2": 0.15234375,
    "y2": 0.09027777777777778
}