{
    "class": "knife",
    "x1": 0.41875,
    "y1": 0.7041666666666667,
    "x2": 0.0625,
    "y2": 0.11666666666666667
}