{
    "class": "knife",
    "x1": 0.55625,
    "y1": 0.42569444444444443,
    "x2": 0.0390625,
    "y2": 0.14027777777777778
}