{
    "class": "knife",
    "x1": 0.37890625,
    "y1": 0.09861111111111111,
    "x2": 0.146875,
    "y2": 0.11666666666666667
}