{
    "class": "knife",
    "x1": 0.371875,
    "y1": 0.8416666666666667,
    "x2": 0.1421875,
    "y2": 0.30833333333333335
}