{
    "class": "knife",
    "x1": 0.487109375,
    "y1": 0.7013888888888888,
    "x2": 0.08046875,
    "y2": 0.05277777777777778
}