{
    "class": "knife",
    "x1": 0.34609375,
    "y1": 0.8979166666666667,
    "x2": 0.153125,
    "y2": 0.12638888888888888
}