{
    "class": "knife",
    "x1": 0.290234375,
    "y1": 0.6916666666666667,
    "x2": 0.11796875,
    "y2": 0.08333333333333333
}