{
    "class": "knife",
    "x1": 0.378515625,
    "y1": 0.7201388888888889,
    "x2": 0.14140625,
    "y2": 0.09027777777777778
}