{
    "class": "knife",
    "x1": 0.3,
    "y1": 0.6381944444444444,
    "x2": 0.1140625,
    "y2": 0.5736111111111111
}