{
    "class": "knife",
    "x1": 0.053125,
    "y1": 0.7868055555555555,
    "x2": 0.0890625,
    "y2": 0.19305555555555556
}