{
    "class": "knife",
    "x1": 0.25390625,
    "y1": 0.7826388888888889,
    "x2": 0.165625,
    "y2": 0.12083333333333333
}