{
    "class": "knife",
    "x1": 0.6515625,
    "y1": 0.5763888888888888,
    "x2": 0.0796875,
    "y2": 0.3111111111111111
}