{
    "class": "knife",
    "x1": 0.738671875,
    "y1": 0.4354166666666667,
    "x2": 0.05234375,
    "y2": 0.2763888888888889
}