{
    "class": "knife",
    "x1": 0.379296875,
    "y1": 0.5888888888888889,
    "x2": 0.03984375,
    "y2": 0.14722222222222223
}