{
    "class": "knife",
    "x1": 0.454296875,
    "y1": 0.6868055555555556,
    "x2": 0.08046875,
    "y2": 0.04861111111111111
}