{
    "class": "knife",
    "x1": 0.381640625,
    "y1": 0.7826388888888889,
    "x2": 0.10546875,
    "y2": 0.37083333333333335
}