{
    "class": "knife",
    "x1": 0.391015625,
    "y1": 0.2361111111111111,
    "x2": 0.12421875,
    "y2": 0.12222222222222222
}