{
    "class": "knife",
    "x1": 0.189453125,
    "y1": 0.7916666666666666,
    "x2": 0.15234375,
    "y2": 0.11388888888888889
}