{
    "class": "knife",
    "x1": 0.49270833333333336,
    "y1": 0.540234375,
    "x2": 0.11770833333333333,
    "y2": 0.07734375
}