{
    "class": "knife",
    "x1": 0.4427083333333333,
    "y1": 0.3890625,
    "x2": 0.04895833333333333,
    "y2": 0.1921875
}