{
    "class": "knife",
    "x1": 0.52109375,
    "y1": 0.522265625,
    "x2": 0.1203125,
    "y2": 0.10390625
}