{
    "class": "knife",
    "x1": 0.5169270833333334,
    "y1": 0.304839968774395,
    "x2": 0.0453125,
    "y2": 0.11787665886026542
}