{
    "class": "knife",
    "x1": 0.3640625,
    "y1": 0.7076502732240437,
    "x2": 0.20416666666666666,
    "y2": 0.13348946135831383
}