{
    "class": "knife",
    "x1": 0.58671875,
    "y1": 0.58515625,
    "x2": 0.0890625,
    "y2": 0.1421875
}