{
    "class": "knife",
    "x1": 0.32838541666666665,
    "y1": 0.60234375,
    "x2": 0.10572916666666667,
    "y2": 0.065625
}