{
    "class": "knife",
    "x1": 0.4942708333333333,
    "y1": 0.4176424668227947,
    "x2": 0.10833333333333334,
    "y2": 0.06401249024199844
}