{
    "class": "knife",
    "x1": 0.53125,
    "y1": 0.430078125,
    "x2": 0.16041666666666668,
    "y2": 0.05859375
}