{
    "class": "knife",
    "x1": 0.46875,
    "y1": 0.6139734582357533,
    "x2": 0.07916666666666666,
    "y2": 0.3255269320843091
}