{
    "class": "knife",
    "x1": 0.45807291666666666,
    "y1": 0.591796875,
    "x2": 0.07135416666666666,
    "y2": 0.04921875
}