{
    "class": "knife",
    "x1": 0.3536458333333333,
    "y1": 0.6092896174863388,
    "x2": 0.041666666666666664,
    "y2": 0.1725214676034348
}