{
    "class": "knife",
    "x1": 0.4309895833333333,
    "y1": 0.591743119266055,
    "x2": 0.04635416666666667,
    "y2": 0.07155963302752294
}