{
    "class": "knife",
    "x1": 0.18854166666666666,
    "y1": 0.7977064220183486,
    "x2": 0.07083333333333333,
    "y2": 0.11834862385321102
}