{
    "class": "knife",
    "x1": 0.54921875,
    "y1": 0.6477064220183486,
    "x2": 0.05364583333333333,
    "y2": 0.11559633027522936
}