{
    "class": "knife",
    "x1": 0.26588541666666665,
    "y1": 0.5811926605504587,
    "x2": 0.07447916666666667,
    "y2": 0.06880733944954129
}