{
    "class": "knife",
    "x1": 0.4278645833333333,
    "y1": 0.5206422018348624,
    "x2": 0.04010416666666667,
    "y2": 0.12201834862385322
}