{
    "class": "knife",
    "x1": 0.22135416666666666,
    "y1": 0.8142201834862385,
    "x2": 0.06666666666666667,
    "y2": 0.12385321100917432
}