{
    "class": "knife",
    "x1": 0.6692708333333334,
    "y1": 0.6215596330275229,
    "x2": 0.06145833333333333,
    "y2": 0.13853211009174313
}