{
    "class": "knife",
    "x1": 0.603125,
    "y1": 0.5371559633027523,
    "x2": 0.04583333333333333,
    "y2": 0.07431192660550459
}