{
    "class": "knife",
    "x1": 0.32421875,
    "y1": 0.48944954128440366,
    "x2": 0.05260416666666667,
    "y2": 0.07431192660550459
}