{
    "class": "knife",
    "x1": 0.6221354166666667,
    "y1": 0.6188073394495412,
    "x2": 0.0578125,
    "y2": 0.0908256880733945
}