{
    "class": "knife",
    "x1": 0.17526041666666667,
    "y1": 0.8009174311926606,
    "x2": 0.0578125,
    "y2": 0.09908256880733946
}