{
    "class": "knife",
    "x1": 0.4510416666666667,
    "y1": 0.5669724770642202,
    "x2": 0.04375,
    "y2": 0.08256880733944955
}