{
    "class": "knife",
    "x1": 0.60078125,
    "y1": 0.5811926605504587,
    "x2": 0.05677083333333333,
    "y2": 0.081651376146789
}