{
    "class": "knife",
    "x1": 0.7255208333333333,
    "y1": 0.5738532110091743,
    "x2": 0.046875,
    "y2": 0.12385321100917432
}