{
    "class": "knife",
    "x1": 0.34427083333333336,
    "y1": 0.5697247706422018,
    "x2": 0.058333333333333334,
    "y2": 0.07522935779816514
}