{
    "class": "knife",
    "x1": 0.6625,
    "y1": 0.5720183486238533,
    "x2": 0.058333333333333334,
    "y2": 0.13119266055045872
}