{
    "class": "knife",
    "x1": 0.6940104166666666,
    "y1": 0.5711009174311926,
    "x2": 0.050520833333333334,
    "y2": 0.11467889908256881
}