{
    "class": "knife",
    "x1": 0.43255208333333334,
    "y1": 0.668348623853211,
    "x2": 0.06510416666666667,
    "y2": 0.0798165137614679
}