{
    "class": "knife",
    "x1": 0.3708609271523179,
    "y1": 0.38375,
    "x2": 0.5960264900662252,
    "y2": 0.5575
}