{
    "class": "knife",
    "x1": 0.3792307692307692,
    "y1": 0.49480369515011546,
    "x2": 0.39692307692307693,
    "y2": 0.6131639722863741
}