{
    "class": "knife",
    "x1": 0.60859375,
    "y1": 0.5736111111111111,
    "x2": 0.1234375,
    "y2": 0.5583333333333333
}