{
    "class": "knife",
    "x1": 0.37115384615384617,
    "y1": 0.603448275862069,
    "x2": 0.686923076923077,
    "y2": 0.4340071343638526
}