{
    "class": "knife",
    "x1": 0.5981481481481481,
    "y1": 0.6166666666666667,
    "x2": 0.5,
    "y2": 0.43333333333333335
}