{
    "class": "knife",
    "x1": 0.2359375,
    "y1": 0.6739583333333333,
    "x2": 0.46875,
    "y2": 0.5145833333333333
}