{
    "class": "knife",
    "x1": 0.512109375,
    "y1": 0.5020833333333333,
    "x2": 0.07265625,
    "y2": 0.24583333333333332
}