{
    "class": "knife",
    "x1": 0.6903935185185185,
    "y1": 0.5701492537313433,
    "x2": 0.1863425925925926,
    "y2": 0.6149253731343284
}