{
    "class": "knife",
    "x1": 0.5006666666666667,
    "y1": 0.44855442176870747,
    "x2": 0.156,
    "y2": 0.8732993197278912
}