{
    "class": "knife",
    "x1": 0.75234375,
    "y1": 0.3659722222222222,
    "x2": 0.1046875,
    "y2": 0.2125
}