{
    "class": "knife",
    "x1": 0.644921875,
    "y1": 0.41458333333333336,
    "x2": 0.13359375,
    "y2": 0.48194444444444445
}