{
    "class": "knife",
    "x1": 0.539453125,
    "y1": 0.5034722222222222,
    "x2": 0.14921875,
    "y2": 0.5041666666666667
}