{
    "class": "knife",
    "x1": 0.38,
    "y1": 0.6346153846153846,
    "x2": 0.49333333333333335,
    "y2": 0.34615384615384615
}