{
    "class": "knife",
    "x1": 0.1671875,
    "y1": 0.7444444444444445,
    "x2": 0.109375,
    "y2": 0.25
}