{
    "class": "knife",
    "x1": 0.226171875,
    "y1": 0.7326388888888888,
    "x2": 0.08046875,
    "y2": 0.24305555555555555
}