{
    "class": "knife",
    "x1": 0.35,
    "y1": 0.40694444444444444,
    "x2": 0.1234375,
    "y2": 0.12222222222222222
}