{
    "class": "knife",
    "x1": 0.3337765957446808,
    "y1": 0.5542635658914729,
    "x2": 0.523936170212766,
    "y2": 0.7829457364341085
}