{
    "class": "knife",
    "x1": 0.2777777777777778,
    "y1": 0.6963470319634704,
    "x2": 0.48444444444444446,
    "y2": 0.5342465753424658
}