{
    "class": "knife",
    "x1": 0.26175,
    "y1": 0.6181666666666666,
    "x2": 0.4565,
    "y2": 0.48233333333333334
}