{
    "class": "knife",
    "x1": 0.48671875,
    "y1": 0.5305555555555556,
    "x2": 0.1015625,
    "y2": 0.19166666666666668
}