{
    "class": "knife",
    "x1": 0.6705685618729097,
    "y1": 0.6314031180400891,
    "x2": 0.3110367892976589,
    "y2": 0.7149220489977728
}