{
    "class": "knife",
    "x1": 0.45,
    "y1": 0.44930555555555557,
    "x2": 0.1453125,
    "y2": 0.2625
}