{
    "class": "knife",
    "x1": 0.33515625,
    "y1": 0.4701388888888889,
    "x2": 0.34375,
    "y2": 0.4986111111111111
}