{
    "class": "knife",
    "x1": 0.49375,
    "y1": 0.08055555555555556,
    "x2": 0.1109375,
    "y2": 0.10555555555555556
}