{
    "class": "knife",
    "x1": 0.6109375,
    "y1": 0.5152777777777777,
    "x2": 0.1125,
    "y2": 0.575
}