{
    "class": "knife",
    "x1": 0.7966666666666666,
    "y1": 0.6979977753058955,
    "x2": 0.39,
    "y2": 0.5038932146829811
}