{
    "class": "knife",
    "x1": 0.27578125,
    "y1": 0.60625,
    "x2": 0.1078125,
    "y2": 0.2763888888888889
}