{
    "class": "knife",
    "x1": 0.788671875,
    "y1": 0.3416666666666667,
    "x2": 0.06484375,
    "y2": 0.19444444444444445
}