{
    "class": "knife",
    "x1": 0.49375,
    "y1": 0.5479166666666667,
    "x2": 0.0671875,
    "y2": 0.21805555555555556
}