{
    "class": "knife",
    "x1": 0.245,
    "y1": 0.6769436997319035,
    "x2": 0.486,
    "y2": 0.5227882037533512
}