{
    "class": "knife",
    "x1": 0.217,
    "y1": 0.3227665706051873,
    "x2": 0.43,
    "y2": 0.3804034582132565
}