{
    "class": "knife",
    "x1": 0.415234375,
    "y1": 0.7618055555555555,
    "x2": 0.21640625,
    "y2": 0.20694444444444443
}