{
    "class": "knife",
    "x1": 0.571484375,
    "y1": 0.38263888888888886,
    "x2": 0.24296875,
    "y2": 0.20694444444444443
}