{
    "class": "knife",
    "x1": 0.512890625,
    "y1": 0.2638888888888889,
    "x2": 0.12265625,
    "y2": 0.10833333333333334
}