{
    "class": "knife",
    "x1": 0.41682974559686886,
    "y1": 0.6653005464480874,
    "x2": 0.33268101761252444,
    "y2": 0.505464480874317
}