{
    "class": "knife",
    "x1": 0.196484375,
    "y1": 0.6166666666666667,
    "x2": 0.09296875,
    "y2": 0.4583333333333333
}