{
    "class": "knife",
    "x1": 0.14765625,
    "y1": 0.8743055555555556,
    "x2": 0.1125,
    "y2": 0.2513888888888889
}