{
    "class": "knife",
    "x1": 0.478515625,
    "y1": 0.3729166666666667,
    "x2": 0.11171875,
    "y2": 0.1125
}