{
    "class": "knife",
    "x1": 0.387109375,
    "y1": 0.6395833333333333,
    "x2": 0.12734375,
    "y2": 0.12638888888888888
}