{
    "class": "knife",
    "x1": 0.145703125,
    "y1": 0.88125,
    "x2": 0.09609375,
    "y2": 0.2375
}