{
    "class": "knife",
    "x1": 0.44921875,
    "y1": 0.784375,
    "x2": 0.8234375,
    "y2": 0.34375
}