{
    "class": "knife",
    "x1": 0.4563679245283019,
    "y1": 0.4505597014925373,
    "x2": 0.8938679245283019,
    "y2": 0.6175373134328358
}