{
    "class": "knife",
    "x1": 0.265234375,
    "y1": 0.5993055555555555,
    "x2": 0.10859375,
    "y2": 0.2375
}