{
    "class": "knife",
    "x1": 0.154296875,
    "y1": 0.8347222222222223,
    "x2": 0.11171875,
    "y2": 0.33055555555555555
}