{
    "class": "knife",
    "x1": 0.455859375,
    "y1": 0.35,
    "x2": 0.06171875,
    "y2": 0.16944444444444445
}