{
    "class": "knife",
    "x1": 0.490625,
    "y1": 0.7402777777777778,
    "x2": 0.096875,
    "y2": 0.3111111111111111
}