{
    "class": "knife",
    "x1": 0.624,
    "y1": 0.6684491978609626,
    "x2": 0.304,
    "y2": 0.5989304812834224
}