{
    "class": "knife",
    "x1": 0.32421875,
    "y1": 0.35764705882352943,
    "x2": 0.4921875,
    "y2": 0.6352941176470588
}