{
    "class": "knife",
    "x1": 0.162890625,
    "y1": 0.7347222222222223,
    "x2": 0.11484375,
    "y2": 0.2638888888888889
}