{
    "class": "knife",
    "x1": 0.6203125,
    "y1": 0.48333333333333334,
    "x2": 0.1234375,
    "y2": 0.5194444444444445
}