{
    "class": "knife",
    "x1": 0.47109375,
    "y1": 0.5070588235294118,
    "x2": 0.4953125,
    "y2": 0.6941176470588235
}