{
    "class": "knife",
    "x1": 0.25546875,
    "y1": 0.47430555555555554,
    "x2": 0.09375,
    "y2": 0.3263888888888889
}