{
    "class": "knife",
    "x1": 0.3697916666666667,
    "y1": 0.6784386617100372,
    "x2": 0.16458333333333333,
    "y2": 0.620817843866171
}