{
    "class": "knife",
    "x1": 0.2859375,
    "y1": 0.6131944444444445,
    "x2": 0.1,
    "y2": 0.3263888888888889
}