{
    "class": "knife",
    "x1": 0.501953125,
    "y1": 0.2916666666666667,
    "x2": 0.12578125,
    "y2": 0.13055555555555556
}