{
    "class": "knife",
    "x1": 0.5359375,
    "y1": 0.4798611111111111,
    "x2": 0.1421875,
    "y2": 0.4736111111111111
}