{
    "class": "knife",
    "x1": 0.2267080745341615,
    "y1": 0.8461538461538461,
    "x2": 0.4492753623188406,
    "y2": 0.3076923076923077
}