{
    "class": "knife",
    "x1": 0.6609375,
    "y1": 0.5666666666666667,
    "x2": 0.053125,
    "y2": 0.24166666666666667
}