{
    "class": "knife",
    "x1": 0.325390625,
    "y1": 0.5909722222222222,
    "x2": 0.20546875,
    "y2": 0.1736111111111111
}