{
    "class": "knife",
    "x1": 0.7223214285714286,
    "y1": 0.2925,
    "x2": 0.38392857142857145,
    "y2": 0.45
}