{
    "class": "knife",
    "x1": 0.213671875,
    "y1": 0.7097222222222223,
    "x2": 0.09140625,
    "y2": 0.2777777777777778
}