{
    "class": "knife",
    "x1": 0.246875,
    "y1": 0.6576388888888889,
    "x2": 0.0953125,
    "y2": 0.3680555555555556
}