{
    "class": "knife",
    "x1": 0.5109375,
    "y1": 0.39652777777777776,
    "x2": 0.0890625,
    "y2": 0.5652777777777778
}