{
    "class": "knife",
    "x1": 0.5244565217391305,
    "y1": 0.418200408997955,
    "x2": 0.6793478260869565,
    "y2": 0.7750511247443763
}