{
    "class": "knife",
    "x1": 0.6422222222222222,
    "y1": 0.3351893095768374,
    "x2": 0.20444444444444446,
    "y2": 0.5456570155902004
}