{
    "class": "knife",
    "x1": 0.221484375,
    "y1": 0.6076388888888888,
    "x2": 0.10390625,
    "y2": 0.30972222222222223
}