{
    "class": "knife",
    "x1": 0.39666666666666667,
    "y1": 0.45166666666666666,
    "x2": 0.7888888888888889,
    "y2": 0.8966666666666666
}