{
    "class": "knife",
    "x1": 0.264453125,
    "y1": 0.38819444444444445,
    "x2": 0.10390625,
    "y2": 0.5597222222222222
}