{
    "class": "knife",
    "x1": 0.2788888888888889,
    "y1": 0.2866043613707165,
    "x2": 0.46,
    "y2": 0.29283489096573206
}