{
    "class": "knife",
    "x1": 0.2875,
    "y1": 0.7175480769230769,
    "x2": 0.540625,
    "y2": 0.5216346153846154
}