{
    "class": "knife",
    "x1": 0.5578125,
    "y1": 0.5208333333333334,
    "x2": 0.14375,
    "y2": 0.45555555555555555
}