{
    "class": "knife",
    "x1": 0.5082070707070707,
    "y1": 0.4472,
    "x2": 0.5744949494949495,
    "y2": 0.7024
}