{
    "class": "knife",
    "x1": 0.634765625,
    "y1": 0.575,
    "x2": 0.05390625,
    "y2": 0.23333333333333334
}