{
    "class": "knife",
    "x1": 0.4734375,
    "y1": 0.12291666666666666,
    "x2": 0.109375,
    "y2": 0.10416666666666667
}