{
    "class": "knife",
    "x1": 0.6254266211604096,
    "y1": 0.5078125,
    "x2": 0.7491467576791809,
    "y2": 0.3645833333333333
}