{
    "class": "knife",
    "x1": 0.5288888888888889,
    "y1": 0.589086859688196,
    "x2": 0.21777777777777776,
    "y2": 0.7594654788418709
}