{
    "class": "knife",
    "x1": 0.2925257731958763,
    "y1": 0.4450800915331808,
    "x2": 0.5180412371134021,
    "y2": 0.3135011441647597
}