{
    "class": "knife",
    "x1": 0.08559201141226819,
    "y1": 0.5117773019271948,
    "x2": 0.11982881597717546,
    "y2": 0.3169164882226981
}