{
    "class": "knife",
    "x1": 0.7666666666666667,
    "y1": 0.4666666666666667,
    "x2": 0.31851851851851853,
    "y2": 0.7222222222222222
}