{
    "class": "knife",
    "x1": 0.598828125,
    "y1": 0.3770833333333333,
    "x2": 0.13828125,
    "y2": 0.21805555555555556
}