{
    "class": "knife",
    "x1": 0.752734375,
    "y1": 0.32013888888888886,
    "x2": 0.05546875,
    "y2": 0.22361111111111112
}