{
    "class": "knife",
    "x1": 0.7546875,
    "y1": 0.5486111111111112,
    "x2": 0.0734375,
    "y2": 0.3333333333333333
}