{
    "class": "knife",
    "x1": 0.592578125,
    "y1": 0.46597222222222223,
    "x2": 0.71640625,
    "y2": 0.24027777777777778
}