{
    "class": "knife",
    "x1": 0.16015625,
    "y1": 0.6923611111111111,
    "x2": 0.1171875,
    "y2": 0.2847222222222222
}