{
    "class": "knife",
    "x1": 0.3834745762711864,
    "y1": 0.3644067796610169,
    "x2": 0.5550847457627118,
    "y2": 0.615819209039548
}