{
    "class": "knife",
    "x1": 0.21953125,
    "y1": 0.9041666666666667,
    "x2": 0.10625,
    "y2": 0.19166666666666668
}