{
    "class": "knife",
    "x1": 0.4328125,
    "y1": 0.8361111111111111,
    "x2": 0.2015625,
    "y2": 0.14444444444444443
}