{
    "class": "knife",
    "x1": 0.534375,
    "y1": 0.7722222222222223,
    "x2": 0.1328125,
    "y2": 0.1388888888888889
}