{
    "class": "knife",
    "x1": 0.5046875,
    "y1": 0.6493055555555556,
    "x2": 0.0640625,
    "y2": 0.20416666666666666
}