{
    "class": "knife",
    "x1": 0.5342307692307692,
    "y1": 0.38265895953757223,
    "x2": 0.7438461538461538,
    "y2": 0.6635838150289017
}