{
    "class": "knife",
    "x1": 0.40546875,
    "y1": 0.6854166666666667,
    "x2": 0.2078125,
    "y2": 0.45694444444444443
}