{
    "class": "knife",
    "x1": 0.26,
    "y1": 0.6724598930481284,
    "x2": 0.504,
    "y2": 0.5053475935828877
}