{
    "class": "knife",
    "x1": 0.38359375,
    "y1": 0.46597222222222223,
    "x2": 0.321875,
    "y2": 0.9291666666666667
}