{
    "class": "knife",
    "x1": 0.431640625,
    "y1": 0.43194444444444446,
    "x2": 0.47265625,
    "y2": 0.5611111111111111
}