{
    "class": "knife",
    "x1": 0.687960687960688,
    "y1": 0.42,
    "x2": 0.515970515970516,
    "y2": 0.7890909090909091
}