{
    "class": "knife",
    "x1": 0.45375,
    "y1": 0.3968105065666041,
    "x2": 0.2575,
    "y2": 0.46716697936210133
}