{
    "class": "knife",
    "x1": 0.2265625,
    "y1": 0.6055555555555555,
    "x2": 0.0953125,
    "y2": 0.31666666666666665
}