{
    "class": "knife",
    "x1": 0.31171875,
    "y1": 0.43472222222222223,
    "x2": 0.0984375,
    "y2": 0.23055555555555557
}