{
    "class": "knife",
    "x1": 0.271875,
    "y1": 0.75625,
    "x2": 0.0921875,
    "y2": 0.3541666666666667
}