{
    "class": "knife",
    "x1": 0.562109375,
    "y1": 0.4965277777777778,
    "x2": 0.11328125,
    "y2": 0.19305555555555556
}