{
    "class": "knife",
    "x1": 0.409375,
    "y1": 0.71875,
    "x2": 0.0953125,
    "y2": 0.15694444444444444
}