{
    "class": "knife",
    "x1": 0.438671875,
    "y1": 0.4722222222222222,
    "x2": 0.07890625,
    "y2": 0.24166666666666667
}