{
    "class": "knife",
    "x1": 0.3421875,
    "y1": 0.8354166666666667,
    "x2": 0.209375,
    "y2": 0.16527777777777777
}