{
    "class": "knife",
    "x1": 0.200390625,
    "y1": 0.9111111111111111,
    "x2": 0.11015625,
    "y2": 0.17777777777777778
}