{
    "class": "knife",
    "x1": 0.5016666666666667,
    "y1": 0.42875,
    "x2": 0.33666666666666667,
    "y2": 0.3675
}