{
    "class": "knife",
    "x1": 0.7838137472283814,
    "y1": 0.32372881355932204,
    "x2": 0.17516629711751663,
    "y2": 0.09830508474576272
}