{
    "class": "knife",
    "x1": 0.70546875,
    "y1": 0.6569444444444444,
    "x2": 0.1328125,
    "y2": 0.3472222222222222
}