{
    "class": "knife",
    "x1": 0.33359375,
    "y1": 0.5881944444444445,
    "x2": 0.1328125,
    "y2": 0.1763888888888889
}