{
    "class": "knife",
    "x1": 0.2590027700831025,
    "y1": 0.541958041958042,
    "x2": 0.14681440443213298,
    "y2": 0.9090909090909091
}