{
    "class": "knife",
    "x1": 0.7734375,
    "y1": 0.5729166666666666,
    "x2": 0.0796875,
    "y2": 0.32916666666666666
}