{
    "class": "knife",
    "x1": 0.463671875,
    "y1": 0.44166666666666665,
    "x2": 0.46796875,
    "y2": 0.4777777777777778
}