{
    "class": "knife",
    "x1": 0.425,
    "y1": 0.36342592592592593,
    "x2": 0.5115384615384615,
    "y2": 0.5231481481481481
}