{
    "class": "knife",
    "x1": 0.494921875,
    "y1": 0.3402777777777778,
    "x2": 0.13515625,
    "y2": 0.20555555555555555
}