{
    "class": "knife",
    "x1": 0.125,
    "y1": 0.45625,
    "x2": 0.08125,
    "y2": 0.29583333333333334
}