{
    "class": "knife",
    "x1": 0.6266666666666667,
    "y1": 0.47780678851174935,
    "x2": 0.5022222222222222,
    "y2": 0.9190600522193212
}