{
    "class": "knife",
    "x1": 0.3725328947368421,
    "y1": 0.6220379146919431,
    "x2": 0.7154605263157895,
    "y2": 0.2109004739336493
}