{
    "class": "knife",
    "x1": 0.380078125,
    "y1": 0.46458333333333335,
    "x2": 0.13828125,
    "y2": 0.19027777777777777
}