{
    "class": "knife",
    "x1": 0.35927672955974843,
    "y1": 0.5083160083160083,
    "x2": 0.2908805031446541,
    "y2": 0.8877338877338877
}