{
    "class": "knife",
    "x1": 0.213671875,
    "y1": 0.5423611111111111,
    "x2": 0.42578125,
    "y2": 0.9152777777777777
}