{
    "class": "knife",
    "x1": 0.542578125,
    "y1": 0.5180555555555556,
    "x2": 0.13515625,
    "y2": 0.5
}