{
    "class": "knife",
    "x1": 0.516015625,
    "y1": 0.47291666666666665,
    "x2": 0.07578125,
    "y2": 0.2513888888888889
}