{
    "class": "knife",
    "x1": 0.3008474576271186,
    "y1": 0.740625,
    "x2": 0.48983050847457626,
    "y2": 0.46458333333333335
}