{
    "class": "knife",
    "x1": 0.889453125,
    "y1": 0.4576388888888889,
    "x2": 0.16953125,
    "y2": 0.14583333333333334
}