{
    "class": "knife",
    "x1": 0.721875,
    "y1": 0.6390625,
    "x2": 0.32708333333333334,
    "y2": 0.371875
}