{
    "class": "knife",
    "x1": 0.4072769953051643,
    "y1": 0.309375,
    "x2": 0.5516431924882629,
    "y2": 0.4479166666666667
}