{
    "class": "knife",
    "x1": 0.1421875,
    "y1": 0.8847222222222222,
    "x2": 0.1171875,
    "y2": 0.23055555555555557
}