{
    "class": "knife",
    "x1": 0.6067961165048543,
    "y1": 0.74,
    "x2": 0.4854368932038835,
    "y2": 0.3333333333333333
}