{
    "class": "knife",
    "x1": 0.3875,
    "y1": 0.2513888888888889,
    "x2": 0.1171875,
    "y2": 0.2388888888888889
}