{
    "class": "knife",
    "x1": 0.6173076923076923,
    "y1": 0.47398843930635837,
    "x2": 0.693076923076923,
    "y2": 0.638150289017341
}