{
    "class": "knife",
    "x1": 0.533984375,
    "y1": 0.5027777777777778,
    "x2": 0.14921875,
    "y2": 0.525
}