{
    "class": "knife",
    "x1": 0.64,
    "y1": 0.3683127572016461,
    "x2": 0.40625,
    "y2": 0.5205761316872428
}