{
    "class": "knife",
    "x1": 0.2828125,
    "y1": 0.3861111111111111,
    "x2": 0.0609375,
    "y2": 0.5055555555555555
}