{
    "class": "knife",
    "x1": 0.541015625,
    "y1": 0.4708333333333333,
    "x2": 0.12890625,
    "y2": 0.4305555555555556
}