{
    "class": "knife",
    "x1": 0.713125,
    "y1": 0.4838095238095238,
    "x2": 0.42125,
    "y2": 0.2819047619047619
}