{
    "class": "knife",
    "x1": 0.5,
    "y1": 0.08472222222222223,
    "x2": 0.1109375,
    "y2": 0.1111111111111111
}