{
    "class": "knife",
    "x1": 0.2796875,
    "y1": 0.6076388888888888,
    "x2": 0.09375,
    "y2": 0.2875
}