{
    "class": "knife",
    "x1": 0.235546875,
    "y1": 0.47430555555555554,
    "x2": 0.19296875,
    "y2": 0.6763888888888889
}