{
    "class": "knife",
    "x1": 0.6060606060606061,
    "y1": 0.546583850931677,
    "x2": 0.4935064935064935,
    "y2": 0.14906832298136646
}