{
    "class": "knife",
    "x1": 0.534765625,
    "y1": 0.34375,
    "x2": 0.10859375,
    "y2": 0.2569444444444444
}