{
    "class": "knife",
    "x1": 0.6610169491525424,
    "y1": 0.723744292237443,
    "x2": 0.576271186440678,
    "y2": 0.5159817351598174
}