{
    "class": "knife",
    "x1": 0.526171875,
    "y1": 0.5298611111111111,
    "x2": 0.08671875,
    "y2": 0.12361111111111112
}