{
    "class": "knife",
    "x1": 0.567,
    "y1": 0.5166163141993958,
    "x2": 0.412,
    "y2": 0.56797583081571
}