{
    "class": "knife",
    "x1": 0.27413127413127414,
    "y1": 0.5093283582089553,
    "x2": 0.5456885456885456,
    "y2": 0.30597014925373134
}