{
    "class": "knife",
    "x1": 0.42578125,
    "y1": 0.4410828025477707,
    "x2": 0.4796875,
    "y2": 0.6932059447983014
}