{
    "class": "knife",
    "x1": 0.17734375,
    "y1": 0.48680555555555555,
    "x2": 0.1359375,
    "y2": 0.26805555555555555
}