{
    "class": "knife",
    "x1": 0.5977859778597786,
    "y1": 0.6038961038961039,
    "x2": 0.4797047970479705,
    "y2": 0.7922077922077922
}