{
    "class": "knife",
    "x1": 0.471484375,
    "y1": 0.275,
    "x2": 0.08984375,
    "y2": 0.13333333333333333
}