{
    "class": "knife",
    "x1": 0.3314814814814815,
    "y1": 0.4222222222222222,
    "x2": 0.5962962962962963,
    "y2": 0.6777777777777778
}