{
    "class": "knife",
    "x1": 0.537109375,
    "y1": 0.46944444444444444,
    "x2": 0.10859375,
    "y2": 0.3111111111111111
}