{
    "class": "knife",
    "x1": 0.147265625,
    "y1": 0.3840277777777778,
    "x2": 0.07578125,
    "y2": 0.3458333333333333
}