{
    "class": "knife",
    "x1": 0.748828125,
    "y1": 0.5361111111111111,
    "x2": 0.06796875,
    "y2": 0.3194444444444444
}