{
    "class": "knife",
    "x1": 0.194140625,
    "y1": 0.6118055555555556,
    "x2": 0.10234375,
    "y2": 0.4875
}