{
    "class": "knife",
    "x1": 0.38248175182481753,
    "y1": 0.36375,
    "x2": 0.7386861313868613,
    "y2": 0.6075
}