{
    "class": "knife",
    "x1": 0.62578125,
    "y1": 0.4736111111111111,
    "x2": 0.240625,
    "y2": 0.20555555555555555
}