{
    "class": "knife",
    "x1": 0.3195,
    "y1": 0.6682305630026809,
    "x2": 0.499,
    "y2": 0.5750670241286864
}