{
    "class": "knife",
    "x1": 0.183984375,
    "y1": 0.6041666666666666,
    "x2": 0.13046875,
    "y2": 0.32222222222222224
}