{
    "class": "knife",
    "x1": 0.64921875,
    "y1": 0.8666666666666667,
    "x2": 0.10625,
    "y2": 0.19166666666666668
}