{
    "class": "knife",
    "x1": 0.18828125,
    "y1": 0.7298611111111111,
    "x2": 0.1109375,
    "y2": 0.3236111111111111
}