{
    "class": "knife",
    "x1": 0.21328125,
    "y1": 0.6930555555555555,
    "x2": 0.0953125,
    "y2": 0.26944444444444443
}