{
    "class": "knife",
    "x1": 0.156640625,
    "y1": 0.8951388888888889,
    "x2": 0.09765625,
    "y2": 0.20972222222222223
}