{
    "class": "knife",
    "x1": 0.544140625,
    "y1": 0.5048611111111111,
    "x2": 0.13203125,
    "y2": 0.4875
}