{
    "class": "knife",
    "x1": 0.144921875,
    "y1": 0.8791666666666667,
    "x2": 0.11015625,
    "y2": 0.24166666666666667
}