{
    "class": "knife",
    "x1": 0.78515625,
    "y1": 0.55625,
    "x2": 0.078125,
    "y2": 0.3402777777777778
}