{
    "class": "knife",
    "x1": 0.6140625,
    "y1": 0.7333333333333333,
    "x2": 0.071875,
    "y2": 0.2861111111111111
}