{
    "class": "knife",
    "x1": 0.1859375,
    "y1": 0.8076388888888889,
    "x2": 0.2109375,
    "y2": 0.2763888888888889
}