{
    "class": "knife",
    "x1": 0.47449768160741884,
    "y1": 0.48306997742663654,
    "x2": 0.9459041731066461,
    "y2": 0.636568848758465
}