{
    "class": "knife",
    "x1": 0.6546875,
    "y1": 0.5020833333333333,
    "x2": 0.128125,
    "y2": 0.19027777777777777
}