{
    "class": "knife",
    "x1": 0.54140625,
    "y1": 0.5131944444444444,
    "x2": 0.1484375,
    "y2": 0.5319444444444444
}