{
    "class": "knife",
    "x1": 0.28671875,
    "y1": 0.5902777777777778,
    "x2": 0.10625,
    "y2": 0.28055555555555556
}