{
    "class": "knife",
    "x1": 0.440234375,
    "y1": 0.5791666666666667,
    "x2": 0.09609375,
    "y2": 0.24722222222222223
}