{
    "class": "knife",
    "x1": 0.54140625,
    "y1": 0.6736111111111112,
    "x2": 0.109375,
    "y2": 0.22777777777777777
}