{
    "class": "knife",
    "x1": 0.278125,
    "y1": 0.61875,
    "x2": 0.1109375,
    "y2": 0.26805555555555555
}