{
    "class": "knife",
    "x1": 0.40678776290630975,
    "y1": 0.48863636363636365,
    "x2": 0.6950286806883366,
    "y2": 0.9141414141414141
}