{
    "class": "knife",
    "x1": 0.27265625,
    "y1": 0.45902777777777776,
    "x2": 0.1453125,
    "y2": 0.2763888888888889
}