{
    "class": "knife",
    "x1": 0.33046875,
    "y1": 0.41944444444444445,
    "x2": 0.1828125,
    "y2": 0.33611111111111114
}