{
    "class": "knife",
    "x1": 0.512890625,
    "y1": 0.5034722222222222,
    "x2": 0.06015625,
    "y2": 0.24583333333333332
}