{
    "class": "knife",
    "x1": 0.4819078947368421,
    "y1": 0.43023255813953487,
    "x2": 0.39144736842105265,
    "y2": 0.5348837209302325
}