{
    "class": "knife",
    "x1": 0.17265625,
    "y1": 0.4027777777777778,
    "x2": 0.34375,
    "y2": 0.6694444444444444
}