{
    "class": "knife",
    "x1": 0.36024844720496896,
    "y1": 0.5615384615384615,
    "x2": 0.21739130434782608,
    "y2": 0.8256410256410256
}