{
    "class": "knife",
    "x1": 0.597265625,
    "y1": 0.39861111111111114,
    "x2": 0.23203125,
    "y2": 0.11944444444444445
}