{
    "class": "knife",
    "x1": 0.3283653846153846,
    "y1": 0.4675324675324675,
    "x2": 0.3971153846153846,
    "y2": 0.8080808080808081
}