{
    "class": "knife",
    "x1": 0.631640625,
    "y1": 0.43194444444444446,
    "x2": 0.09609375,
    "y2": 0.40555555555555556
}