{
    "class": "knife",
    "x1": 0.20390625,
    "y1": 0.6847222222222222,
    "x2": 0.103125,
    "y2": 0.28888888888888886
}