{
    "class": "knife",
    "x1": 0.209375,
    "y1": 0.7013888888888888,
    "x2": 0.1078125,
    "y2": 0.32222222222222224
}