{
    "class": "knife",
    "x1": 0.553125,
    "y1": 0.4444444444444444,
    "x2": 0.05,
    "y2": 0.17222222222222222
}