{
    "class": "knife",
    "x1": 0.4738636363636364,
    "y1": 0.13703703703703704,
    "x2": 0.275,
    "y2": 0.26666666666666666
}