{
    "class": "knife",
    "x1": 0.382421875,
    "y1": 0.42083333333333334,
    "x2": 0.43046875,
    "y2": 0.5944444444444444
}