{
    "class": "knife",
    "x1": 0.3585564610011641,
    "y1": 0.6914893617021277,
    "x2": 0.5657741559953434,
    "y2": 0.48226950354609927
}