{
    "class": "knife",
    "x1": 0.344140625,
    "y1": 0.6638888888888889,
    "x2": 0.18515625,
    "y2": 0.375
}