{
    "class": "knife",
    "x1": 0.207421875,
    "y1": 0.6909722222222222,
    "x2": 0.10703125,
    "y2": 0.32916666666666666
}