{
    "class": "knife",
    "x1": 0.395703125,
    "y1": 0.46319444444444446,
    "x2": 0.05390625,
    "y2": 0.1597222222222222
}