{
    "class": "knife",
    "x1": 0.58359375,
    "y1": 0.4097222222222222,
    "x2": 0.2390625,
    "y2": 0.13055555555555556
}