{
    "class": "knife",
    "x1": 0.51,
    "y1": 0.5008880994671403,
    "x2": 0.5866666666666667,
    "y2": 0.7992895204262878
}