{
    "class": "knife",
    "x1": 0.4826086956521739,
    "y1": 0.44947735191637633,
    "x2": 0.16521739130434782,
    "y2": 0.20209059233449478
}