{
    "class": "knife",
    "x1": 0.592578125,
    "y1": 0.4666666666666667,
    "x2": 0.24609375,
    "y2": 0.25
}