{
    "class": "knife",
    "x1": 0.491796875,
    "y1": 0.6097222222222223,
    "x2": 0.10859375,
    "y2": 0.14722222222222223
}