{
    "class": "knife",
    "x1": 0.7364793213149523,
    "y1": 0.5936507936507937,
    "x2": 0.4676564156945917,
    "y2": 0.4793650793650794
}