{
    "class": "knife",
    "x1": 0.266015625,
    "y1": 0.3638888888888889,
    "x2": 0.09296875,
    "y2": 0.5222222222222223
}