{
    "class": "knife",
    "x1": 0.2691029900332226,
    "y1": 0.17053364269141533,
    "x2": 0.4850498338870432,
    "y2": 0.22505800464037123
}