{
    "class": "knife",
    "x1": 0.24064711830131447,
    "y1": 0.3994140625,
    "x2": 0.4792719919110212,
    "y2": 0.443359375
}