{
    "class": "knife",
    "x1": 0.41569282136894825,
    "y1": 0.4443127962085308,
    "x2": 0.2587646076794658,
    "y2": 0.6800947867298578
}