{
    "class": "knife",
    "x1": 0.606858846918489,
    "y1": 0.6914758269720102,
    "x2": 0.4125248508946322,
    "y2": 0.583969465648855
}