{
    "class": "knife",
    "x1": 0.6475,
    "y1": 0.6229050279329609,
    "x2": 0.635,
    "y2": 0.6759776536312849
}