{
    "class": "knife",
    "x1": 0.156640625,
    "y1": 0.8930555555555556,
    "x2": 0.10234375,
    "y2": 0.21388888888888888
}