{
    "class": "knife",
    "x1": 0.5473901098901099,
    "y1": 0.4711340206185567,
    "x2": 0.7980769230769231,
    "y2": 0.5917525773195876
}