{
    "class": "knife",
    "x1": 0.7062334217506632,
    "y1": 0.23117338003502627,
    "x2": 0.5875331564986738,
    "y2": 0.45884413309982486
}