{
    "class": "knife",
    "x1": 0.569140625,
    "y1": 0.25972222222222224,
    "x2": 0.15546875,
    "y2": 0.30277777777777776
}