{
    "class": "knife",
    "x1": 0.6453125,
    "y1": 0.44375,
    "x2": 0.1375,
    "y2": 0.3902777777777778
}