{
    "class": "knife",
    "x1": 0.183984375,
    "y1": 0.8986111111111111,
    "x2": 0.13828125,
    "y2": 0.20277777777777778
}