{
    "class": "knife",
    "x1": 0.505859375,
    "y1": 0.6319444444444444,
    "x2": 0.06171875,
    "y2": 0.225
}