{
    "class": "knife",
    "x1": 0.659375,
    "y1": 0.6458333333333334,
    "x2": 0.34375,
    "y2": 0.4583333333333333
}