{
    "class": "knife",
    "x1": 0.5628980891719745,
    "y1": 0.5208791208791209,
    "x2": 0.6130573248407644,
    "y2": 0.865934065934066
}