{
    "class": "knife",
    "x1": 0.214453125,
    "y1": 0.8972222222222223,
    "x2": 0.11328125,
    "y2": 0.20555555555555555
}