{
    "class": "knife",
    "x1": 0.566796875,
    "y1": 0.5284722222222222,
    "x2": 0.11328125,
    "y2": 0.24027777777777778
}