{
    "class": "knife",
    "x1": 0.685546875,
    "y1": 0.5729166666666666,
    "x2": 0.10234375,
    "y2": 0.21805555555555556
}