{
    "class": "knife",
    "x1": 0.328515625,
    "y1": 0.44583333333333336,
    "x2": 0.34140625,
    "y2": 0.8333333333333334
}