{
    "class": "knife",
    "x1": 0.655078125,
    "y1": 0.5375,
    "x2": 0.12578125,
    "y2": 0.17777777777777778
}