{
    "class": "knife",
    "x1": 0.47318611987381703,
    "y1": 0.673,
    "x2": 0.5141955835962145,
    "y2": 0.65
}