{
    "class": "knife",
    "x1": 0.494488188976378,
    "y1": 0.5083333333333333,
    "x2": 0.9385826771653544,
    "y2": 0.9208333333333333
}