{
    "class": "knife",
    "x1": 0.4153846153846154,
    "y1": 0.45576923076923076,
    "x2": 0.26256410256410256,
    "y2": 0.8346153846153846
}