{
    "class": "knife",
    "x1": 0.5578125,
    "y1": 0.31805555555555554,
    "x2": 0.065625,
    "y2": 0.23055555555555557
}