{
    "class": "knife",
    "x1": 0.39072847682119205,
    "y1": 0.40425531914893614,
    "x2": 0.5629139072847682,
    "y2": 0.4595744680851064
}