{
    "class": "knife",
    "x1": 0.17890625,
    "y1": 0.6569444444444444,
    "x2": 0.1328125,
    "y2": 0.30833333333333335
}