{
    "class": "knife",
    "x1": 0.660546875,
    "y1": 0.5076388888888889,
    "x2": 0.38046875,
    "y2": 0.28194444444444444
}