{
    "class": "knife",
    "x1": 0.213671875,
    "y1": 0.6972222222222222,
    "x2": 0.09921875,
    "y2": 0.3194444444444444
}