{
    "class": "knife",
    "x1": 0.195703125,
    "y1": 0.9145833333333333,
    "x2": 0.12890625,
    "y2": 0.17083333333333334
}