{
    "class": "knife",
    "x1": 0.39360119047619047,
    "y1": 0.3804878048780488,
    "x2": 0.40922619047619047,
    "y2": 0.5853658536585366
}