{
    "class": "knife",
    "x1": 0.6109375,
    "y1": 0.45416666666666666,
    "x2": 0.2453125,
    "y2": 0.20555555555555555
}