{
    "class": "knife",
    "x1": 0.201171875,
    "y1": 0.6152777777777778,
    "x2": 0.08984375,
    "y2": 0.5111111111111111
}