{
    "class": "knife",
    "x1": 0.441415313225058,
    "y1": 0.5639329805996472,
    "x2": 0.4767981438515081,
    "y2": 0.8174603174603174
}