{
    "class": "knife",
    "x1": 0.4666666666666667,
    "y1": 0.4955357142857143,
    "x2": 0.13333333333333333,
    "y2": 0.3125
}