{
    "class": "knife",
    "x1": 0.68375,
    "y1": 0.7383333333333333,
    "x2": 0.42,
    "y2": 0.4666666666666667
}