{
    "class": "knife",
    "x1": 0.577734375,
    "y1": 0.7201388888888889,
    "x2": 0.07265625,
    "y2": 0.3763888888888889
}