{
    "class": "knife",
    "x1": 0.544140625,
    "y1": 0.7826388888888889,
    "x2": 0.75546875,
    "y2": 0.43472222222222223
}