{
    "class": "knife",
    "x1": 0.215625,
    "y1": 0.5569444444444445,
    "x2": 0.103125,
    "y2": 0.3194444444444444
}