{
    "class": "knife",
    "x1": 0.108125,
    "y1": 0.559375,
    "x2": 0.12375,
    "y2": 0.25125
}