{
    "class": "knife",
    "x1": 0.4469407265774379,
    "y1": 0.49032882011605416,
    "x2": 0.5573613766730402,
    "y2": 0.9787234042553191
}