{
    "class": "knife",
    "x1": 0.5794297352342159,
    "y1": 0.6844155844155844,
    "x2": 0.38085539714867617,
    "y2": 0.6
}