{
    "class": "knife",
    "x1": 0.612890625,
    "y1": 0.40902777777777777,
    "x2": 0.10078125,
    "y2": 0.25416666666666665
}