{
    "class": "knife",
    "x1": 0.233984375,
    "y1": 0.6263888888888889,
    "x2": 0.09765625,
    "y2": 0.2777777777777778
}