{
    "class": "knife",
    "x1": 0.6046875,
    "y1": 0.4361111111111111,
    "x2": 0.259375,
    "y2": 0.14444444444444443
}