{
    "class": "knife",
    "x1": 0.769921875,
    "y1": 0.47152777777777777,
    "x2": 0.16796875,
    "y2": 0.5791666666666667
}