{
    "class": "knife",
    "x1": 0.407421875,
    "y1": 0.6055555555555555,
    "x2": 0.20703125,
    "y2": 0.375
}