{
    "class": "knife",
    "x1": 0.498828125,
    "y1": 0.7222222222222222,
    "x2": 0.10390625,
    "y2": 0.12777777777777777
}