{
    "class": "knife",
    "x1": 0.51484375,
    "y1": 0.4013888888888889,
    "x2": 0.09375,
    "y2": 0.5583333333333333
}