{
    "class": "knife",
    "x1": 0.5414312617702448,
    "y1": 0.5967532467532467,
    "x2": 0.519774011299435,
    "y2": 0.7987012987012987
}