{
    "class": "knife",
    "x1": 0.1828125,
    "y1": 0.6993055555555555,
    "x2": 0.1015625,
    "y2": 0.2986111111111111
}