{
    "class": "knife",
    "x1": 0.5618892508143323,
    "y1": 0.6542649727767695,
    "x2": 0.20521172638436483,
    "y2": 0.6805807622504537
}