{
    "class": "knife",
    "x1": 0.29,
    "y1": 0.7038327526132404,
    "x2": 0.5533333333333333,
    "y2": 0.578397212543554
}