{
    "class": "knife",
    "x1": 0.566579634464752,
    "y1": 0.630859375,
    "x2": 0.7519582245430809,
    "y2": 0.42578125
}