{
    "class": "knife",
    "x1": 0.4846398305084746,
    "y1": 0.5002349624060151,
    "x2": 0.9685734463276836,
    "y2": 0.350093984962406
}