{
    "class": "knife",
    "x1": 0.3828125,
    "y1": 0.4427083333333333,
    "x2": 0.4125,
    "y2": 0.41458333333333336
}