{
    "class": "knife",
    "x1": 0.4738339021615472,
    "y1": 0.40046296296296297,
    "x2": 0.5312855517633674,
    "y2": 0.7669753086419753
}