{
    "class": "knife",
    "x1": 0.884375,
    "y1": 0.44027777777777777,
    "x2": 0.1546875,
    "y2": 0.15
}