{
    "class": "knife",
    "x1": 0.669921875,
    "y1": 0.5020833333333333,
    "x2": 0.38359375,
    "y2": 0.2625
}