{
    "class": "knife",
    "x1": 0.196875,
    "y1": 0.6986111111111111,
    "x2": 0.09375,
    "y2": 0.29444444444444445
}