{
    "class": "knife",
    "x1": 0.49690721649484537,
    "y1": 0.530688622754491,
    "x2": 0.9360824742268041,
    "y2": 0.8997005988023952
}