{
    "class": "knife",
    "x1": 0.75859375,
    "y1": 0.5715277777777777,
    "x2": 0.08125,
    "y2": 0.3680555555555556
}