{
    "class": "knife",
    "x1": 0.2171875,
    "y1": 0.8965277777777778,
    "x2": 0.109375,
    "y2": 0.20694444444444443
}