{
    "class": "knife",
    "x1": 0.6421875,
    "y1": 0.5486111111111112,
    "x2": 0.09375,
    "y2": 0.3277777777777778
}