{
    "class": "knife",
    "x1": 0.5988612836438924,
    "y1": 0.6758087201125176,
    "x2": 0.37991718426501037,
    "y2": 0.5161744022503516
}