{
    "class": "knife",
    "x1": 0.39453125,
    "y1": 0.6854166666666667,
    "x2": 0.16875,
    "y2": 0.1763888888888889
}