{
    "class": "knife",
    "x1": 0.5790190735694822,
    "y1": 0.6585365853658537,
    "x2": 0.3405994550408719,
    "y2": 0.445993031358885
}