{
    "class": "knife",
    "x1": 0.39653846153846156,
    "y1": 0.5294117647058824,
    "x2": 0.43,
    "y2": 0.586015538290788
}