{
    "class": "knife",
    "x1": 0.55078125,
    "y1": 0.4166666666666667,
    "x2": 0.66875,
    "y2": 0.5
}