{
    "class": "knife",
    "x1": 0.569140625,
    "y1": 0.575,
    "x2": 0.17109375,
    "y2": 0.1388888888888889
}