{
    "class": "knife",
    "x1": 0.5765625,
    "y1": 0.6736111111111112,
    "x2": 0.7296875,
    "y2": 0.36666666666666664
}