{
    "class": "knife",
    "x1": 0.171484375,
    "y1": 0.7,
    "x2": 0.10546875,
    "y2": 0.23055555555555557
}