{
    "class": "knife",
    "x1": 0.6127167630057804,
    "y1": 0.315028901734104,
    "x2": 0.31213872832369943,
    "y2": 0.45664739884393063
}