{
    "class": "knife",
    "x1": 0.339453125,
    "y1": 0.6652777777777777,
    "x2": 0.08515625,
    "y2": 0.2111111111111111
}