{
    "class": "knife",
    "x1": 0.4675,
    "y1": 0.6031894934333959,
    "x2": 0.2075,
    "y2": 0.6472795497185742
}