{
    "class": "knife",
    "x1": 0.46328125,
    "y1": 0.5173611111111112,
    "x2": 0.1484375,
    "y2": 0.3625
}