{
    "class": "knife",
    "x1": 0.6254199328107503,
    "y1": 0.553125,
    "x2": 0.6349384098544233,
    "y2": 0.80625
}