{
    "class": "knife",
    "x1": 0.371875,
    "y1": 0.48125,
    "x2": 0.3609375,
    "y2": 0.5430555555555555
}