{
    "class": "knife",
    "x1": 0.4072494669509595,
    "y1": 0.4698275862068966,
    "x2": 0.4626865671641791,
    "y2": 0.8620689655172413
}