{
    "class": "knife",
    "x1": 0.53359375,
    "y1": 0.47152777777777777,
    "x2": 0.0609375,
    "y2": 0.19027777777777777
}