{
    "class": "knife",
    "x1": 0.19453125,
    "y1": 0.3263888888888889,
    "x2": 0.303125,
    "y2": 0.5
}