{
    "class": "knife",
    "x1": 0.716015625,
    "y1": 0.11597222222222223,
    "x2": 0.08671875,
    "y2": 0.09861111111111111
}