{
    "class": "knife",
    "x1": 0.64453125,
    "y1": 0.4354166666666667,
    "x2": 0.1671875,
    "y2": 0.3902777777777778
}