{
    "class": "knife",
    "x1": 0.46640625,
    "y1": 0.12013888888888889,
    "x2": 0.1125,
    "y2": 0.11527777777777778
}