{
    "class": "knife",
    "x1": 0.349609375,
    "y1": 0.5201388888888889,
    "x2": 0.06171875,
    "y2": 0.10694444444444444
}