{
    "class": "knife",
    "x1": 0.479706390328152,
    "y1": 0.3804347826086957,
    "x2": 0.6001727115716753,
    "y2": 0.7540045766590389
}