{
    "class": "knife",
    "x1": 0.12421875,
    "y1": 0.8798611111111111,
    "x2": 0.1078125,
    "y2": 0.24027777777777778
}