{
    "class": "knife",
    "x1": 0.65283203125,
    "y1": 0.4576822916666667,
    "x2": 0.6845703125,
    "y2": 0.57421875
}