{
    "class": "knife",
    "x1": 0.45671981776765375,
    "y1": 0.5357142857142857,
    "x2": 0.908883826879271,
    "y2": 0.717687074829932
}