{
    "class": "knife",
    "x1": 0.1421875,
    "y1": 0.8895833333333333,
    "x2": 0.109375,
    "y2": 0.22083333333333333
}