{
    "class": "knife",
    "x1": 0.426171875,
    "y1": 0.8361111111111111,
    "x2": 0.17734375,
    "y2": 0.17777777777777778
}