{
    "class": "knife",
    "x1": 0.55546875,
    "y1": 0.3840277777777778,
    "x2": 0.084375,
    "y2": 0.2125
}