{
    "class": "knife",
    "x1": 0.50234375,
    "y1": 0.30694444444444446,
    "x2": 0.059375,
    "y2": 0.2361111111111111
}