{
    "class": "knife",
    "x1": 0.7385361552028219,
    "y1": 0.5701058201058201,
    "x2": 0.4347442680776014,
    "y2": 0.3968253968253968
}