{
    "class": "knife",
    "x1": 0.52890625,
    "y1": 0.5583333333333333,
    "x2": 0.075,
    "y2": 0.20555555555555555
}