{
    "class": "knife",
    "x1": 0.153125,
    "y1": 0.8916666666666667,
    "x2": 0.1125,
    "y2": 0.21666666666666667
}