{
    "class": "knife",
    "x1": 0.39140625,
    "y1": 0.46111111111111114,
    "x2": 0.1859375,
    "y2": 0.18055555555555555
}