{
    "class": "knife",
    "x1": 0.278,
    "y1": 0.6957104557640751,
    "x2": 0.426,
    "y2": 0.5227882037533512
}