{
    "class": "knife",
    "x1": 0.201171875,
    "y1": 0.6770833333333334,
    "x2": 0.12109375,
    "y2": 0.3375
}