{
    "class": "knife",
    "x1": 0.6666666666666666,
    "y1": 0.7988980716253443,
    "x2": 0.631163708086785,
    "y2": 0.38016528925619836
}