{
    "class": "knife",
    "x1": 0.2484375,
    "y1": 0.54375,
    "x2": 0.084375,
    "y2": 0.2513888888888889
}