{
    "class": "knife",
    "x1": 0.5702160493827161,
    "y1": 0.609375,
    "x2": 0.5108024691358025,
    "y2": 0.7083333333333334
}