{
    "class": "knife",
    "x1": 0.2796875,
    "y1": 0.7071759259259259,
    "x2": 0.515625,
    "y2": 0.5347222222222222
}