{
    "class": "knife",
    "x1": 0.548828125,
    "y1": 0.47708333333333336,
    "x2": 0.13046875,
    "y2": 0.44305555555555554
}