{
    "class": "knife",
    "x1": 0.24375,
    "y1": 0.6097222222222223,
    "x2": 0.1015625,
    "y2": 0.3416666666666667
}