{
    "class": "knife",
    "x1": 0.6067415730337079,
    "y1": 0.3924731182795699,
    "x2": 0.3295880149812734,
    "y2": 0.3763440860215054
}