{
    "class": "knife",
    "x1": 0.46384615384615385,
    "y1": 0.5184544405997693,
    "x2": 0.7646153846153846,
    "y2": 0.4925028835063437
}