{
    "class": "knife",
    "x1": 0.741875,
    "y1": 0.46140939597315433,
    "x2": 0.48375,
    "y2": 0.20134228187919462
}