{
    "class": "knife",
    "x1": 0.655078125,
    "y1": 0.4375,
    "x2": 0.08046875,
    "y2": 0.4444444444444444
}