{
    "class": "knife",
    "x1": 0.436328125,
    "y1": 0.42986111111111114,
    "x2": 0.31328125,
    "y2": 0.46805555555555556
}