{
    "class": "knife",
    "x1": 0.14453125,
    "y1": 0.8486111111111111,
    "x2": 0.1015625,
    "y2": 0.30277777777777776
}