{
    "class": "knife",
    "x1": 0.574609375,
    "y1": 0.7,
    "x2": 0.19609375,
    "y2": 0.275
}