{
    "class": "knife",
    "x1": 0.146484375,
    "y1": 0.8895833333333333,
    "x2": 0.10234375,
    "y2": 0.22083333333333333
}