{
    "class": "knife",
    "x1": 0.537890625,
    "y1": 0.6006944444444444,
    "x2": 0.06484375,
    "y2": 0.24583333333333332
}