{
    "class": "knife",
    "x1": 0.78046875,
    "y1": 0.38472222222222224,
    "x2": 0.071875,
    "y2": 0.21944444444444444
}