{
    "class": "knife",
    "x1": 0.33505154639175255,
    "y1": 0.3103448275862069,
    "x2": 0.668041237113402,
    "y2": 0.6175548589341693
}