{
    "class": "knife",
    "x1": 0.4452590420332356,
    "y1": 0.41605839416058393,
    "x2": 0.7888563049853372,
    "y2": 0.5109489051094891
}