{
    "class": "knife",
    "x1": 0.5332594235033259,
    "y1": 0.49560117302052786,
    "x2": 0.6674057649667405,
    "y2": 0.4398826979472141
}