{
    "class": "knife",
    "x1": 0.4359375,
    "y1": 0.8291666666666667,
    "x2": 0.1796875,
    "y2": 0.19444444444444445
}