{
    "class": "knife",
    "x1": 0.705937794533459,
    "y1": 0.7112010796221323,
    "x2": 0.26201696512723843,
    "y2": 0.5398110661268556
}