{
    "class": "knife",
    "x1": 0.54375,
    "y1": 0.7166666666666667,
    "x2": 0.7796875,
    "y2": 0.41944444444444445
}