{
    "class": "knife",
    "x1": 0.4913394919168591,
    "y1": 0.7857142857142857,
    "x2": 0.4491916859122402,
    "y2": 0.31746031746031744
}