{
    "class": "knife",
    "x1": 0.4765625,
    "y1": 0.4193324061196106,
    "x2": 0.505859375,
    "y2": 0.8219749652294854
}