{
    "class": "knife",
    "x1": 0.54140625,
    "y1": 0.5159722222222223,
    "x2": 0.1484375,
    "y2": 0.5347222222222222
}