{
    "class": "knife",
    "x1": 0.590234375,
    "y1": 0.4166666666666667,
    "x2": 0.25546875,
    "y2": 0.1111111111111111
}