{
    "class": "knife",
    "x1": 0.249609375,
    "y1": 0.6152777777777778,
    "x2": 0.09296875,
    "y2": 0.2916666666666667
}