{
    "class": "knife",
    "x1": 0.191796875,
    "y1": 0.6881944444444444,
    "x2": 0.10703125,
    "y2": 0.3236111111111111
}