{
    "class": "knife",
    "x1": 0.3688888888888889,
    "y1": 0.6617210682492581,
    "x2": 0.4622222222222222,
    "y2": 0.5934718100890207
}