{
    "class": "knife",
    "x1": 0.4671875,
    "y1": 0.7263888888888889,
    "x2": 0.2328125,
    "y2": 0.3055555555555556
}