{
    "class": "knife",
    "x1": 0.63515625,
    "y1": 0.40347222222222223,
    "x2": 0.196875,
    "y2": 0.35138888888888886
}