{
    "class": "knife",
    "x1": 0.36212624584717606,
    "y1": 0.5582608695652174,
    "x2": 0.6245847176079734,
    "y2": 0.7895652173913044
}