{
    "class": "knife",
    "x1": 0.3333333333333333,
    "y1": 0.5689252336448598,
    "x2": 0.6350877192982456,
    "y2": 0.4322429906542056
}