{
    "class": "knife",
    "x1": 0.5203125,
    "y1": 0.475,
    "x2": 0.06875,
    "y2": 0.22777777777777777
}