{
    "class": "knife",
    "x1": 0.3416666666666667,
    "y1": 0.4810810810810811,
    "x2": 0.412962962962963,
    "y2": 0.6108108108108108
}