{
    "class": "knife",
    "x1": 0.444547134935305,
    "y1": 0.33801498127340823,
    "x2": 0.21626617375231053,
    "y2": 0.6273408239700374
}