{
    "class": "knife",
    "x1": 0.570703125,
    "y1": 0.5375,
    "x2": 0.15390625,
    "y2": 0.2222222222222222
}