{
    "class": "knife",
    "x1": 0.14140625,
    "y1": 0.8798611111111111,
    "x2": 0.1125,
    "y2": 0.24027777777777778
}