{
    "class": "knife",
    "x1": 0.6358695652173914,
    "y1": 0.6009681881051175,
    "x2": 0.6847826086956522,
    "y2": 0.7842323651452282
}