{
    "class": "knife",
    "x1": 0.42734375,
    "y1": 0.42986111111111114,
    "x2": 0.0953125,
    "y2": 0.29305555555555557
}