{
    "class": "knife",
    "x1": 0.5802083333333333,
    "y1": 0.4242021276595745,
    "x2": 0.76875,
    "y2": 0.6143617021276596
}