{
    "class": "knife",
    "x1": 0.551953125,
    "y1": 0.48680555555555555,
    "x2": 0.14296875,
    "y2": 0.49583333333333335
}