{
    "class": "knife",
    "x1": 0.5618556701030928,
    "y1": 0.6157517899761337,
    "x2": 0.46048109965635736,
    "y2": 0.26252983293556087
}