{
    "class": "knife",
    "x1": 0.37643020594965676,
    "y1": 0.3546099290780142,
    "x2": 0.7482837528604119,
    "y2": 0.7021276595744681
}