{
    "class": "knife",
    "x1": 0.303,
    "y1": 0.5980592441266599,
    "x2": 0.5806666666666667,
    "y2": 0.3748723186925434
}