{
    "class": "knife",
    "x1": 0.378515625,
    "y1": 0.5909722222222222,
    "x2": 0.14140625,
    "y2": 0.20972222222222223
}