{
    "class": "knife",
    "x1": 0.2734375,
    "y1": 0.7604651162790698,
    "x2": 0.51875,
    "y2": 0.4418604651162791
}