{
    "class": "knife",
    "x1": 0.6316091954022989,
    "y1": 0.5577812018489985,
    "x2": 0.7022988505747126,
    "y2": 0.6101694915254238
}