{
    "class": "knife",
    "x1": 0.736328125,
    "y1": 0.4479166666666667,
    "x2": 0.05390625,
    "y2": 0.22361111111111112
}