{
    "class": "knife",
    "x1": 0.60703125,
    "y1": 0.4479166666666667,
    "x2": 0.08125,
    "y2": 0.32916666666666666
}