{
    "class": "knife",
    "x1": 0.51953125,
    "y1": 0.3854166666666667,
    "x2": 0.0859375,
    "y2": 0.5263888888888889
}