{
    "class": "knife",
    "x1": 0.44666666666666666,
    "y1": 0.6038732394366197,
    "x2": 0.44,
    "y2": 0.7922535211267606
}