{
    "class": "knife",
    "x1": 0.4680365296803653,
    "y1": 0.37575757575757573,
    "x2": 0.2968036529680365,
    "y2": 0.36363636363636365
}