{
    "class": "knife",
    "x1": 0.315234375,
    "y1": 0.6361111111111111,
    "x2": 0.06015625,
    "y2": 0.11666666666666667
}