{
    "class": "knife",
    "x1": 0.5181818181818182,
    "y1": 0.575,
    "x2": 0.48877005347593583,
    "y2": 0.7966666666666666
}