{
    "class": "knife",
    "x1": 0.3375,
    "y1": 0.7340425531914894,
    "x2": 0.6125,
    "y2": 0.4553191489361702
}