{
    "class": "knife",
    "x1": 0.678125,
    "y1": 0.43768545994065283,
    "x2": 0.5354166666666667,
    "y2": 0.24629080118694363
}