{
    "class": "knife",
    "x1": 0.2578125,
    "y1": 0.4638888888888889,
    "x2": 0.3703125,
    "y2": 0.5666666666666667
}