{
    "class": "knife",
    "x1": 0.153515625,
    "y1": 0.8930555555555556,
    "x2": 0.10546875,
    "y2": 0.21388888888888888
}