{
    "class": "knife",
    "x1": 0.329,
    "y1": 0.6844919786096256,
    "x2": 0.452,
    "y2": 0.45989304812834225
}