{
    "class": "knife",
    "x1": 0.422265625,
    "y1": 0.4791666666666667,
    "x2": 0.30859375,
    "y2": 0.25
}