{
    "class": "knife",
    "x1": 0.33253588516746413,
    "y1": 0.5404814004376368,
    "x2": 0.18022328548644337,
    "y2": 0.8358862144420132
}