{
    "class": "knife",
    "x1": 0.3025,
    "y1": 0.6181988742964353,
    "x2": 0.5375,
    "y2": 0.4634146341463415
}