{
    "class": "knife",
    "x1": 0.4344422700587084,
    "y1": 0.6025641025641025,
    "x2": 0.5009784735812133,
    "y2": 0.7435897435897436
}