{
    "class": "knife",
    "x1": 0.73125,
    "y1": 0.5618055555555556,
    "x2": 0.0640625,
    "y2": 0.30694444444444446
}