{
    "class": "knife",
    "x1": 0.723046875,
    "y1": 0.17083333333333334,
    "x2": 0.32578125,
    "y2": 0.2222222222222222
}