{
    "class": "knife",
    "x1": 0.24,
    "y1": 0.7076719576719577,
    "x2": 0.472,
    "y2": 0.5476190476190477
}