{
    "class": "knife",
    "x1": 0.45358649789029537,
    "y1": 0.4127906976744186,
    "x2": 0.4177215189873418,
    "y2": 0.47674418604651164
}