{
    "class": "knife",
    "x1": 0.8132328308207705,
    "y1": 0.39824120603015073,
    "x2": 0.37353433835845895,
    "y2": 0.4648241206030151
}