{
    "class": "knife",
    "x1": 0.168359375,
    "y1": 0.69375,
    "x2": 0.11484375,
    "y2": 0.24305555555555555
}