{
    "class": "knife",
    "x1": 0.38,
    "y1": 0.27181208053691275,
    "x2": 0.635,
    "y2": 0.2214765100671141
}