{
    "class": "knife",
    "x1": 0.2978515625,
    "y1": 0.4363103953147877,
    "x2": 0.1796875,
    "y2": 0.7086383601756955
}