{
    "class": "knife",
    "x1": 0.49453125,
    "y1": 0.21388888888888888,
    "x2": 0.20625,
    "y2": 0.24722222222222223
}