{
    "class": "knife",
    "x1": 0.788671875,
    "y1": 0.48819444444444443,
    "x2": 0.05859375,
    "y2": 0.20972222222222223
}