{
    "class": "knife",
    "x1": 0.5671875,
    "y1": 0.5409722222222222,
    "x2": 0.1140625,
    "y2": 0.21805555555555556
}