{
    "class": "knife",
    "x1": 0.19296875,
    "y1": 0.6631944444444444,
    "x2": 0.1171875,
    "y2": 0.29583333333333334
}