{
    "class": "knife",
    "x1": 0.2359375,
    "y1": 0.5958333333333333,
    "x2": 0.4375,
    "y2": 0.16666666666666666
}