{
    "class": "knife",
    "x1": 0.4714566929133858,
    "y1": 0.4275,
    "x2": 0.655511811023622,
    "y2": 0.76
}