{
    "class": "knife",
    "x1": 0.22,
    "y1": 0.4866504854368932,
    "x2": 0.4254545454545455,
    "y2": 0.279126213592233
}