{
    "class": "knife",
    "x1": 0.6533333333333333,
    "y1": 0.6752136752136753,
    "x2": 0.36,
    "y2": 0.4672364672364672
}