{
    "class": "knife",
    "x1": 0.7411111111111112,
    "y1": 0.5519287833827893,
    "x2": 0.44222222222222224,
    "y2": 0.4035608308605341
}