{
    "class": "knife",
    "x1": 0.7333333333333333,
    "y1": 0.3277591973244147,
    "x2": 0.49777777777777776,
    "y2": 0.43478260869565216
}