{
    "class": "knife",
    "x1": 0.5380859375,
    "y1": 0.5658857979502196,
    "x2": 0.61328125,
    "y2": 0.3440702781844802
}