{
    "class": "knife",
    "x1": 0.182421875,
    "y1": 0.8833333333333333,
    "x2": 0.11953125,
    "y2": 0.23333333333333334
}