{
    "class": "knife",
    "x1": 0.638671875,
    "y1": 0.4548611111111111,
    "x2": 0.22109375,
    "y2": 0.24861111111111112
}