{
    "class": "knife",
    "x1": 0.184375,
    "y1": 0.3451388888888889,
    "x2": 0.0625,
    "y2": 0.22361111111111112
}