{
    "class": "knife",
    "x1": 0.401171875,
    "y1": 0.39305555555555555,
    "x2": 0.13984375,
    "y2": 0.22777777777777777
}