{
    "class": "knife",
    "x1": 0.53671875,
    "y1": 0.5659722222222222,
    "x2": 0.0640625,
    "y2": 0.15694444444444444
}