{
    "class": "knife",
    "x1": 0.48933333333333334,
    "y1": 0.5454959053685169,
    "x2": 0.08266666666666667,
    "y2": 0.5141037306642402
}