{
    "class": "knife",
    "x1": 0.4661290322580645,
    "y1": 0.45045045045045046,
    "x2": 0.17096774193548386,
    "y2": 0.5135135135135135
}