{
    "class": "knife",
    "x1": 0.26547181372549017,
    "y1": 0.6358251633986928,
    "x2": 0.47824754901960786,
    "y2": 0.4424019607843137
}