{
    "class": "knife",
    "x1": 0.4319230769230769,
    "y1": 0.37422222222222223,
    "x2": 0.57,
    "y2": 0.7466666666666667
}