{
    "class": "knife",
    "x1": 0.5543002915451894,
    "y1": 0.7140831758034026,
    "x2": 0.25583090379008744,
    "y2": 0.5472589792060492
}