{
    "class": "knife",
    "x1": 0.621969696969697,
    "y1": 0.5876010781671159,
    "x2": 0.6530303030303031,
    "y2": 0.8247978436657682
}