{
    "class": "knife",
    "x1": 0.3856,
    "y1": 0.8963414634146342,
    "x2": 0.2752,
    "y2": 0.17886178861788618
}