{
    "class": "knife",
    "x1": 0.24473067915690866,
    "y1": 0.6897590361445783,
    "x2": 0.4379391100702576,
    "y2": 0.3253012048192771
}