{
    "class": "knife",
    "x1": 0.351953125,
    "y1": 0.3715277777777778,
    "x2": 0.28671875,
    "y2": 0.5069444444444444
}