{
    "class": "knife",
    "x1": 0.548046875,
    "y1": 0.4513888888888889,
    "x2": 0.74296875,
    "y2": 0.25277777777777777
}