{
    "class": "knife",
    "x1": 0.5313315926892951,
    "y1": 0.3426294820717131,
    "x2": 0.13838120104438642,
    "y2": 0.1593625498007968
}