{
    "class": "knife",
    "x1": 0.2109375,
    "y1": 0.7055555555555556,
    "x2": 0.096875,
    "y2": 0.32222222222222224
}