{
    "class": "knife",
    "x1": 0.25390625,
    "y1": 0.6555555555555556,
    "x2": 0.23125,
    "y2": 0.2361111111111111
}