{
    "class": "knife",
    "x1": 0.221875,
    "y1": 0.35208333333333336,
    "x2": 0.3265625,
    "y2": 0.5013888888888889
}