{
    "class": "knife",
    "x1": 0.7144808743169399,
    "y1": 0.6535087719298246,
    "x2": 0.4726775956284153,
    "y2": 0.21052631578947367
}