{
    "class": "knife",
    "x1": 0.25830078125,
    "y1": 0.623046875,
    "x2": 0.4423828125,
    "y2": 0.46484375
}