{
    "class": "knife",
    "x1": 0.7101449275362319,
    "y1": 0.5326370757180157,
    "x2": 0.4311594202898551,
    "y2": 0.360313315926893
}