{
    "class": "knife",
    "x1": 0.44399538106235564,
    "y1": 0.43884615384615383,
    "x2": 0.5207852193995381,
    "y2": 0.6761538461538461
}