{
    "class": "knife",
    "x1": 0.496875,
    "y1": 0.5036036036036036,
    "x2": 0.878125,
    "y2": 0.9927927927927928
}