{
    "class": "knife",
    "x1": 0.44025157232704404,
    "y1": 0.33127572016460904,
    "x2": 0.559748427672956,
    "y2": 0.654320987654321
}