{
    "class": "knife",
    "x1": 0.5991935483870968,
    "y1": 0.28692493946731235,
    "x2": 0.43709677419354837,
    "y2": 0.33171912832929784
}