{
    "class": "knife",
    "x1": 0.53828125,
    "y1": 0.7027777777777777,
    "x2": 0.2125,
    "y2": 0.38055555555555554
}