{
    "class": "knife",
    "x1": 0.296484375,
    "y1": 0.6854166666666667,
    "x2": 0.10859375,
    "y2": 0.2652777777777778
}