{
    "class": "knife",
    "x1": 0.3375,
    "y1": 0.5513888888888889,
    "x2": 0.1453125,
    "y2": 0.19722222222222222
}