{
    "class": "knife",
    "x1": 0.3725,
    "y1": 0.6274864376130199,
    "x2": 0.495,
    "y2": 0.4412296564195298
}