{
    "class": "knife",
    "x1": 0.191796875,
    "y1": 0.5895833333333333,
    "x2": 0.08671875,
    "y2": 0.5041666666666667
}