{
    "class": "knife",
    "x1": 0.3555,
    "y1": 0.6880856760374833,
    "x2": 0.551,
    "y2": 0.2597054886211513
}