{
    "class": "knife",
    "x1": 0.46875,
    "y1": 0.7548611111111111,
    "x2": 0.153125,
    "y2": 0.10138888888888889
}