{
    "class": "knife",
    "x1": 0.27923387096774194,
    "y1": 0.7048832271762208,
    "x2": 0.5141129032258065,
    "y2": 0.5902335456475584
}