{
    "class": "knife",
    "x1": 0.6609375,
    "y1": 0.5833333333333334,
    "x2": 0.10625,
    "y2": 0.3138888888888889
}