{
    "class": "knife",
    "x1": 0.178125,
    "y1": 0.6986111111111111,
    "x2": 0.115625,
    "y2": 0.2611111111111111
}