{
    "class": "knife",
    "x1": 0.780859375,
    "y1": 0.5902777777777778,
    "x2": 0.12890625,
    "y2": 0.15555555555555556
}