{
    "class": "knife",
    "x1": 0.37652439024390244,
    "y1": 0.42570281124497994,
    "x2": 0.16158536585365854,
    "y2": 0.6345381526104418
}