{
    "class": "knife",
    "x1": 0.217578125,
    "y1": 0.4361111111111111,
    "x2": 0.26171875,
    "y2": 0.7527777777777778
}