{
    "class": "knife",
    "x1": 0.435546875,
    "y1": 0.7013888888888888,
    "x2": 0.08671875,
    "y2": 0.14444444444444443
}