{
    "class": "knife",
    "x1": 0.3433333333333333,
    "y1": 0.25333333333333335,
    "x2": 0.15777777777777777,
    "y2": 0.21333333333333335
}