{
    "class": "knife",
    "x1": 0.23828125,
    "y1": 0.4409722222222222,
    "x2": 0.13125,
    "y2": 0.1875
}