{
    "class": "knife",
    "x1": 0.22966666666666666,
    "y1": 0.5546610169491526,
    "x2": 0.4086666666666667,
    "y2": 0.1906779661016949
}