{
    "class": "knife",
    "x1": 0.5328125,
    "y1": 0.6055555555555555,
    "x2": 0.1875,
    "y2": 0.3194444444444444
}