{
    "class": "knife",
    "x1": 0.5321100917431193,
    "y1": 0.5133037694013304,
    "x2": 0.9247706422018349,
    "y2": 0.9512195121951219
}