{
    "class": "knife",
    "x1": 0.242152466367713,
    "y1": 0.21726190476190477,
    "x2": 0.42152466367713004,
    "y2": 0.30357142857142855
}