{
    "class": "knife",
    "x1": 0.53515625,
    "y1": 0.6444444444444445,
    "x2": 0.21875,
    "y2": 0.18333333333333332
}