{
    "class": "knife",
    "x1": 0.405078125,
    "y1": 0.33055555555555555,
    "x2": 0.18671875,
    "y2": 0.12222222222222222
}