{
    "class": "knife",
    "x1": 0.125390625,
    "y1": 0.6354166666666666,
    "x2": 0.12578125,
    "y2": 0.08472222222222223
}