{
    "class": "knife",
    "x1": 0.7383333333333333,
    "y1": 0.6318131256952169,
    "x2": 0.5066666666666667,
    "y2": 0.4471635150166852
}