{
    "class": "knife",
    "x1": 0.571,
    "y1": 0.4144144144144144,
    "x2": 0.56,
    "y2": 0.24624624624624625
}