{
    "class": "knife",
    "x1": 0.26125,
    "y1": 0.6842105263157895,
    "x2": 0.4675,
    "y2": 0.5723684210526315
}