{
    "class": "knife",
    "x1": 0.6675,
    "y1": 0.41959798994974873,
    "x2": 0.515,
    "y2": 0.44221105527638194
}