{
    "class": "knife",
    "x1": 0.687109375,
    "y1": 0.4798611111111111,
    "x2": 0.05546875,
    "y2": 0.2263888888888889
}