{
    "class": "knife",
    "x1": 0.6192307692307693,
    "y1": 0.570683661645423,
    "x2": 0.4492307692307692,
    "y2": 0.48088064889918886
}