{
    "class": "knife",
    "x1": 0.17421875,
    "y1": 0.2965277777777778,
    "x2": 0.0828125,
    "y2": 0.35694444444444445
}