{
    "class": "knife",
    "x1": 0.258732212160414,
    "y1": 0.6909547738693468,
    "x2": 0.45278137128072443,
    "y2": 0.5376884422110553
}