{
    "class": "knife",
    "x1": 0.266796875,
    "y1": 0.6340277777777777,
    "x2": 0.10546875,
    "y2": 0.16527777777777777
}