{
    "class": "knife",
    "x1": 0.6421875,
    "y1": 0.3474178403755869,
    "x2": 0.478125,
    "y2": 0.5727699530516432
}