{
    "class": "knife",
    "x1": 0.604296875,
    "y1": 0.45416666666666666,
    "x2": 0.23671875,
    "y2": 0.2111111111111111
}