{
    "class": "knife",
    "x1": 0.614453125,
    "y1": 0.4618055555555556,
    "x2": 0.22890625,
    "y2": 0.2763888888888889
}