{
    "class": "knife",
    "x1": 0.623046875,
    "y1": 0.42430555555555555,
    "x2": 0.15390625,
    "y2": 0.14583333333333334
}