{
    "class": "knife",
    "x1": 0.36556603773584906,
    "y1": 0.45555555555555555,
    "x2": 0.6933962264150944,
    "y2": 0.6222222222222222
}