{
    "class": "knife",
    "x1": 0.247265625,
    "y1": 0.5625,
    "x2": 0.49296875,
    "y2": 0.4
}