{
    "class": "knife",
    "x1": 0.36028537455410226,
    "y1": 0.45688073394495415,
    "x2": 0.6563614744351962,
    "y2": 0.9100917431192661
}