{
    "class": "knife",
    "x1": 0.7366666666666667,
    "y1": 0.5817535545023697,
    "x2": 0.47,
    "y2": 0.48104265402843605
}