{
    "class": "knife",
    "x1": 0.4213938411669368,
    "y1": 0.4875,
    "x2": 0.839546191247974,
    "y2": 0.5916666666666667
}