{
    "class": "knife",
    "x1": 0.613671875,
    "y1": 0.5263888888888889,
    "x2": 0.11796875,
    "y2": 0.5916666666666667
}