{
    "class": "knife",
    "x1": 0.403515625,
    "y1": 0.6645833333333333,
    "x2": 0.08046875,
    "y2": 0.22361111111111112
}