{
    "class": "knife",
    "x1": 0.826271186440678,
    "y1": 0.7035714285714286,
    "x2": 0.3474576271186441,
    "y2": 0.5738095238095238
}