{
    "class": "knife",
    "x1": 0.3898381294964029,
    "y1": 0.42409470752089135,
    "x2": 0.6232014388489209,
    "y2": 0.6002785515320335
}