{
    "class": "knife",
    "x1": 0.6125,
    "y1": 0.5027777777777778,
    "x2": 0.1078125,
    "y2": 0.5777777777777777
}