{
    "class": "knife",
    "x1": 0.534375,
    "y1": 0.7666666666666667,
    "x2": 0.1265625,
    "y2": 0.12222222222222222
}