{
    "class": "knife",
    "x1": 0.5026923076923077,
    "y1": 0.5273892773892774,
    "x2": 0.3576923076923077,
    "y2": 0.6048951048951049
}