{
    "class": "knife",
    "x1": 0.2356164383561644,
    "y1": 0.5316176470588235,
    "x2": 0.2328767123287671,
    "y2": 0.5308823529411765
}