{
    "class": "knife",
    "x1": 0.553515625,
    "y1": 0.5333333333333333,
    "x2": 0.13046875,
    "y2": 0.5111111111111111
}