{
    "class": "knife",
    "x1": 0.5107858243451464,
    "y1": 0.6593533487297921,
    "x2": 0.2696456086286595,
    "y2": 0.5796766743648961
}