{
    "class": "knife",
    "x1": 0.5879120879120879,
    "y1": 0.5576208178438662,
    "x2": 0.7912087912087912,
    "y2": 0.31970260223048325
}