{
    "class": "knife",
    "x1": 0.5639097744360902,
    "y1": 0.48359073359073357,
    "x2": 0.24060150375939848,
    "y2": 0.7200772200772201
}