{
    "class": "knife",
    "x1": 0.44655581947743467,
    "y1": 0.4516728624535316,
    "x2": 0.8598574821852731,
    "y2": 0.5836431226765799
}