{
    "class": "knife",
    "x1": 0.6777777777777778,
    "y1": 0.6569506726457399,
    "x2": 0.45925925925925926,
    "y2": 0.5067264573991032
}