{
    "class": "knife",
    "x1": 0.680078125,
    "y1": 0.41597222222222224,
    "x2": 0.33828125,
    "y2": 0.6486111111111111
}