{
    "class": "knife",
    "x1": 0.29453125,
    "y1": 0.6979166666666666,
    "x2": 0.10625,
    "y2": 0.24027777777777778
}