{
    "class": "knife",
    "x1": 0.6265625,
    "y1": 0.4722222222222222,
    "x2": 0.1234375,
    "y2": 0.5694444444444444
}