{
    "class": "knife",
    "x1": 0.31625,
    "y1": 0.5073409461663948,
    "x2": 0.49,
    "y2": 0.37520391517128876
}