{
    "class": "knife",
    "x1": 0.53828125,
    "y1": 0.7125,
    "x2": 0.0953125,
    "y2": 0.13055555555555556
}