{
    "class": "knife",
    "x1": 0.276171875,
    "y1": 0.45555555555555555,
    "x2": 0.13828125,
    "y2": 0.2361111111111111
}