{
    "class": "knife",
    "x1": 0.257,
    "y1": 0.7043010752688172,
    "x2": 0.49,
    "y2": 0.4032258064516129
}