{
    "class": "knife",
    "x1": 0.48358862144420134,
    "y1": 0.33198924731182794,
    "x2": 0.45076586433260396,
    "y2": 0.6263440860215054
}