{
    "class": "knife",
    "x1": 0.506640625,
    "y1": 0.6534722222222222,
    "x2": 0.06484375,
    "y2": 0.19583333333333333
}