{
    "class": "knife",
    "x1": 0.452734375,
    "y1": 0.44305555555555554,
    "x2": 0.13046875,
    "y2": 0.15833333333333333
}