{
    "class": "knife",
    "x1": 0.388671875,
    "y1": 0.3854166666666667,
    "x2": 0.05859375,
    "y2": 0.30694444444444446
}