{
    "class": "knife",
    "x1": 0.4331983805668016,
    "y1": 0.5647058823529412,
    "x2": 0.582995951417004,
    "y2": 0.4823529411764706
}