{
    "class": "knife",
    "x1": 0.18125,
    "y1": 0.6777777777777778,
    "x2": 0.10625,
    "y2": 0.2111111111111111
}