{
    "class": "knife",
    "x1": 0.4683333333333333,
    "y1": 0.3512304250559284,
    "x2": 0.4766666666666667,
    "y2": 0.2371364653243848
}