{
    "class": "knife",
    "x1": 0.60234375,
    "y1": 0.4823943661971831,
    "x2": 0.7390625,
    "y2": 0.4014084507042254
}