{
    "class": "knife",
    "x1": 0.6203125,
    "y1": 0.4388888888888889,
    "x2": 0.15,
    "y2": 0.1388888888888889
}