{
    "class": "knife",
    "x1": 0.165625,
    "y1": 0.7520833333333333,
    "x2": 0.1046875,
    "y2": 0.2375
}