{
    "class": "knife",
    "x1": 0.3690625,
    "y1": 0.2866336633663366,
    "x2": 0.335625,
    "y2": 0.47227722772277225
}