{
    "class": "knife",
    "x1": 0.286328125,
    "y1": 0.7270833333333333,
    "x2": 0.09453125,
    "y2": 0.19583333333333333
}