{
    "class": "knife",
    "x1": 0.21171875,
    "y1": 0.7020833333333333,
    "x2": 0.0765625,
    "y2": 0.2875
}