{
    "class": "knife",
    "x1": 0.77421875,
    "y1": 0.25833333333333336,
    "x2": 0.4109375,
    "y2": 0.3875
}