{
    "class": "knife",
    "x1": 0.3233333333333333,
    "y1": 0.6661392405063291,
    "x2": 0.4066666666666667,
    "y2": 0.2674050632911392
}