{
    "class": "knife",
    "x1": 0.484375,
    "y1": 0.32083333333333336,
    "x2": 0.0796875,
    "y2": 0.18333333333333332
}