{
    "class": "knife",
    "x1": 0.5453125,
    "y1": 0.5277777777777778,
    "x2": 0.134375,
    "y2": 0.5277777777777778
}