{
    "class": "knife",
    "x1": 0.4328125,
    "y1": 0.41180555555555554,
    "x2": 0.0671875,
    "y2": 0.27361111111111114
}