{
    "class": "knife",
    "x1": 0.409375,
    "y1": 0.44713656387665196,
    "x2": 0.5125,
    "y2": 0.6387665198237885
}