{
    "class": "knife",
    "x1": 0.64375,
    "y1": 0.6031894934333959,
    "x2": 0.66,
    "y2": 0.36585365853658536
}