{
    "class": "knife",
    "x1": 0.5948191593352884,
    "y1": 0.5233576642335767,
    "x2": 0.5562072336265884,
    "y2": 0.7255474452554744
}