{
    "class": "knife",
    "x1": 0.78125,
    "y1": 0.28154205607476634,
    "x2": 0.4125,
    "y2": 0.4883177570093458
}