{
    "class": "knife",
    "x1": 0.57421875,
    "y1": 0.4930555555555556,
    "x2": 0.4703125,
    "y2": 0.25
}