{
    "class": "knife",
    "x1": 0.112890625,
    "y1": 0.8666666666666667,
    "x2": 0.18046875,
    "y2": 0.22777777777777777
}