{
    "class": "knife",
    "x1": 0.405,
    "y1": 0.46622889305816134,
    "x2": 0.2625,
    "y2": 0.20075046904315197
}