{
    "class": "knife",
    "x1": 0.407421875,
    "y1": 0.7034722222222223,
    "x2": 0.18203125,
    "y2": 0.4125
}