{
    "class": "knife",
    "x1": 0.7939759036144578,
    "y1": 0.6890034364261168,
    "x2": 0.3686746987951807,
    "y2": 0.38831615120274915
}