{
    "class": "knife",
    "x1": 0.5171875,
    "y1": 0.45902777777777776,
    "x2": 0.1265625,
    "y2": 0.2013888888888889
}