{
    "class": "knife",
    "x1": 0.76875,
    "y1": 0.2281303602058319,
    "x2": 0.4425,
    "y2": 0.346483704974271
}