{
    "class": "knife",
    "x1": 0.55,
    "y1": 0.5684210526315789,
    "x2": 0.2688888888888889,
    "y2": 0.7894736842105263
}