{
    "class": "knife",
    "x1": 0.4932170542635659,
    "y1": 0.38337801608579086,
    "x2": 0.9825581395348837,
    "y2": 0.5951742627345844
}