{
    "class": "knife",
    "x1": 0.40444444444444444,
    "y1": 0.5419254658385093,
    "x2": 0.52,
    "y2": 0.6055900621118012
}