{
    "class": "knife",
    "x1": 0.3234375,
    "y1": 0.4513888888888889,
    "x2": 0.0984375,
    "y2": 0.2
}