{
    "class": "knife",
    "x1": 0.534765625,
    "y1": 0.47152777777777777,
    "x2": 0.14296875,
    "y2": 0.4625
}