{
    "class": "knife",
    "x1": 0.43956043956043955,
    "y1": 0.4982142857142857,
    "x2": 0.8644688644688645,
    "y2": 0.6392857142857142
}