{
    "class": "knife",
    "x1": 0.23140495867768596,
    "y1": 0.3319327731092437,
    "x2": 0.44214876033057854,
    "y2": 0.4173669467787115
}