{
    "class": "knife",
    "x1": 0.7,
    "y1": 0.29004854368932037,
    "x2": 0.5927272727272728,
    "y2": 0.4830097087378641
}