{
    "class": "knife",
    "x1": 0.577734375,
    "y1": 0.43680555555555556,
    "x2": 0.26484375,
    "y2": 0.13194444444444445
}