{
    "class": "knife",
    "x1": 0.385,
    "y1": 0.42110655737704916,
    "x2": 0.6346153846153846,
    "y2": 0.7766393442622951
}