{
    "class": "knife",
    "x1": 0.758203125,
    "y1": 0.11458333333333333,
    "x2": 0.25078125,
    "y2": 0.16527777777777777
}