{
    "class": "knife",
    "x1": 0.1859375,
    "y1": 0.6569444444444444,
    "x2": 0.1234375,
    "y2": 0.28055555555555556
}