{
    "class": "knife",
    "x1": 0.6283333333333333,
    "y1": 0.5618811881188119,
    "x2": 0.6966666666666667,
    "y2": 0.8564356435643564
}