{
    "class": "knife",
    "x1": 0.49274193548387096,
    "y1": 0.5230582524271845,
    "x2": 0.9145161290322581,
    "y2": 0.9538834951456311
}