{
    "class": "knife",
    "x1": 0.583203125,
    "y1": 0.4395833333333333,
    "x2": 0.24609375,
    "y2": 0.2013888888888889
}