{
    "class": "knife",
    "x1": 0.18828125,
    "y1": 0.6861111111111111,
    "x2": 0.1109375,
    "y2": 0.2833333333333333
}