{
    "class": "knife",
    "x1": 0.582421875,
    "y1": 0.39861111111111114,
    "x2": 0.07265625,
    "y2": 0.225
}