{
    "class": "knife",
    "x1": 0.5875,
    "y1": 0.5458333333333333,
    "x2": 0.1265625,
    "y2": 0.23333333333333334
}