{
    "class": "knife",
    "x1": 0.439,
    "y1": 0.5469034608378871,
    "x2": 0.41,
    "y2": 0.6948998178506375
}