{
    "class": "knife",
    "x1": 0.423828125,
    "y1": 0.486090775988287,
    "x2": 0.771484375,
    "y2": 0.8521229868228404
}