{
    "class": "knife",
    "x1": 0.389453125,
    "y1": 0.5416666666666666,
    "x2": 0.13203125,
    "y2": 0.12777777777777777
}