{
    "class": "knife",
    "x1": 0.1796875,
    "y1": 0.6618055555555555,
    "x2": 0.1171875,
    "y2": 0.3125
}