{
    "class": "knife",
    "x1": 0.286,
    "y1": 0.7680965147453083,
    "x2": 0.426,
    "y2": 0.4584450402144772
}