{
    "class": "knife",
    "x1": 0.240234375,
    "y1": 0.4486111111111111,
    "x2": 0.07421875,
    "y2": 0.2611111111111111
}