{
    "class": "knife",
    "x1": 0.5921875,
    "y1": 0.45416666666666666,
    "x2": 0.2296875,
    "y2": 0.21666666666666667
}