{
    "class": "knife",
    "x1": 0.555859375,
    "y1": 0.48333333333333334,
    "x2": 0.13515625,
    "y2": 0.46111111111111114
}