{
    "class": "knife",
    "x1": 0.28125,
    "y1": 0.6270833333333333,
    "x2": 0.090625,
    "y2": 0.2847222222222222
}