{
    "class": "knife",
    "x1": 0.7171875,
    "y1": 0.5729166666666666,
    "x2": 0.0609375,
    "y2": 0.2902777777777778
}