{
    "class": "knife",
    "x1": 0.5841346153846154,
    "y1": 0.38387096774193546,
    "x2": 0.46634615384615385,
    "y2": 0.632258064516129
}