{
    "class": "knife",
    "x1": 0.6584302325581395,
    "y1": 0.3333333333333333,
    "x2": 0.5843023255813954,
    "y2": 0.452991452991453
}