{
    "class": "knife",
    "x1": 0.46194690265486726,
    "y1": 0.47493403693931396,
    "x2": 0.6831858407079646,
    "y2": 0.19525065963060687
}