{
    "class": "knife",
    "x1": 0.7130434782608696,
    "y1": 0.7091836734693877,
    "x2": 0.40869565217391307,
    "y2": 0.4489795918367347
}