{
    "class": "knife",
    "x1": 0.6222596964586846,
    "y1": 0.56,
    "x2": 0.7554806070826307,
    "y2": 0.88
}