{
    "class": "knife",
    "x1": 0.5712890625,
    "y1": 0.4537760416666667,
    "x2": 0.802734375,
    "y2": 0.74609375
}