{
    "class": "knife",
    "x1": 0.5638111888111889,
    "y1": 0.5279898218829516,
    "x2": 0.8129370629370629,
    "y2": 0.3791348600508906
}