{
    "class": "knife",
    "x1": 0.14140625,
    "y1": 0.8895833333333333,
    "x2": 0.1140625,
    "y2": 0.22083333333333333
}