{
    "class": "knife",
    "x1": 0.33047210300429186,
    "y1": 0.5868263473053892,
    "x2": 0.15450643776824036,
    "y2": 0.7784431137724551
}