{
    "class": "knife",
    "x1": 0.24108527131782945,
    "y1": 0.7023305084745762,
    "x2": 0.4449612403100775,
    "y2": 0.5783898305084746
}