{
    "class": "knife",
    "x1": 0.74921875,
    "y1": 0.5541666666666667,
    "x2": 0.065625,
    "y2": 0.32222222222222224
}