{
    "class": "knife",
    "x1": 0.415625,
    "y1": 0.6986111111111111,
    "x2": 0.103125,
    "y2": 0.16666666666666666
}