{
    "class": "knife",
    "x1": 0.4166666666666667,
    "y1": 0.42920353982300885,
    "x2": 0.49166666666666664,
    "y2": 0.45132743362831856
}