{
    "class": "knife",
    "x1": 0.4872764786795048,
    "y1": 0.4589483394833948,
    "x2": 0.625171939477304,
    "y2": 0.8883763837638377
}