{
    "class": "knife",
    "x1": 0.212109375,
    "y1": 0.8930555555555556,
    "x2": 0.12109375,
    "y2": 0.21388888888888888
}