{
    "class": "knife",
    "x1": 0.33076923076923076,
    "y1": 0.4283513097072419,
    "x2": 0.4107692307692308,
    "y2": 0.6687211093990755
}