{
    "class": "knife",
    "x1": 0.22444444444444445,
    "y1": 0.24964131994261118,
    "x2": 0.44666666666666666,
    "y2": 0.4562410329985653
}