{
    "class": "knife",
    "x1": 0.6734375,
    "y1": 0.11527777777777778,
    "x2": 0.3140625,
    "y2": 0.16111111111111112
}