{
    "class": "knife",
    "x1": 0.4827586206896552,
    "y1": 0.5355329949238579,
    "x2": 0.6590038314176245,
    "y2": 0.817258883248731
}