{
    "class": "knife",
    "x1": 0.326171875,
    "y1": 0.4840277777777778,
    "x2": 0.36328125,
    "y2": 0.4847222222222222
}