{
    "class": "knife",
    "x1": 0.10364145658263306,
    "y1": 0.6051587301587301,
    "x2": 0.13445378151260504,
    "y2": 0.7182539682539683
}