{
    "class": "knife",
    "x1": 0.7484375,
    "y1": 0.5527777777777778,
    "x2": 0.0765625,
    "y2": 0.3
}