{
    "class": "knife",
    "x1": 0.236328125,
    "y1": 0.81875,
    "x2": 0.25078125,
    "y2": 0.25416666666666665
}