{
    "class": "knife",
    "x1": 0.3694096601073345,
    "y1": 0.7472527472527473,
    "x2": 0.5670840787119857,
    "y2": 0.21428571428571427
}