{
    "class": "knife",
    "x1": 0.2859375,
    "y1": 0.5798611111111112,
    "x2": 0.1296875,
    "y2": 0.4847222222222222
}