{
    "class": "knife",
    "x1": 0.510593220338983,
    "y1": 0.2833333333333333,
    "x2": 0.9771186440677966,
    "y2": 0.55
}