{
    "class": "knife",
    "x1": 0.3967576791808874,
    "y1": 0.4575,
    "x2": 0.6706484641638225,
    "y2": 0.76
}