{
    "class": "knife",
    "x1": 0.2835,
    "y1": 0.29160419790104947,
    "x2": 0.408,
    "y2": 0.3808095952023988
}