{
    "class": "knife",
    "x1": 0.45751953125,
    "y1": 0.508058608058608,
    "x2": 0.2685546875,
    "y2": 0.6615384615384615
}