{
    "class": "knife",
    "x1": 0.42027027027027025,
    "y1": 0.4511070110701107,
    "x2": 0.44054054054054054,
    "y2": 0.27490774907749077
}