{
    "class": "knife",
    "x1": 0.7358333333333333,
    "y1": 0.5951056729699666,
    "x2": 0.5283333333333333,
    "y2": 0.4827586206896552
}