{
    "class": "knife",
    "x1": 0.3378003696857671,
    "y1": 0.5116421568627451,
    "x2": 0.12292051756007394,
    "y2": 0.9571078431372549
}