{
    "class": "knife",
    "x1": 0.3477801268498943,
    "y1": 0.41036184210526316,
    "x2": 0.5137420718816068,
    "y2": 0.44901315789473684
}