{
    "class": "knife",
    "x1": 0.34654017857142855,
    "y1": 0.24956822107081175,
    "x2": 0.5033482142857143,
    "y2": 0.33678756476683935
}