{
    "class": "knife",
    "x1": 0.65,
    "y1": 0.8416666666666667,
    "x2": 0.109375,
    "y2": 0.2222222222222222
}