{
    "class": "knife",
    "x1": 0.21875,
    "y1": 0.6645833333333333,
    "x2": 0.1015625,
    "y2": 0.3263888888888889
}