{
    "class": "knife",
    "x1": 0.345703125,
    "y1": 0.46111111111111114,
    "x2": 0.12421875,
    "y2": 0.24444444444444444
}