{
    "class": "knife",
    "x1": 0.262890625,
    "y1": 0.7506944444444444,
    "x2": 0.09765625,
    "y2": 0.34305555555555556
}