{
    "class": "knife",
    "x1": 0.3456243854473943,
    "y1": 0.7319444444444444,
    "x2": 0.39036381514257623,
    "y2": 0.5055555555555555
}