{
    "class": "knife",
    "x1": 0.19765625,
    "y1": 0.5180555555555556,
    "x2": 0.13125,
    "y2": 0.30277777777777776
}