{
    "class": "knife",
    "x1": 0.34921875,
    "y1": 0.5743055555555555,
    "x2": 0.1890625,
    "y2": 0.13194444444444445
}