{
    "class": "knife",
    "x1": 0.12578125,
    "y1": 0.4166666666666667,
    "x2": 0.25,
    "y2": 0.8305555555555556
}