{
    "class": "knife",
    "x1": 0.683076923076923,
    "y1": 0.4199318568994889,
    "x2": 0.6061538461538462,
    "y2": 0.5724020442930153
}