{
    "class": "knife",
    "x1": 0.5921875,
    "y1": 0.42430555555555555,
    "x2": 0.16875,
    "y2": 0.1597222222222222
}