{
    "class": "knife",
    "x1": 0.151171875,
    "y1": 0.8798611111111111,
    "x2": 0.11640625,
    "y2": 0.24027777777777778
}