{
    "class": "knife",
    "x1": 0.234,
    "y1": 0.49019607843137253,
    "x2": 0.44266666666666665,
    "y2": 0.3778966131907308
}