{
    "class": "knife",
    "x1": 0.3085824493731919,
    "y1": 0.5577172503242542,
    "x2": 0.3240115718418515,
    "y2": 0.8482490272373541
}