{
    "class": "knife",
    "x1": 0.4381153305203938,
    "y1": 0.5732558139534883,
    "x2": 0.34739803094233473,
    "y2": 0.5651162790697675
}