{
    "class": "knife",
    "x1": 0.41015625,
    "y1": 0.3909722222222222,
    "x2": 0.05,
    "y2": 0.18194444444444444
}