{
    "class": "knife",
    "x1": 0.5367088607594936,
    "y1": 0.4870848708487085,
    "x2": 0.7341772151898734,
    "y2": 0.2952029520295203
}