{
    "class": "knife",
    "x1": 0.519921875,
    "y1": 0.5256944444444445,
    "x2": 0.11015625,
    "y2": 0.14305555555555555
}