{
    "class": "knife",
    "x1": 0.437109375,
    "y1": 0.6305555555555555,
    "x2": 0.05703125,
    "y2": 0.25
}