{
    "class": "knife",
    "x1": 0.26171875,
    "y1": 0.5791666666666667,
    "x2": 0.140625,
    "y2": 0.12777777777777777
}