{
    "class": "knife",
    "x1": 0.6392,
    "y1": 0.47171945701357465,
    "x2": 0.1808,
    "y2": 0.43665158371040724
}