{
    "class": "knife",
    "x1": 0.287109375,
    "y1": 0.5506944444444445,
    "x2": 0.11328125,
    "y2": 0.30694444444444446
}