{
    "class": "knife",
    "x1": 0.3585951940850277,
    "y1": 0.7004830917874396,
    "x2": 0.3438077634011091,
    "y2": 0.18840579710144928
}