{
    "class": "knife",
    "x1": 0.4140625,
    "y1": 0.8847222222222222,
    "x2": 0.1484375,
    "y2": 0.175
}