{
    "class": "knife",
    "x1": 0.3482142857142857,
    "y1": 0.4801864801864802,
    "x2": 0.5795454545454546,
    "y2": 0.8578088578088578
}