{
    "class": "knife",
    "x1": 0.34475,
    "y1": 0.38533333333333336,
    "x2": 0.6215,
    "y2": 0.644
}