{
    "class": "knife",
    "x1": 0.547265625,
    "y1": 0.4951388888888889,
    "x2": 0.12265625,
    "y2": 0.46805555555555556
}