{
    "class": "knife",
    "x1": 0.594140625,
    "y1": 0.5527777777777778,
    "x2": 0.16171875,
    "y2": 0.1361111111111111
}