{
    "class": "knife",
    "x1": 0.215,
    "y1": 0.2167381974248927,
    "x2": 0.41,
    "y2": 0.4248927038626609
}