{
    "class": "knife",
    "x1": 0.245,
    "y1": 0.7792022792022792,
    "x2": 0.426,
    "y2": 0.3732193732193732
}