{
    "class": "knife",
    "x1": 0.206640625,
    "y1": 0.6930555555555555,
    "x2": 0.09765625,
    "y2": 0.3138888888888889
}