{
    "class": "knife",
    "x1": 0.541796875,
    "y1": 0.5118055555555555,
    "x2": 0.13359375,
    "y2": 0.5152777777777777
}