{
    "class": "knife",
    "x1": 0.321875,
    "y1": 0.8576388888888888,
    "x2": 0.1296875,
    "y2": 0.09861111111111111
}