{
    "class": "knife",
    "x1": 0.5546875,
    "y1": 0.5715277777777777,
    "x2": 0.10625,
    "y2": 0.41805555555555557
}