{
    "class": "knife",
    "x1": 0.750390625,
    "y1": 0.2361111111111111,
    "x2": 0.08984375,
    "y2": 0.2
}