{
    "class": "knife",
    "x1": 0.47578125,
    "y1": 0.44166666666666665,
    "x2": 0.08125,
    "y2": 0.1527777777777778
}