{
    "class": "knife",
    "x1": 0.574,
    "y1": 0.6395348837209303,
    "x2": 0.276,
    "y2": 0.31266149870801035
}