{
    "class": "knife",
    "x1": 0.203515625,
    "y1": 0.6840277777777778,
    "x2": 0.10703125,
    "y2": 0.3013888888888889
}