{
    "class": "knife",
    "x1": 0.4159375,
    "y1": 0.5592105263157895,
    "x2": 0.659375,
    "y2": 0.6240601503759399
}