{
    "class": "knife",
    "x1": 0.221484375,
    "y1": 0.6659722222222222,
    "x2": 0.10390625,
    "y2": 0.3125
}