{
    "class": "knife",
    "x1": 0.4563333333333333,
    "y1": 0.8566235864297254,
    "x2": 0.42866666666666664,
    "y2": 0.23021001615508885
}