{
    "class": "knife",
    "x1": 0.42788461538461536,
    "y1": 0.40034965034965037,
    "x2": 0.6538461538461539,
    "y2": 0.3531468531468531
}