{
    "class": "knife",
    "x1": 0.291796875,
    "y1": 0.68125,
    "x2": 0.09609375,
    "y2": 0.24583333333333332
}