{
    "class": "knife",
    "x1": 0.442578125,
    "y1": 0.49930555555555556,
    "x2": 0.08046875,
    "y2": 0.1986111111111111
}