{
    "class": "knife",
    "x1": 0.187,
    "y1": 0.21045576407506703,
    "x2": 0.358,
    "y2": 0.3941018766756032
}