{
    "class": "knife",
    "x1": 0.61640625,
    "y1": 0.4597222222222222,
    "x2": 0.2390625,
    "y2": 0.19444444444444445
}