{
    "class": "knife",
    "x1": 0.265625,
    "y1": 0.30987654320987656,
    "x2": 0.521875,
    "y2": 0.32839506172839505
}