{
    "class": "knife",
    "x1": 0.19111111111111112,
    "y1": 0.7090301003344481,
    "x2": 0.37777777777777777,
    "y2": 0.3879598662207358
}