{
    "class": "knife",
    "x1": 0.747265625,
    "y1": 0.39375,
    "x2": 0.33984375,
    "y2": 0.7513888888888889
}