{
    "class": "knife",
    "x1": 0.45839936608557846,
    "y1": 0.5706638115631691,
    "x2": 0.13391442155309033,
    "y2": 0.8586723768736617
}