{
    "class": "knife",
    "x1": 0.4081412103746398,
    "y1": 0.5105708245243129,
    "x2": 0.7528818443804035,
    "y2": 0.9471458773784355
}