{
    "class": "knife",
    "x1": 0.28883495145631066,
    "y1": 0.37577639751552794,
    "x2": 0.42961165048543687,
    "y2": 0.46273291925465837
}