{
    "class": "knife",
    "x1": 0.38846153846153847,
    "y1": 0.4569672131147541,
    "x2": 0.66,
    "y2": 0.5409836065573771
}