{
    "class": "knife",
    "x1": 0.1421875,
    "y1": 0.8902777777777777,
    "x2": 0.109375,
    "y2": 0.21944444444444444
}