{
    "class": "knife",
    "x1": 0.26868327402135234,
    "y1": 0.2947761194029851,
    "x2": 0.5124555160142349,
    "y2": 0.554726368159204
}