{
    "class": "knife",
    "x1": 0.284375,
    "y1": 0.375,
    "x2": 0.253125,
    "y2": 0.5222222222222223
}