{
    "class": "knife",
    "x1": 0.5794573643410853,
    "y1": 0.6120689655172413,
    "x2": 0.8410852713178295,
    "y2": 0.7758620689655172
}