{
    "class": "knife",
    "x1": 0.321875,
    "y1": 0.5840277777777778,
    "x2": 0.209375,
    "y2": 0.1763888888888889
}