{
    "class": "knife",
    "x1": 0.41131498470948014,
    "y1": 0.566793893129771,
    "x2": 0.46788990825688076,
    "y2": 0.7595419847328244
}