{
    "class": "knife",
    "x1": 0.2986822840409956,
    "y1": 0.5537109375,
    "x2": 0.4978038067349927,
    "y2": 0.5859375
}