{
    "class": "knife",
    "x1": 0.2912621359223301,
    "y1": 0.5222222222222223,
    "x2": 0.36893203883495146,
    "y2": 0.6
}