{
    "class": "knife",
    "x1": 0.278125,
    "y1": 0.6822916666666666,
    "x2": 0.471875,
    "y2": 0.5020833333333333
}