{
    "class": "knife",
    "x1": 0.6111632270168855,
    "y1": 0.5006944444444444,
    "x2": 0.6838649155722326,
    "y2": 0.8902777777777777
}