{
    "class": "knife",
    "x1": 0.3639423076923077,
    "y1": 0.6929487179487179,
    "x2": 0.4894230769230769,
    "y2": 0.3525641025641026
}