{
    "class": "knife",
    "x1": 0.606640625,
    "y1": 0.4486111111111111,
    "x2": 0.14296875,
    "y2": 0.175
}