{
    "class": "knife",
    "x1": 0.19618528610354224,
    "y1": 0.54736328125,
    "x2": 0.23705722070844687,
    "y2": 0.3623046875
}