{
    "class": "knife",
    "x1": 0.51,
    "y1": 0.7002237136465325,
    "x2": 0.7133333333333334,
    "y2": 0.4250559284116331
}