{
    "class": "knife",
    "x1": 0.25,
    "y1": 0.7021857923497268,
    "x2": 0.416,
    "y2": 0.5409836065573771
}