{
    "class": "knife",
    "x1": 0.501171875,
    "y1": 0.45069444444444445,
    "x2": 0.06484375,
    "y2": 0.26805555555555555
}