{
    "class": "knife",
    "x1": 0.565625,
    "y1": 0.51875,
    "x2": 0.146875,
    "y2": 0.1763888888888889
}