{
    "class": "knife",
    "x1": 0.2703125,
    "y1": 0.5798611111111112,
    "x2": 0.0921875,
    "y2": 0.28194444444444444
}