{
    "class": "knife",
    "x1": 0.3853166986564299,
    "y1": 0.5189295039164491,
    "x2": 0.5268714011516314,
    "y2": 0.685378590078329
}