{
    "class": "knife",
    "x1": 0.43205574912891986,
    "y1": 0.6338028169014085,
    "x2": 0.23693379790940766,
    "y2": 0.6572769953051644
}