{
    "class": "knife",
    "x1": 0.4765625,
    "y1": 0.10972222222222222,
    "x2": 0.1140625,
    "y2": 0.11388888888888889
}