{
    "class": "knife",
    "x1": 0.598046875,
    "y1": 0.5097222222222222,
    "x2": 0.10390625,
    "y2": 0.2388888888888889
}