{
    "class": "knife",
    "x1": 0.15,
    "y1": 0.396875,
    "x2": 0.25833333333333336,
    "y2": 0.55625
}