{
    "class": "knife",
    "x1": 0.2471264367816092,
    "y1": 0.434331797235023,
    "x2": 0.4318555008210181,
    "y2": 0.5414746543778802
}