{
    "class": "knife",
    "x1": 0.61953125,
    "y1": 0.3840277777777778,
    "x2": 0.1203125,
    "y2": 0.3125
}