{
    "class": "knife",
    "x1": 0.5950920245398773,
    "y1": 0.4,
    "x2": 0.3067484662576687,
    "y2": 0.176
}