{
    "class": "knife",
    "x1": 0.5203125,
    "y1": 0.5229166666666667,
    "x2": 0.103125,
    "y2": 0.12083333333333333
}