{
    "class": "knife",
    "x1": 0.18311036789297658,
    "y1": 0.4083969465648855,
    "x2": 0.21906354515050167,
    "y2": 0.7150127226463104
}