{
    "class": "knife",
    "x1": 0.27931488801054016,
    "y1": 0.34726962457337884,
    "x2": 0.2002635046113307,
    "y2": 0.4044368600682594
}