{
    "class": "knife",
    "x1": 0.5425,
    "y1": 0.4463615903975994,
    "x2": 0.317,
    "y2": 0.7591897974493623
}