{
    "class": "knife",
    "x1": 0.5140625,
    "y1": 0.39652777777777776,
    "x2": 0.084375,
    "y2": 0.5597222222222222
}