{
    "class": "knife",
    "x1": 0.147265625,
    "y1": 0.8902777777777777,
    "x2": 0.10859375,
    "y2": 0.21944444444444444
}