{
    "class": "knife",
    "x1": 0.3278236914600551,
    "y1": 0.4967948717948718,
    "x2": 0.6528925619834711,
    "y2": 0.4636752136752137
}