{
    "class": "knife",
    "x1": 0.19921875,
    "y1": 0.6090277777777777,
    "x2": 0.09375,
    "y2": 0.4625
}