{
    "class": "knife",
    "x1": 0.32106038291605304,
    "y1": 0.7509920634920635,
    "x2": 0.48306332842415317,
    "y2": 0.3353174603174603
}