{
    "class": "knife",
    "x1": 0.33791666666666664,
    "y1": 0.7694444444444445,
    "x2": 0.44083333333333335,
    "y2": 0.3522222222222222
}