{
    "class": "knife",
    "x1": 0.32725060827250607,
    "y1": 0.48854961832061067,
    "x2": 0.6058394160583942,
    "y2": 0.24427480916030533
}