{
    "class": "knife",
    "x1": 0.7453125,
    "y1": 0.46319444444444446,
    "x2": 0.1625,
    "y2": 0.4375
}