{
    "class": "knife",
    "x1": 0.1640625,
    "y1": 0.3541666666666667,
    "x2": 0.3015625,
    "y2": 0.7055555555555556
}