{
    "class": "knife",
    "x1": 0.5518672199170125,
    "y1": 0.6268292682926829,
    "x2": 0.5186721991701245,
    "y2": 0.7268292682926829
}