{
    "class": "knife",
    "x1": 0.280078125,
    "y1": 0.3416666666666667,
    "x2": 0.23515625,
    "y2": 0.6805555555555556
}