{
    "class": "knife",
    "x1": 0.278125,
    "y1": 0.4576388888888889,
    "x2": 0.103125,
    "y2": 0.6069444444444444
}