{
    "class": "knife",
    "x1": 0.69765625,
    "y1": 0.5805555555555556,
    "x2": 0.1046875,
    "y2": 0.20833333333333334
}