{
    "class": "knife",
    "x1": 0.387109375,
    "y1": 0.5069444444444444,
    "x2": 0.11640625,
    "y2": 0.4305555555555556
}