{
    "class": "knife",
    "x1": 0.635,
    "y1": 0.7605846774193549,
    "x2": 0.3526666666666667,
    "y2": 0.4022177419354839
}