{
    "class": "knife",
    "x1": 0.498046875,
    "y1": 0.38958333333333334,
    "x2": 0.09765625,
    "y2": 0.2569444444444444
}