{
    "class": "knife",
    "x1": 0.609375,
    "y1": 0.39444444444444443,
    "x2": 0.3453125,
    "y2": 0.40555555555555556
}