{
    "class": "knife",
    "x1": 0.23515625,
    "y1": 0.49930555555555556,
    "x2": 0.2109375,
    "y2": 0.6180555555555556
}