{
    "class": "knife",
    "x1": 0.4984375,
    "y1": 0.43819444444444444,
    "x2": 0.2109375,
    "y2": 0.29305555555555557
}