{
    "class": "knife",
    "x1": 0.2015625,
    "y1": 0.7041666666666667,
    "x2": 0.103125,
    "y2": 0.2638888888888889
}