{
    "class": "knife",
    "x1": 0.4,
    "y1": 0.5097222222222222,
    "x2": 0.084375,
    "y2": 0.26666666666666666
}