{
    "class": "knife",
    "x1": 0.3277777777777778,
    "y1": 0.4,
    "x2": 0.6511111111111111,
    "y2": 0.7933333333333333
}