{
    "class": "knife",
    "x1": 0.1890625,
    "y1": 0.6444444444444445,
    "x2": 0.1140625,
    "y2": 0.2833333333333333
}