{
    "class": "knife",
    "x1": 0.5135699373695198,
    "y1": 0.5182926829268293,
    "x2": 0.7390396659707724,
    "y2": 0.3475609756097561
}