{
    "class": "knife",
    "x1": 0.57734375,
    "y1": 0.4027777777777778,
    "x2": 0.24375,
    "y2": 0.1361111111111111
}