{
    "class": "knife",
    "x1": 0.226953125,
    "y1": 0.5722222222222222,
    "x2": 0.09765625,
    "y2": 0.425
}