{
    "class": "knife",
    "x1": 0.4230769230769231,
    "y1": 0.5807291666666666,
    "x2": 0.7923076923076923,
    "y2": 0.796875
}