{
    "class": "knife",
    "x1": 0.28671875,
    "y1": 0.7311946902654868,
    "x2": 0.4796875,
    "y2": 0.4446902654867257
}