{
    "class": "knife",
    "x1": 0.04600694444444445,
    "y1": 0.45404984423676015,
    "x2": 0.046875,
    "y2": 0.32242990654205606
}