{
    "class": "knife",
    "x1": 0.1984375,
    "y1": 0.73125,
    "x2": 0.1171875,
    "y2": 0.29305555555555557
}