{
    "class": "knife",
    "x1": 0.4864864864864865,
    "y1": 0.5444444444444444,
    "x2": 0.8894348894348895,
    "y2": 0.9111111111111111
}