{
    "class": "knife",
    "x1": 0.45859375,
    "y1": 0.4222222222222222,
    "x2": 0.465625,
    "y2": 0.6194444444444445
}