{
    "class": "knife",
    "x1": 0.7015347334410339,
    "y1": 0.531322505800464,
    "x2": 0.3739903069466882,
    "y2": 0.1531322505800464
}