{
    "class": "knife",
    "x1": 0.255078125,
    "y1": 0.48680555555555555,
    "x2": 0.11484375,
    "y2": 0.5625
}