{
    "class": "knife",
    "x1": 0.14765625,
    "y1": 0.8868055555555555,
    "x2": 0.109375,
    "y2": 0.2263888888888889
}