{
    "class": "knife",
    "x1": 0.3866279069767442,
    "y1": 0.5017241379310344,
    "x2": 0.7693798449612403,
    "y2": 0.996551724137931
}