{
    "class": "knife",
    "x1": 0.681640625,
    "y1": 0.6423611111111112,
    "x2": 0.06953125,
    "y2": 0.17916666666666667
}