{
    "class": "knife",
    "x1": 0.7334558823529411,
    "y1": 0.6643835616438356,
    "x2": 0.5036764705882353,
    "y2": 0.4794520547945205
}