{
    "class": "knife",
    "x1": 0.574609375,
    "y1": 0.4722222222222222,
    "x2": 0.10390625,
    "y2": 0.33611111111111114
}