{
    "class": "knife",
    "x1": 0.141796875,
    "y1": 0.8902777777777777,
    "x2": 0.11953125,
    "y2": 0.21944444444444444
}