{
    "class": "knife",
    "x1": 0.4960159362549801,
    "y1": 0.3431558935361217,
    "x2": 0.4940239043824701,
    "y2": 0.6178707224334601
}