{
    "class": "knife",
    "x1": 0.6442307692307693,
    "y1": 0.6803751803751804,
    "x2": 0.5942307692307692,
    "y2": 0.3448773448773449
}