{
    "class": "knife",
    "x1": 0.485546875,
    "y1": 0.5333333333333333,
    "x2": 0.07578125,
    "y2": 0.175
}