{
    "class": "knife",
    "x1": 0.76875,
    "y1": 0.3576388888888889,
    "x2": 0.0609375,
    "y2": 0.26805555555555555
}