{
    "class": "knife",
    "x1": 0.595703125,
    "y1": 0.5111111111111111,
    "x2": 0.10234375,
    "y2": 0.5611111111111111
}