{
    "class": "knife",
    "x1": 0.488125,
    "y1": 0.6242937853107344,
    "x2": 0.21625,
    "y2": 0.5781544256120528
}