{
    "class": "knife",
    "x1": 0.29296875,
    "y1": 0.6861111111111111,
    "x2": 0.09375,
    "y2": 0.24444444444444444
}