{
    "class": "knife",
    "x1": 0.38,
    "y1": 0.6061872909698997,
    "x2": 0.18444444444444444,
    "y2": 0.596989966555184
}