{
    "class": "knife",
    "x1": 0.455859375,
    "y1": 0.14583333333333334,
    "x2": 0.11796875,
    "y2": 0.11944444444444445
}