{
    "class": "knife",
    "x1": 0.19296875,
    "y1": 0.6638888888888889,
    "x2": 0.1171875,
    "y2": 0.2611111111111111
}