{
    "class": "knife",
    "x1": 0.294140625,
    "y1": 0.4375,
    "x2": 0.11171875,
    "y2": 0.20833333333333334
}