{
    "class": "knife",
    "x1": 0.673046875,
    "y1": 0.6027777777777777,
    "x2": 0.43828125,
    "y2": 0.5861111111111111
}