{
    "class": "knife",
    "x1": 0.5479214780600462,
    "y1": 0.4403846153846154,
    "x2": 0.5484988452655889,
    "y2": 0.6915384615384615
}