{
    "class": "knife",
    "x1": 0.24364896073903003,
    "y1": 0.45652173913043476,
    "x2": 0.11316397228637413,
    "y2": 0.8571428571428571
}