{
    "class": "knife",
    "x1": 0.55859375,
    "y1": 0.6666666666666666,
    "x2": 0.2015625,
    "y2": 0.175
}