{
    "class": "knife",
    "x1": 0.2953125,
    "y1": 0.7294520547945206,
    "x2": 0.540625,
    "y2": 0.5045662100456622
}