{
    "class": "knife",
    "x1": 0.6320973348783314,
    "y1": 0.5896153846153847,
    "x2": 0.33951332560834296,
    "y2": 0.3330769230769231
}