{
    "class": "knife",
    "x1": 0.3546875,
    "y1": 0.7520833333333333,
    "x2": 0.403125,
    "y2": 0.3333333333333333
}