{
    "class": "knife",
    "x1": 0.6327519379844961,
    "y1": 0.6892523364485982,
    "x2": 0.374031007751938,
    "y2": 0.4532710280373832
}