{
    "class": "knife",
    "x1": 0.426171875,
    "y1": 0.4652777777777778,
    "x2": 0.16328125,
    "y2": 0.38333333333333336
}