{
    "class": "knife",
    "x1": 0.5109375,
    "y1": 0.3951388888888889,
    "x2": 0.084375,
    "y2": 0.5541666666666667
}