{
    "class": "knife",
    "x1": 0.60859375,
    "y1": 0.4444444444444444,
    "x2": 0.2484375,
    "y2": 0.175
}