{
    "class": "knife",
    "x1": 0.214453125,
    "y1": 0.8951388888888889,
    "x2": 0.10859375,
    "y2": 0.20972222222222223
}