{
    "class": "knife",
    "x1": 0.471875,
    "y1": 0.39019607843137255,
    "x2": 0.35625,
    "y2": 0.592156862745098
}