{
    "class": "knife",
    "x1": 0.18828125,
    "y1": 0.79375,
    "x2": 0.0953125,
    "y2": 0.3263888888888889
}