{
    "class": "knife",
    "x1": 0.19921875,
    "y1": 0.7208333333333333,
    "x2": 0.1140625,
    "y2": 0.3277777777777778
}