{
    "class": "knife",
    "x1": 0.28991596638655465,
    "y1": 0.5416666666666666,
    "x2": 0.20448179271708683,
    "y2": 0.375
}