{
    "class": "knife",
    "x1": 0.593359375,
    "y1": 0.4222222222222222,
    "x2": 0.12109375,
    "y2": 0.32222222222222224
}