{
    "class": "knife",
    "x1": 0.419921875,
    "y1": 0.6534722222222222,
    "x2": 0.06328125,
    "y2": 0.30972222222222223
}