{
    "class": "knife",
    "x1": 0.16953125,
    "y1": 0.7555555555555555,
    "x2": 0.09375,
    "y2": 0.24444444444444444
}