{
    "class": "knife",
    "x1": 0.306640625,
    "y1": 0.6951388888888889,
    "x2": 0.08046875,
    "y2": 0.19583333333333333
}