{
    "class": "knife",
    "x1": 0.60078125,
    "y1": 0.39559164733178653,
    "x2": 0.7921875,
    "y2": 0.7679814385150812
}