{
    "class": "knife",
    "x1": 0.252734375,
    "y1": 0.7902777777777777,
    "x2": 0.22109375,
    "y2": 0.11666666666666667
}