{
    "class": "knife",
    "x1": 0.207421875,
    "y1": 0.4340277777777778,
    "x2": 0.26953125,
    "y2": 0.7819444444444444
}