{
    "class": "knife",
    "x1": 0.549609375,
    "y1": 0.5402777777777777,
    "x2": 0.09609375,
    "y2": 0.25277777777777777
}