{
    "class": "knife",
    "x1": 0.466015625,
    "y1": 0.30972222222222223,
    "x2": 0.06484375,
    "y2": 0.15
}