{
    "class": "knife",
    "x1": 0.186328125,
    "y1": 0.9090277777777778,
    "x2": 0.10859375,
    "y2": 0.18194444444444444
}