{
    "class": "knife",
    "x1": 0.29375,
    "y1": 0.7006944444444444,
    "x2": 0.115625,
    "y2": 0.2708333333333333
}