{
    "class": "knife",
    "x1": 0.5877777777777777,
    "y1": 0.5747282608695652,
    "x2": 0.8022222222222222,
    "y2": 0.8233695652173914
}