{
    "class": "knife",
    "x1": 0.15078125,
    "y1": 0.8861111111111111,
    "x2": 0.121875,
    "y2": 0.22777777777777777
}