{
    "class": "knife",
    "x1": 0.432421875,
    "y1": 0.46111111111111114,
    "x2": 0.10078125,
    "y2": 0.30833333333333335
}