{
    "class": "knife",
    "x1": 0.38984375,
    "y1": 0.44930555555555557,
    "x2": 0.0625,
    "y2": 0.2152777777777778
}