{
    "class": "knife",
    "x1": 0.340625,
    "y1": 0.36041666666666666,
    "x2": 0.59375,
    "y2": 0.55
}