{
    "class": "knife",
    "x1": 0.143359375,
    "y1": 0.8798611111111111,
    "x2": 0.10703125,
    "y2": 0.24027777777777778
}