{
    "class": "knife",
    "x1": 0.1953125,
    "y1": 0.7576388888888889,
    "x2": 0.1046875,
    "y2": 0.27361111111111114
}