{
    "class": "knife",
    "x1": 0.275,
    "y1": 0.7112299465240641,
    "x2": 0.49,
    "y2": 0.5775401069518716
}