{
    "class": "knife",
    "x1": 0.23828125,
    "y1": 0.6322916666666667,
    "x2": 0.4328125,
    "y2": 0.45625
}