{
    "class": "knife",
    "x1": 0.284,
    "y1": 0.68646408839779,
    "x2": 0.49,
    "y2": 0.425414364640884
}