{
    "class": "knife",
    "x1": 0.194921875,
    "y1": 0.5958333333333333,
    "x2": 0.09453125,
    "y2": 0.5083333333333333
}