{
    "class": "knife",
    "x1": 0.2833333333333333,
    "y1": 0.6233870967741936,
    "x2": 0.5444444444444444,
    "y2": 0.582258064516129
}