{
    "class": "knife",
    "x1": 0.781,
    "y1": 0.7031700288184438,
    "x2": 0.426,
    "y2": 0.484149855907781
}