{
    "class": "knife",
    "x1": 0.38372093023255816,
    "y1": 0.4632829373650108,
    "x2": 0.3738819320214669,
    "y2": 0.8142548596112311
}