{
    "class": "knife",
    "x1": 0.21875,
    "y1": 0.3375,
    "x2": 0.303125,
    "y2": 0.5111111111111111
}