{
    "class": "knife",
    "x1": 0.5595703125,
    "y1": 0.26171875,
    "x2": 0.291015625,
    "y2": 0.4713541666666667
}