{
    "class": "knife",
    "x1": 0.362890625,
    "y1": 0.30486111111111114,
    "x2": 0.05546875,
    "y2": 0.28194444444444444
}