{
    "class": "knife",
    "x1": 0.1515625,
    "y1": 0.8833333333333333,
    "x2": 0.096875,
    "y2": 0.23333333333333334
}