{
    "class": "knife",
    "x1": 0.6328125,
    "y1": 0.44375,
    "x2": 0.2203125,
    "y2": 0.2708333333333333
}