{
    "class": "knife",
    "x1": 0.346484375,
    "y1": 0.5027777777777778,
    "x2": 0.47734375,
    "y2": 0.4888888888888889
}