{
    "class": "knife",
    "x1": 0.38796296296296295,
    "y1": 0.4879679144385027,
    "x2": 0.7425925925925926,
    "y2": 0.8048128342245989
}