{
    "class": "knife",
    "x1": 0.633984375,
    "y1": 0.4076388888888889,
    "x2": 0.10390625,
    "y2": 0.3680555555555556
}