{
    "class": "knife",
    "x1": 0.38333333333333336,
    "y1": 0.3559322033898305,
    "x2": 0.3088888888888889,
    "y2": 0.33220338983050846
}