{
    "class": "knife",
    "x1": 0.3285123966942149,
    "y1": 0.719758064516129,
    "x2": 0.4772727272727273,
    "y2": 0.37768817204301075
}