{
    "class": "knife",
    "x1": 0.491015625,
    "y1": 0.4576388888888889,
    "x2": 0.13203125,
    "y2": 0.15416666666666667
}