{
    "class": "knife",
    "x1": 0.5449330783938815,
    "y1": 0.5545722713864307,
    "x2": 0.6003824091778203,
    "y2": 0.5250737463126843
}