{
    "class": "knife",
    "x1": 0.4175531914893617,
    "y1": 0.6203007518796992,
    "x2": 0.18085106382978725,
    "y2": 0.556390977443609
}