{
    "class": "knife",
    "x1": 0.4875,
    "y1": 0.10902777777777778,
    "x2": 0.1140625,
    "y2": 0.1125
}