{
    "class": "knife",
    "x1": 0.610546875,
    "y1": 0.7645833333333333,
    "x2": 0.06171875,
    "y2": 0.22916666666666666
}