{
    "class": "knife",
    "x1": 0.199609375,
    "y1": 0.7381944444444445,
    "x2": 0.11171875,
    "y2": 0.2569444444444444
}