{
    "class": "knife",
    "x1": 0.58203125,
    "y1": 0.5576388888888889,
    "x2": 0.0890625,
    "y2": 0.48194444444444445
}