{
    "class": "knife",
    "x1": 0.155859375,
    "y1": 0.8930555555555556,
    "x2": 0.12421875,
    "y2": 0.21388888888888888
}