{
    "class": "knife",
    "x1": 0.5023809523809524,
    "y1": 0.5764966740576497,
    "x2": 0.5888888888888889,
    "y2": 0.7627494456762749
}