{
    "class": "knife",
    "x1": 0.5685595567867036,
    "y1": 0.3695121951219512,
    "x2": 0.3808864265927978,
    "y2": 0.5926829268292683
}