{
    "class": "knife",
    "x1": 0.5484375,
    "y1": 0.5361111111111111,
    "x2": 0.103125,
    "y2": 0.25
}