{
    "class": "knife",
    "x1": 0.348828125,
    "y1": 0.8513888888888889,
    "x2": 0.20546875,
    "y2": 0.2111111111111111
}