{
    "class": "knife",
    "x1": 0.520703125,
    "y1": 0.4618055555555556,
    "x2": 0.26171875,
    "y2": 0.3680555555555556
}