{
    "class": "knife",
    "x1": 0.146484375,
    "y1": 0.8763888888888889,
    "x2": 0.12265625,
    "y2": 0.24722222222222223
}