{
    "class": "knife",
    "x1": 0.619921875,
    "y1": 0.38055555555555554,
    "x2": 0.16484375,
    "y2": 0.19444444444444445
}