{
    "class": "knife",
    "x1": 0.34375,
    "y1": 0.8023809523809524,
    "x2": 0.553125,
    "y2": 0.3238095238095238
}