{
    "class": "knife",
    "x1": 0.23333333333333334,
    "y1": 0.24436090225563908,
    "x2": 0.44,
    "y2": 0.39348370927318294
}