{
    "class": "knife",
    "x1": 0.147265625,
    "y1": 0.8763888888888889,
    "x2": 0.10703125,
    "y2": 0.24722222222222223
}