{
    "class": "knife",
    "x1": 0.5164835164835165,
    "y1": 0.4506172839506173,
    "x2": 0.2802197802197802,
    "y2": 0.8148148148148148
}