{
    "class": "knife",
    "x1": 0.5375,
    "y1": 0.3701149425287356,
    "x2": 0.515,
    "y2": 0.3264367816091954
}