{
    "class": "knife",
    "x1": 0.2798611111111111,
    "y1": 0.7681159420289855,
    "x2": 0.5013888888888889,
    "y2": 0.39492753623188404
}