{
    "class": "knife",
    "x1": 0.6062052505966588,
    "y1": 0.40350877192982454,
    "x2": 0.3723150357995227,
    "y2": 0.5263157894736842
}