{
    "class": "knife",
    "x1": 0.395625,
    "y1": 0.5150093808630394,
    "x2": 0.61125,
    "y2": 0.6622889305816135
}