{
    "class": "knife",
    "x1": 0.16953125,
    "y1": 0.3104166666666667,
    "x2": 0.0859375,
    "y2": 0.3597222222222222
}