{
    "class": "knife",
    "x1": 0.33884297520661155,
    "y1": 0.43394077448747154,
    "x2": 0.5223140495867769,
    "y2": 0.8633257403189066
}