{
    "class": "knife",
    "x1": 0.252734375,
    "y1": 0.5333333333333333,
    "x2": 0.10703125,
    "y2": 0.3
}