{
    "class": "knife",
    "x1": 0.5341796875,
    "y1": 0.61,
    "x2": 0.322265625,
    "y2": 0.7742857142857142
}