{
    "class": "knife",
    "x1": 0.465625,
    "y1": 0.4666370106761566,
    "x2": 0.3175,
    "y2": 0.46708185053380785
}