{
    "class": "knife",
    "x1": 0.143359375,
    "y1": 0.8826388888888889,
    "x2": 0.11640625,
    "y2": 0.23472222222222222
}