{
    "class": "knife",
    "x1": 0.543918918918919,
    "y1": 0.68125,
    "x2": 0.9121621621621622,
    "y2": 0.4025
}