{
    "class": "knife",
    "x1": 0.5131964809384164,
    "y1": 0.6213235294117647,
    "x2": 0.7331378299120235,
    "y2": 0.5485294117647059
}