{
    "class": "knife",
    "x1": 0.484375,
    "y1": 0.6611111111111111,
    "x2": 0.2046875,
    "y2": 0.16944444444444445
}