{
    "class": "knife",
    "x1": 0.7432,
    "y1": 0.2515991471215352,
    "x2": 0.3344,
    "y2": 0.4349680170575693
}