{
    "class": "knife",
    "x1": 0.5349462365591398,
    "y1": 0.5089605734767025,
    "x2": 0.8602150537634409,
    "y2": 0.942652329749104
}