{
    "class": "knife",
    "x1": 0.476,
    "y1": 0.49074074074074076,
    "x2": 0.772,
    "y2": 0.9523809523809523
}