{
    "class": "knife",
    "x1": 0.5125,
    "y1": 0.7229166666666667,
    "x2": 0.709375,
    "y2": 0.3736111111111111
}