{
    "class": "knife",
    "x1": 0.378,
    "y1": 0.45918367346938777,
    "x2": 0.156,
    "y2": 0.7857142857142857
}