{
    "class": "knife",
    "x1": 0.575,
    "y1": 0.3333333333333333,
    "x2": 0.0609375,
    "y2": 0.26944444444444443
}