{
    "class": "knife",
    "x1": 0.6156716417910447,
    "y1": 0.5902061855670103,
    "x2": 0.3582089552238806,
    "y2": 0.4896907216494845
}