{
    "class": "knife",
    "x1": 0.3013698630136986,
    "y1": 0.47368421052631576,
    "x2": 0.3972602739726027,
    "y2": 0.4
}