{
    "class": "knife",
    "x1": 0.37577639751552794,
    "y1": 0.5750636132315522,
    "x2": 0.7236024844720497,
    "y2": 0.5852417302798982
}