{
    "class": "knife",
    "x1": 0.372,
    "y1": 0.7295918367346939,
    "x2": 0.448,
    "y2": 0.4846938775510204
}