{
    "class": "knife",
    "x1": 0.218359375,
    "y1": 0.89375,
    "x2": 0.10546875,
    "y2": 0.2125
}