{
    "class": "knife",
    "x1": 0.486328125,
    "y1": 0.3326388888888889,
    "x2": 0.11015625,
    "y2": 0.27361111111111114
}