{
    "class": "knife",
    "x1": 0.32432432432432434,
    "y1": 0.7713717693836978,
    "x2": 0.41251778093883357,
    "y2": 0.3379721669980119
}