{
    "class": "knife",
    "x1": 0.281640625,
    "y1": 0.5215277777777778,
    "x2": 0.37890625,
    "y2": 0.5291666666666667
}