{
    "class": "knife",
    "x1": 0.369921875,
    "y1": 0.6777777777777778,
    "x2": 0.21640625,
    "y2": 0.41388888888888886
}