{
    "class": "knife",
    "x1": 0.527734375,
    "y1": 0.5256944444444445,
    "x2": 0.17421875,
    "y2": 0.3763888888888889
}