{
    "class": "knife",
    "x1": 0.38203125,
    "y1": 0.6916666666666667,
    "x2": 0.3046875,
    "y2": 0.6166666666666667
}