{
    "class": "knife",
    "x1": 0.546028880866426,
    "y1": 0.5,
    "x2": 0.5018050541516246,
    "y2": 0.5118733509234829
}