{
    "class": "knife",
    "x1": 0.71171875,
    "y1": 0.5958333333333333,
    "x2": 0.071875,
    "y2": 0.31666666666666665
}