{
    "class": "knife",
    "x1": 0.508984375,
    "y1": 0.28888888888888886,
    "x2": 0.06328125,
    "y2": 0.2222222222222222
}