{
    "class": "knife",
    "x1": 0.340625,
    "y1": 0.475,
    "x2": 0.3765625,
    "y2": 0.6527777777777778
}