{
    "class": "knife",
    "x1": 0.3425,
    "y1": 0.6307007786429366,
    "x2": 0.4216666666666667,
    "y2": 0.5205784204671857
}