{
    "class": "knife",
    "x1": 0.240625,
    "y1": 0.6118055555555556,
    "x2": 0.1015625,
    "y2": 0.31527777777777777
}