{
    "class": "knife",
    "x1": 0.45357142857142857,
    "y1": 0.5158730158730159,
    "x2": 0.7595238095238095,
    "y2": 0.9682539682539683
}