{
    "class": "knife",
    "x1": 0.422265625,
    "y1": 0.6270833333333333,
    "x2": 0.19140625,
    "y2": 0.11527777777777778
}