{
    "class": "knife",
    "x1": 0.25390625,
    "y1": 0.4930555555555556,
    "x2": 0.109375,
    "y2": 0.34444444444444444
}