{
    "class": "knife",
    "x1": 0.26,
    "y1": 0.6469155844155844,
    "x2": 0.364,
    "y2": 0.4366883116883117
}