{
    "class": "knife",
    "x1": 0.8209876543209876,
    "y1": 0.7198795180722891,
    "x2": 0.35802469135802467,
    "y2": 0.536144578313253
}