{
    "class": "knife",
    "x1": 0.27631578947368424,
    "y1": 0.5236111111111111,
    "x2": 0.5,
    "y2": 0.33055555555555555
}