{
    "class": "knife",
    "x1": 0.22765598650927488,
    "y1": 0.651578947368421,
    "x2": 0.3844856661045531,
    "y2": 0.44842105263157894
}