{
    "class": "knife",
    "x1": 0.4888888888888889,
    "y1": 0.7518159806295399,
    "x2": 0.24444444444444444,
    "y2": 0.4963680387409201
}