{
    "class": "knife",
    "x1": 0.509765625,
    "y1": 0.5215277777777778,
    "x2": 0.05859375,
    "y2": 0.1986111111111111
}