{
    "class": "knife",
    "x1": 0.548811013767209,
    "y1": 0.4691666666666667,
    "x2": 0.8272841051314143,
    "y2": 0.905
}