{
    "class": "knife",
    "x1": 0.5828125,
    "y1": 0.40069444444444446,
    "x2": 0.246875,
    "y2": 0.12638888888888888
}