{
    "class": "knife",
    "x1": 0.274,
    "y1": 0.3382352941176471,
    "x2": 0.456,
    "y2": 0.4572192513368984
}