{
    "class": "knife",
    "x1": 0.280859375,
    "y1": 0.5888888888888889,
    "x2": 0.11640625,
    "y2": 0.2916666666666667
}