{
    "class": "knife",
    "x1": 0.62109375,
    "y1": 0.46111111111111114,
    "x2": 0.2296875,
    "y2": 0.275
}