{
    "class": "knife",
    "x1": 0.288,
    "y1": 0.38476190476190475,
    "x2": 0.536,
    "y2": 0.7161904761904762
}