{
    "class": "knife",
    "x1": 0.347444089456869,
    "y1": 0.6497395833333334,
    "x2": 0.6821086261980831,
    "y2": 0.6536458333333334
}