{
    "class": "knife",
    "x1": 0.7292768959435626,
    "y1": 0.7150684931506849,
    "x2": 0.5414462081128748,
    "y2": 0.5698630136986301
}