{
    "class": "knife",
    "x1": 0.3847352024922118,
    "y1": 0.43,
    "x2": 0.7383177570093458,
    "y2": 0.655
}