{
    "class": "knife",
    "x1": 0.478515625,
    "y1": 0.11041666666666666,
    "x2": 0.11484375,
    "y2": 0.10694444444444444
}