{
    "class": "knife",
    "x1": 0.3453125,
    "y1": 0.1673611111111111,
    "x2": 0.109375,
    "y2": 0.13194444444444445
}