{
    "class": "knife",
    "x1": 0.6204756980351603,
    "y1": 0.6770145310435931,
    "x2": 0.4239917269906929,
    "y2": 0.46895640686922063
}