{
    "class": "knife",
    "x1": 0.5078125,
    "y1": 0.6944444444444444,
    "x2": 0.128125,
    "y2": 0.10277777777777777
}