{
    "class": "knife",
    "x1": 0.36953125,
    "y1": 0.39305555555555555,
    "x2": 0.428125,
    "y2": 0.6944444444444444
}