{
    "class": "knife",
    "x1": 0.174609375,
    "y1": 0.33125,
    "x2": 0.09140625,
    "y2": 0.4125
}