{
    "class": "knife",
    "x1": 0.432421875,
    "y1": 0.8215277777777777,
    "x2": 0.14921875,
    "y2": 0.24583333333333332
}