{
    "class": "knife",
    "x1": 0.175,
    "y1": 0.27569444444444446,
    "x2": 0.0859375,
    "y2": 0.3236111111111111
}