{
    "class": "knife",
    "x1": 0.28125,
    "y1": 0.4548611111111111,
    "x2": 0.1484375,
    "y2": 0.2125
}