{
    "class": "knife",
    "x1": 0.2733755942947702,
    "y1": 0.7145833333333333,
    "x2": 0.4675118858954041,
    "y2": 0.5541666666666667
}