{
    "class": "knife",
    "x1": 0.367578125,
    "y1": 0.7173611111111111,
    "x2": 0.16328125,
    "y2": 0.1486111111111111
}