{
    "class": "knife",
    "x1": 0.3377777777777778,
    "y1": 0.37666666666666665,
    "x2": 0.6711111111111111,
    "y2": 0.7466666666666667
}