{
    "class": "knife",
    "x1": 0.2671875,
    "y1": 0.5993055555555555,
    "x2": 0.125,
    "y2": 0.30416666666666664
}