{
    "class": "knife",
    "x1": 0.24375,
    "y1": 0.6336065573770492,
    "x2": 0.4275,
    "y2": 0.5983606557377049
}