{
    "class": "knife",
    "x1": 0.54609375,
    "y1": 0.5576388888888889,
    "x2": 0.11875,
    "y2": 0.15416666666666667
}