{
    "class": "knife",
    "x1": 0.716,
    "y1": 0.6913439635535308,
    "x2": 0.4304,
    "y2": 0.6082004555808656
}