{
    "class": "knife",
    "x1": 0.285546875,
    "y1": 0.3784722222222222,
    "x2": 0.25703125,
    "y2": 0.6513888888888889
}