{
    "class": "knife",
    "x1": 0.6390625,
    "y1": 0.4270833333333333,
    "x2": 0.1234375,
    "y2": 0.4986111111111111
}