{
    "class": "knife",
    "x1": 0.30078125,
    "y1": 0.5788235294117647,
    "x2": 0.2609375,
    "y2": 0.64
}