{
    "class": "knife",
    "x1": 0.173046875,
    "y1": 0.6965277777777777,
    "x2": 0.07265625,
    "y2": 0.32083333333333336
}