{
    "class": "knife",
    "x1": 0.4948717948717949,
    "y1": 0.7062647754137116,
    "x2": 0.9452991452991453,
    "y2": 0.3037825059101655
}