{
    "class": "knife",
    "x1": 0.487109375,
    "y1": 0.33958333333333335,
    "x2": 0.10234375,
    "y2": 0.37916666666666665
}