{
    "class": "knife",
    "x1": 0.35,
    "y1": 0.4274193548387097,
    "x2": 0.6464285714285715,
    "y2": 0.5698924731182796
}