{
    "class": "knife",
    "x1": 0.248046875,
    "y1": 0.5166666666666667,
    "x2": 0.19609375,
    "y2": 0.6583333333333333
}