{
    "class": "knife",
    "x1": 0.685625,
    "y1": 0.518125,
    "x2": 0.51125,
    "y2": 0.64875
}