{
    "class": "knife",
    "x1": 0.6551094890510949,
    "y1": 0.5118243243243243,
    "x2": 0.5754257907542579,
    "y2": 0.7871621621621622
}