{
    "class": "knife",
    "x1": 0.2742138364779874,
    "y1": 0.722117202268431,
    "x2": 0.4327044025157233,
    "y2": 0.5179584120982986
}