{
    "class": "knife",
    "x1": 0.3070833333333333,
    "y1": 0.6167964404894327,
    "x2": 0.5458333333333333,
    "y2": 0.5839822024471635
}