{
    "class": "knife",
    "x1": 0.239,
    "y1": 0.7687861271676301,
    "x2": 0.474,
    "y2": 0.4624277456647399
}