{
    "class": "knife",
    "x1": 0.3119158878504673,
    "y1": 0.5018115942028986,
    "x2": 0.4369158878504673,
    "y2": 0.40942028985507245
}