{
    "class": "knife",
    "x1": 0.642578125,
    "y1": 0.44305555555555554,
    "x2": 0.09921875,
    "y2": 0.4444444444444444
}