{
    "class": "knife",
    "x1": 0.541796875,
    "y1": 0.5319444444444444,
    "x2": 0.15859375,
    "y2": 0.4305555555555556
}