{
    "class": "knife",
    "x1": 0.555078125,
    "y1": 0.5493055555555556,
    "x2": 0.13359375,
    "y2": 0.5291666666666667
}