{
    "class": "knife",
    "x1": 0.45,
    "y1": 0.44656488549618323,
    "x2": 0.14705882352941177,
    "y2": 0.5572519083969466
}