{
    "class": "knife",
    "x1": 0.33691756272401435,
    "y1": 0.315,
    "x2": 0.4874551971326165,
    "y2": 0.53
}