{
    "class": "knife",
    "x1": 0.3880718954248366,
    "y1": 0.5159722222222223,
    "x2": 0.7549019607843137,
    "y2": 0.6458333333333334
}