{
    "class": "knife",
    "x1": 0.6597510373443983,
    "y1": 0.6166666666666667,
    "x2": 0.5145228215767634,
    "y2": 0.44545454545454544
}