{
    "class": "knife",
    "x1": 0.6609375,
    "y1": 0.1,
    "x2": 0.0796875,
    "y2": 0.1
}