{
    "class": "knife",
    "x1": 0.55234375,
    "y1": 0.5090277777777777,
    "x2": 0.1453125,
    "y2": 0.5430555555555555
}