{
    "class": "knife",
    "x1": 0.24166666666666667,
    "y1": 0.546875,
    "x2": 0.3333333333333333,
    "y2": 0.54375
}