{
    "class": "knife",
    "x1": 0.4258241758241758,
    "y1": 0.48760330578512395,
    "x2": 0.7527472527472527,
    "y2": 0.3074380165289256
}