{
    "class": "knife",
    "x1": 0.414332784184514,
    "y1": 0.53,
    "x2": 0.7957166392092258,
    "y2": 0.8
}