{
    "class": "knife",
    "x1": 0.18671875,
    "y1": 0.36944444444444446,
    "x2": 0.24375,
    "y2": 0.7361111111111112
}