{
    "class": "knife",
    "x1": 0.6285714285714286,
    "y1": 0.6089743589743589,
    "x2": 0.6914285714285714,
    "y2": 0.2863247863247863
}