{
    "class": "knife",
    "x1": 0.32,
    "y1": 0.6912751677852349,
    "x2": 0.51,
    "y2": 0.5906040268456376
}