{
    "class": "knife",
    "x1": 0.698046875,
    "y1": 0.5583333333333333,
    "x2": 0.10078125,
    "y2": 0.31666666666666665
}