{
    "class": "knife",
    "x1": 0.21328125,
    "y1": 0.5784722222222223,
    "x2": 0.1109375,
    "y2": 0.30694444444444446
}