{
    "class": "knife",
    "x1": 0.747265625,
    "y1": 0.5145833333333333,
    "x2": 0.05234375,
    "y2": 0.21805555555555556
}