{
    "class": "knife",
    "x1": 0.5058411214953271,
    "y1": 0.4375,
    "x2": 0.9789719626168224,
    "y2": 0.5625
}