{
    "class": "knife",
    "x1": 0.28828125,
    "y1": 0.6763888888888889,
    "x2": 0.075,
    "y2": 0.22777777777777777
}