{
    "class": "knife",
    "x1": 0.6508333333333334,
    "y1": 0.6555555555555556,
    "x2": 0.525,
    "y2": 0.6488888888888888
}