{
    "class": "knife",
    "x1": 0.30930232558139537,
    "y1": 0.5,
    "x2": 0.5782945736434109,
    "y2": 0.5422885572139303
}