{
    "class": "knife",
    "x1": 0.416015625,
    "y1": 0.6666666666666666,
    "x2": 0.08203125,
    "y2": 0.15555555555555556
}