{
    "class": "knife",
    "x1": 0.2845982142857143,
    "y1": 0.40804597701149425,
    "x2": 0.515625,
    "y2": 0.1781609195402299
}