{
    "class": "knife",
    "x1": 0.6450892857142857,
    "y1": 0.5205882352941177,
    "x2": 0.3794642857142857,
    "y2": 0.5823529411764706
}