{
    "class": "knife",
    "x1": 0.4444444444444444,
    "y1": 0.46111111111111114,
    "x2": 0.8028673835125448,
    "y2": 0.8444444444444444
}