{
    "class": "knife",
    "x1": 0.355859375,
    "y1": 0.49375,
    "x2": 0.43515625,
    "y2": 0.44027777777777777
}