{
    "class": "knife",
    "x1": 0.146875,
    "y1": 0.8881944444444444,
    "x2": 0.11875,
    "y2": 0.22361111111111112
}