{
    "class": "knife",
    "x1": 0.28144171779141103,
    "y1": 0.639225181598063,
    "x2": 0.5383435582822086,
    "y2": 0.6440677966101694
}