{
    "class": "knife",
    "x1": 0.16171875,
    "y1": 0.3611111111111111,
    "x2": 0.321875,
    "y2": 0.6305555555555555
}