{
    "class": "knife",
    "x1": 0.38352745424292845,
    "y1": 0.49475524475524474,
    "x2": 0.7637271214642263,
    "y2": 0.6608391608391608
}