{
    "class": "knife",
    "x1": 0.573828125,
    "y1": 0.7388888888888889,
    "x2": 0.52578125,
    "y2": 0.475
}