{
    "class": "knife",
    "x1": 0.34121621621621623,
    "y1": 0.3525,
    "x2": 0.6148648648648649,
    "y2": 0.62
}