{
    "class": "knife",
    "x1": 0.3160569105691057,
    "y1": 0.36908077994428967,
    "x2": 0.5995934959349594,
    "y2": 0.6657381615598886
}