{
    "class": "knife",
    "x1": 0.496484375,
    "y1": 0.08680555555555555,
    "x2": 0.11015625,
    "y2": 0.10138888888888889
}