{
    "class": "knife",
    "x1": 0.3265625,
    "y1": 0.8,
    "x2": 0.21875,
    "y2": 0.125
}