{
    "class": "knife",
    "x1": 0.3734375,
    "y1": 0.49166666666666664,
    "x2": 0.3875,
    "y2": 0.6305555555555555
}