{
    "class": "knife",
    "x1": 0.49954462659380694,
    "y1": 0.6416781292984869,
    "x2": 0.8770491803278688,
    "y2": 0.4497936726272352
}