{
    "class": "knife",
    "x1": 0.5615141955835962,
    "y1": 0.4575055187637969,
    "x2": 0.7397476340694006,
    "y2": 0.7538631346578366
}