{
    "class": "knife",
    "x1": 0.5609318996415771,
    "y1": 0.4613526570048309,
    "x2": 0.4910394265232975,
    "y2": 0.5942028985507246
}