{
    "class": "knife",
    "x1": 0.24801587301587302,
    "y1": 0.419620253164557,
    "x2": 0.49444444444444446,
    "y2": 0.5050632911392405
}