{
    "class": "knife",
    "x1": 0.6961111111111111,
    "y1": 0.6808333333333333,
    "x2": 0.5211111111111111,
    "y2": 0.5283333333333333
}