{
    "class": "knife",
    "x1": 0.5196969696969697,
    "y1": 0.6307277628032345,
    "x2": 0.28484848484848485,
    "y2": 0.30727762803234504
}