{
    "class": "knife",
    "x1": 0.5184729064039408,
    "y1": 0.40607734806629836,
    "x2": 0.46798029556650245,
    "y2": 0.7937384898710865
}