{
    "class": "knife",
    "x1": 0.7610294117647058,
    "y1": 0.30453431372549017,
    "x2": 0.44362745098039214,
    "y2": 0.27736928104575165
}