{
    "class": "knife",
    "x1": 0.174609375,
    "y1": 0.8930555555555556,
    "x2": 0.10703125,
    "y2": 0.21388888888888888
}