{
    "class": "knife",
    "x1": 0.396484375,
    "y1": 0.4322916666666667,
    "x2": 0.333984375,
    "y2": 0.3854166666666667
}