{
    "class": "knife",
    "x1": 0.6156968876860622,
    "y1": 0.45348837209302323,
    "x2": 0.6468200270635994,
    "y2": 0.5813953488372093
}