{
    "class": "knife",
    "x1": 0.640234375,
    "y1": 0.46111111111111114,
    "x2": 0.24296875,
    "y2": 0.21944444444444444
}