{
    "class": "knife",
    "x1": 0.45071428571428573,
    "y1": 0.738003838771593,
    "x2": 0.37,
    "y2": 0.4856046065259117
}