{
    "class": "knife",
    "x1": 0.479296875,
    "y1": 0.10833333333333334,
    "x2": 0.11015625,
    "y2": 0.10555555555555556
}