{
    "class": "knife",
    "x1": 0.2359375,
    "y1": 0.5284722222222222,
    "x2": 0.1203125,
    "y2": 0.28194444444444444
}