{
    "class": "knife",
    "x1": 0.514453125,
    "y1": 0.37222222222222223,
    "x2": 0.10703125,
    "y2": 0.18055555555555555
}