{
    "class": "knife",
    "x1": 0.27421875,
    "y1": 0.7583333333333333,
    "x2": 0.134375,
    "y2": 0.09722222222222222
}