{
    "class": "knife",
    "x1": 0.5171875,
    "y1": 0.5715277777777777,
    "x2": 0.140625,
    "y2": 0.09583333333333334
}