{
    "class": "knife",
    "x1": 0.467578125,
    "y1": 0.6888888888888889,
    "x2": 0.13203125,
    "y2": 0.09166666666666666
}