{
    "class": "knife",
    "x1": 0.128125,
    "y1": 0.6833333333333333,
    "x2": 0.140625,
    "y2": 0.10833333333333334
}