{
    "class": "knife",
    "x1": 0.315625,
    "y1": 0.3680555555555556,
    "x2": 0.09375,
    "y2": 0.14166666666666666
}