{
    "class": "knife",
    "x1": 0.313671875,
    "y1": 0.25277777777777777,
    "x2": 0.05546875,
    "y2": 0.175
}