{
    "class": "knife",
    "x1": 0.47890625,
    "y1": 0.44513888888888886,
    "x2": 0.1421875,
    "y2": 0.1597222222222222
}