{
    "class": "knife",
    "x1": 0.68515625,
    "y1": 0.6840277777777778,
    "x2": 0.13125,
    "y2": 0.0625
}