{
    "class": "knife",
    "x1": 0.3515625,
    "y1": 0.7861111111111111,
    "x2": 0.1125,
    "y2": 0.1
}