{
    "class": "knife",
    "x1": 0.376953125,
    "y1": 0.6027777777777777,
    "x2": 0.09453125,
    "y2": 0.1388888888888889
}