{
    "class": "knife",
    "x1": 0.38203125,
    "y1": 0.4479166666666667,
    "x2": 0.1359375,
    "y2": 0.16527777777777777
}