{
    "class": "knife",
    "x1": 0.31875,
    "y1": 0.8013888888888889,
    "x2": 0.1140625,
    "y2": 0.09722222222222222
}