{
    "class": "knife",
    "x1": 0.506640625,
    "y1": 0.5006944444444444,
    "x2": 0.05703125,
    "y2": 0.16527777777777777
}