{
    "class": "knife",
    "x1": 0.335546875,
    "y1": 0.6895833333333333,
    "x2": 0.13359375,
    "y2": 0.0625
}