{
    "class": "knife",
    "x1": 0.389453125,
    "y1": 0.3402777777777778,
    "x2": 0.12734375,
    "y2": 0.16944444444444445
}