{
    "class": "knife",
    "x1": 0.6421875,
    "y1": 0.2965277777777778,
    "x2": 0.1140625,
    "y2": 0.0625
}