{
    "class": "knife",
    "x1": 0.919921875,
    "y1": 0.6972222222222222,
    "x2": 0.07734375,
    "y2": 0.18611111111111112
}