{
    "class": "knife",
    "x1": 0.46796875,
    "y1": 0.44722222222222224,
    "x2": 0.140625,
    "y2": 0.15833333333333333
}