{
    "class": "knife",
    "x1": 0.40390625,
    "y1": 0.35625,
    "x2": 0.1359375,
    "y2": 0.16527777777777777
}