{
    "class": "knife",
    "x1": 0.41796875,
    "y1": 0.8,
    "x2": 0.1203125,
    "y2": 0.07777777777777778
}