{
    "class": "knife",
    "x1": 0.39453125,
    "y1": 0.2298611111111111,
    "x2": 0.1109375,
    "y2": 0.1875
}