{
    "class": "knife",
    "x1": 0.753125,
    "y1": 0.6243055555555556,
    "x2": 0.065625,
    "y2": 0.30972222222222223
}