{
    "class": "knife",
    "x1": 0.365234375,
    "y1": 0.3854166666666667,
    "x2": 0.05390625,
    "y2": 0.1486111111111111
}