{
    "class": "knife",
    "x1": 0.68125,
    "y1": 0.5541666666666667,
    "x2": 0.040625,
    "y2": 0.2
}