{
    "class": "knife",
    "x1": 0.5453125,
    "y1": 0.5590277777777778,
    "x2": 0.0625,
    "y2": 0.19305555555555556
}