{
    "class": "knife",
    "x1": 0.504296875,
    "y1": 0.6805555555555556,
    "x2": 0.16171875,
    "y2": 0.08888888888888889
}