{
    "class": "knife",
    "x1": 0.521484375,
    "y1": 0.5631944444444444,
    "x2": 0.13828125,
    "y2": 0.09305555555555556
}