{
    "class": "knife",
    "x1": 0.515234375,
    "y1": 0.6597222222222222,
    "x2": 0.13046875,
    "y2": 0.08888888888888889
}