{
    "class": "knife",
    "x1": 0.380078125,
    "y1": 0.7861111111111111,
    "x2": 0.16953125,
    "y2": 0.09444444444444444
}