{
    "class": "knife",
    "x1": 0.491015625,
    "y1": 0.8006944444444445,
    "x2": 0.12109375,
    "y2": 0.06527777777777778
}