{
    "class": "knife",
    "x1": 0.32109375,
    "y1": 0.4201388888888889,
    "x2": 0.096875,
    "y2": 0.1486111111111111
}