{
    "class": "knife",
    "x1": 0.842578125,
    "y1": 0.6180555555555556,
    "x2": 0.12109375,
    "y2": 0.2361111111111111
}