{
    "class": "knife",
    "x1": 0.493359375,
    "y1": 0.6375,
    "x2": 0.11328125,
    "y2": 0.08888888888888889
}