{
    "class": "knife",
    "x1": 0.23515625,
    "y1": 0.6694444444444444,
    "x2": 0.134375,
    "y2": 0.1111111111111111
}