{
    "class": "knife",
    "x1": 0.365625,
    "y1": 0.31666666666666665,
    "x2": 0.1125,
    "y2": 0.15833333333333333
}