{
    "class": "knife",
    "x1": 0.5203125,
    "y1": 0.5555555555555556,
    "x2": 0.10625,
    "y2": 0.10277777777777777
}