{
    "class": "knife",
    "x1": 0.32890625,
    "y1": 0.32083333333333336,
    "x2": 0.1109375,
    "y2": 0.1388888888888889
}