{
    "class": "knife",
    "x1": 0.764453125,
    "y1": 0.48680555555555555,
    "x2": 0.13515625,
    "y2": 0.08472222222222223
}