{
    "class": "knife",
    "x1": 0.41171875,
    "y1": 0.7930555555555555,
    "x2": 0.1546875,
    "y2": 0.11388888888888889
}