{
    "class": "knife",
    "x1": 0.428515625,
    "y1": 0.7340277777777777,
    "x2": 0.13984375,
    "y2": 0.1125
}