{
    "class": "knife",
    "x1": 0.284765625,
    "y1": 0.825,
    "x2": 0.12734375,
    "y2": 0.07222222222222222
}