{
    "class": "knife",
    "x1": 0.46875,
    "y1": 0.4722222222222222,
    "x2": 0.1375,
    "y2": 0.1388888888888889
}