{
    "class": "knife",
    "x1": 0.169921875,
    "y1": 0.6472222222222223,
    "x2": 0.07265625,
    "y2": 0.20833333333333334
}