{
    "class": "knife",
    "x1": 0.684765625,
    "y1": 0.5215277777777778,
    "x2": 0.11328125,
    "y2": 0.15694444444444444
}