{
    "class": "knife",
    "x1": 0.623046875,
    "y1": 0.5909722222222222,
    "x2": 0.13671875,
    "y2": 0.1597222222222222
}