{
    "class": "knife",
    "x1": 0.48046875,
    "y1": 0.6625,
    "x2": 0.1328125,
    "y2": 0.08611111111111111
}