{
    "class": "knife",
    "x1": 0.5484375,
    "y1": 0.5340277777777778,
    "x2": 0.0390625,
    "y2": 0.22083333333333333
}