{
    "class": "knife",
    "x1": 0.494140625,
    "y1": 0.5868055555555556,
    "x2": 0.10859375,
    "y2": 0.10694444444444444
}