{
    "class": "knife",
    "x1": 0.480078125,
    "y1": 0.6034722222222222,
    "x2": 0.11484375,
    "y2": 0.10416666666666667
}