{
    "class": "knife",
    "x1": 0.480078125,
    "y1": 0.5979166666666667,
    "x2": 0.12109375,
    "y2": 0.10694444444444444
}