{
    "class": "knife",
    "x1": 0.442578125,
    "y1": 0.4409722222222222,
    "x2": 0.14140625,
    "y2": 0.15694444444444444
}