{
    "class": "knife",
    "x1": 0.34609375,
    "y1": 0.44513888888888886,
    "x2": 0.05,
    "y2": 0.19305555555555556
}