{
    "class": "knife",
    "x1": 0.5,
    "y1": 0.66875,
    "x2": 0.1296875,
    "y2": 0.07083333333333333
}