{
    "class": "knife",
    "x1": 0.36484375,
    "y1": 0.6618055555555555,
    "x2": 0.1421875,
    "y2": 0.1597222222222222
}