{
    "class": "knife",
    "x1": 0.416796875,
    "y1": 0.8,
    "x2": 0.13828125,
    "y2": 0.15
}