{
    "class": "knife",
    "x1": 0.294921875,
    "y1": 0.34791666666666665,
    "x2": 0.12734375,
    "y2": 0.14027777777777778
}