{
    "class": "knife",
    "x1": 0.452734375,
    "y1": 0.41944444444444445,
    "x2": 0.03359375,
    "y2": 0.18888888888888888
}