{
    "class": "knife",
    "x1": 0.4921875,
    "y1": 0.4618055555555556,
    "x2": 0.0359375,
    "y2": 0.1986111111111111
}