{
    "class": "knife",
    "x1": 0.4515625,
    "y1": 0.19305555555555556,
    "x2": 0.0921875,
    "y2": 0.23055555555555557
}