{
    "class": "knife",
    "x1": 0.343359375,
    "y1": 0.2902777777777778,
    "x2": 0.10078125,
    "y2": 0.15555555555555556
}