{
    "class": "knife",
    "x1": 0.393359375,
    "y1": 0.35833333333333334,
    "x2": 0.12890625,
    "y2": 0.16111111111111112
}