{
    "class": "knife",
    "x1": 0.674609375,
    "y1": 0.6236111111111111,
    "x2": 0.13671875,
    "y2": 0.125
}