{
    "class": "knife",
    "x1": 0.68671875,
    "y1": 0.5958333333333333,
    "x2": 0.0390625,
    "y2": 0.225
}