{
    "class": "knife",
    "x1": 0.66953125,
    "y1": 0.1125,
    "x2": 0.1859375,
    "y2": 0.2222222222222222
}