{
    "class": "knife",
    "x1": 0.4703125,
    "y1": 0.475,
    "x2": 0.146875,
    "y2": 0.16111111111111112
}