{
    "class": "knife",
    "x1": 0.477734375,
    "y1": 0.6819444444444445,
    "x2": 0.12109375,
    "y2": 0.09166666666666666
}