{
    "class": "knife",
    "x1": 0.519140625,
    "y1": 0.6631944444444444,
    "x2": 0.13203125,
    "y2": 0.07916666666666666
}