{
    "class": "knife",
    "x1": 0.809765625,
    "y1": 0.45694444444444443,
    "x2": 0.14609375,
    "y2": 0.19166666666666668
}