{
    "class": "knife",
    "x1": 0.48359375,
    "y1": 0.6027777777777777,
    "x2": 0.1125,
    "y2": 0.10277777777777777
}