{
    "class": "knife",
    "x1": 0.3828125,
    "y1": 0.7673611111111112,
    "x2": 0.1234375,
    "y2": 0.09583333333333334
}