{
    "class": "knife",
    "x1": 0.305078125,
    "y1": 0.45208333333333334,
    "x2": 0.09921875,
    "y2": 0.14305555555555555
}