{
    "class": "knife",
    "x1": 0.305078125,
    "y1": 0.3902777777777778,
    "x2": 0.09765625,
    "y2": 0.14444444444444443
}