{
    "class": "knife",
    "x1": 0.439453125,
    "y1": 0.6520833333333333,
    "x2": 0.16640625,
    "y2": 0.20972222222222223
}