{
    "class": "knife",
    "x1": 0.4734375,
    "y1": 0.45555555555555555,
    "x2": 0.1390625,
    "y2": 0.14722222222222223
}