{
    "class": "knife",
    "x1": 0.080859375,
    "y1": 0.6368055555555555,
    "x2": 0.16015625,
    "y2": 0.16805555555555557
}