{
    "class": "knife",
    "x1": 0.56953125,
    "y1": 0.28055555555555556,
    "x2": 0.0859375,
    "y2": 0.23055555555555557
}