{
    "class": "knife",
    "x1": 0.478515625,
    "y1": 0.5826388888888889,
    "x2": 0.11796875,
    "y2": 0.11805555555555555
}