{
    "class": "knife",
    "x1": 0.478515625,
    "y1": 0.6673611111111111,
    "x2": 0.11640625,
    "y2": 0.09583333333333334
}