{
    "class": "knife",
    "x1": 0.1421875,
    "y1": 0.8819444444444444,
    "x2": 0.1125,
    "y2": 0.16111111111111112
}