{
    "class": "knife",
    "x1": 0.671484375,
    "y1": 0.6131944444444445,
    "x2": 0.16015625,
    "y2": 0.15694444444444444
}