{
    "class": "knife",
    "x1": 0.640625,
    "y1": 0.12361111111111112,
    "x2": 0.2,
    "y2": 0.24444444444444444
}