{
    "class": "knife",
    "x1": 0.63046875,
    "y1": 0.3326388888888889,
    "x2": 0.0875,
    "y2": 0.13472222222222222
}