{
    "class": "knife",
    "x1": 0.43359375,
    "y1": 0.41458333333333336,
    "x2": 0.1421875,
    "y2": 0.1486111111111111
}