{
    "class": "knife",
    "x1": 0.330078125,
    "y1": 0.2013888888888889,
    "x2": 0.05546875,
    "y2": 0.19444444444444445
}