{
    "class": "knife",
    "x1": 0.7203125,
    "y1": 0.4125,
    "x2": 0.1234375,
    "y2": 0.23333333333333334
}