{
    "class": "knife",
    "x1": 0.670703125,
    "y1": 0.15138888888888888,
    "x2": 0.13203125,
    "y2": 0.18333333333333332
}