{
    "class": "knife",
    "x1": 0.271484375,
    "y1": 0.7784722222222222,
    "x2": 0.12265625,
    "y2": 0.0625
}