{
    "class": "knife",
    "x1": 0.41015625,
    "y1": 0.4708333333333333,
    "x2": 0.040625,
    "y2": 0.19166666666666668
}