{
    "class": "knife",
    "x1": 0.40390625,
    "y1": 0.16944444444444445,
    "x2": 0.1890625,
    "y2": 0.28888888888888886
}