{
    "class": "knife",
    "x1": 0.69375,
    "y1": 0.26458333333333334,
    "x2": 0.125,
    "y2": 0.1597222222222222
}