{
    "class": "knife",
    "x1": 0.233203125,
    "y1": 0.4125,
    "x2": 0.06328125,
    "y2": 0.21666666666666667
}