{
    "class": "knife",
    "x1": 0.434375,
    "y1": 0.45,
    "x2": 0.1359375,
    "y2": 0.16111111111111112
}