{
    "class": "knife",
    "x1": 0.475390625,
    "y1": 0.6847222222222222,
    "x2": 0.12109375,
    "y2": 0.09444444444444444
}