{
    "class": "knife",
    "x1": 0.542578125,
    "y1": 0.3347222222222222,
    "x2": 0.06953125,
    "y2": 0.24444444444444444
}