{
    "class": "knife",
    "x1": 0.39375,
    "y1": 0.3576388888888889,
    "x2": 0.128125,
    "y2": 0.1736111111111111
}