{
    "class": "knife",
    "x1": 0.376953125,
    "y1": 0.7902777777777777,
    "x2": 0.13671875,
    "y2": 0.14444444444444443
}