{
    "class": "knife",
    "x1": 0.140625,
    "y1": 0.89375,
    "x2": 0.109375,
    "y2": 0.15416666666666667
}