{
    "class": "knife",
    "x1": 0.39453125,
    "y1": 0.36180555555555555,
    "x2": 0.1265625,
    "y2": 0.1736111111111111
}