{
    "class": "knife",
    "x1": 0.4046875,
    "y1": 0.35694444444444445,
    "x2": 0.1265625,
    "y2": 0.15833333333333333
}