{
    "class": "knife",
    "x1": 0.493359375,
    "y1": 0.6180555555555556,
    "x2": 0.11640625,
    "y2": 0.09444444444444444
}