{
    "class": "knife",
    "x1": 0.28984375,
    "y1": 0.6333333333333333,
    "x2": 0.125,
    "y2": 0.09166666666666666
}