{
    "class": "knife",
    "x1": 0.835546875,
    "y1": 0.4701388888888889,
    "x2": 0.11328125,
    "y2": 0.05416666666666667
}