{
    "class": "knife",
    "x1": 0.313671875,
    "y1": 0.2326388888888889,
    "x2": 0.05078125,
    "y2": 0.20694444444444443
}