{
    "class": "knife",
    "x1": 0.087109375,
    "y1": 0.6277777777777778,
    "x2": 0.16796875,
    "y2": 0.15555555555555556
}