{
    "class": "knife",
    "x1": 0.25,
    "y1": 0.7902777777777777,
    "x2": 0.1359375,
    "y2": 0.09444444444444444
}