{
    "class": "knife",
    "x1": 0.572265625,
    "y1": 0.6506944444444445,
    "x2": 0.11796875,
    "y2": 0.09305555555555556
}