{
    "class": "knife",
    "x1": 0.334765625,
    "y1": 0.5701388888888889,
    "x2": 0.11328125,
    "y2": 0.15138888888888888
}