{
    "class": "knife",
    "x1": 0.3640625,
    "y1": 0.14652777777777778,
    "x2": 0.1265625,
    "y2": 0.16527777777777777
}