{
    "class": "knife",
    "x1": 0.4890625,
    "y1": 0.6111111111111112,
    "x2": 0.1171875,
    "y2": 0.08888888888888889
}