{
    "class": "knife",
    "x1": 0.4078125,
    "y1": 0.7840277777777778,
    "x2": 0.14375,
    "y2": 0.09861111111111111
}