{
    "class": "knife",
    "x1": 0.477734375,
    "y1": 0.5951388888888889,
    "x2": 0.11484375,
    "y2": 0.10416666666666667
}