{
    "class": "knife",
    "x1": 0.61640625,
    "y1": 0.4354166666666667,
    "x2": 0.1765625,
    "y2": 0.12638888888888888
}