{
    "class": "knife",
    "x1": 0.387109375,
    "y1": 0.5840277777777778,
    "x2": 0.07265625,
    "y2": 0.1625
}