{
    "class": "knife",
    "x1": 0.333203125,
    "y1": 0.3145833333333333,
    "x2": 0.12109375,
    "y2": 0.12638888888888888
}