{
    "class": "knife",
    "x1": 0.506640625,
    "y1": 0.6069444444444444,
    "x2": 0.13515625,
    "y2": 0.1111111111111111
}