{
    "class": "knife",
    "x1": 0.40390625,
    "y1": 0.8520833333333333,
    "x2": 0.2625,
    "y2": 0.21805555555555556
}