{
    "class": "knife",
    "x1": 0.39765625,
    "y1": 0.8173611111111111,
    "x2": 0.1609375,
    "y2": 0.10138888888888889
}