{
    "class": "knife",
    "x1": 0.6515625,
    "y1": 0.5548611111111111,
    "x2": 0.1328125,
    "y2": 0.18472222222222223
}