{
    "class": "knife",
    "x1": 0.67734375,
    "y1": 0.28958333333333336,
    "x2": 0.1078125,
    "y2": 0.1125
}