{
    "class": "knife",
    "x1": 0.401171875,
    "y1": 0.3388888888888889,
    "x2": 0.12421875,
    "y2": 0.15
}