{
    "class": "knife",
    "x1": 0.4265625,
    "y1": 0.575,
    "x2": 0.115625,
    "y2": 0.09722222222222222
}