{
    "class": "knife",
    "x1": 0.551171875,
    "y1": 0.7944444444444444,
    "x2": 0.18359375,
    "y2": 0.09722222222222222
}