{
    "class": "knife",
    "x1": 0.2203125,
    "y1": 0.7104166666666667,
    "x2": 0.05,
    "y2": 0.2125
}