{
    "class": "knife",
    "x1": 0.416015625,
    "y1": 0.7875,
    "x2": 0.14765625,
    "y2": 0.1111111111111111
}