{
    "class": "knife",
    "x1": 0.654296875,
    "y1": 0.29583333333333334,
    "x2": 0.11171875,
    "y2": 0.06388888888888888
}