{
    "class": "knife",
    "x1": 0.475390625,
    "y1": 0.46944444444444444,
    "x2": 0.14140625,
    "y2": 0.15
}