{
    "class": "knife",
    "x1": 0.483984375,
    "y1": 0.5993055555555555,
    "x2": 0.11953125,
    "y2": 0.09583333333333334
}