{
    "class": "knife",
    "x1": 0.39609375,
    "y1": 0.3388888888888889,
    "x2": 0.1234375,
    "y2": 0.15555555555555556
}