{
    "class": "knife",
    "x1": 0.663671875,
    "y1": 0.7201388888888889,
    "x2": 0.14609375,
    "y2": 0.11805555555555555
}