{
    "class": "knife",
    "x1": 0.48515625,
    "y1": 0.6083333333333333,
    "x2": 0.1421875,
    "y2": 0.06111111111111111
}