{
    "class": "knife",
    "x1": 0.757421875,
    "y1": 0.45555555555555555,
    "x2": 0.10703125,
    "y2": 0.20277777777777778
}