{
    "class": "knife",
    "x1": 0.605859375,
    "y1": 0.2625,
    "x2": 0.13203125,
    "y2": 0.08055555555555556
}