{
    "class": "knife",
    "x1": 0.4609375,
    "y1": 0.6111111111111112,
    "x2": 0.1375,
    "y2": 0.125
}