{
    "class": "knife",
    "x1": 0.487890625,
    "y1": 0.63125,
    "x2": 0.11484375,
    "y2": 0.08472222222222223
}