{
    "class": "knife",
    "x1": 0.28984375,
    "y1": 0.7555555555555555,
    "x2": 0.1609375,
    "y2": 0.1
}