{
    "class": "knife",
    "x1": 0.5640625,
    "y1": 0.6680555555555555,
    "x2": 0.225,
    "y2": 0.20277777777777778
}