{
    "class": "knife",
    "x1": 0.181640625,
    "y1": 0.39166666666666666,
    "x2": 0.05546875,
    "y2": 0.16666666666666666
}