{
    "class": "knife",
    "x1": 0.216796875,
    "y1": 0.4756944444444444,
    "x2": 0.05390625,
    "y2": 0.1763888888888889
}