{
    "class": "knife",
    "x1": 0.348828125,
    "y1": 0.22569444444444445,
    "x2": 0.11015625,
    "y2": 0.14305555555555555
}