{
    "class": "knife",
    "x1": 0.469921875,
    "y1": 0.4527777777777778,
    "x2": 0.13984375,
    "y2": 0.14444444444444443
}