{
    "class": "knife",
    "x1": 0.38984375,
    "y1": 0.325,
    "x2": 0.1203125,
    "y2": 0.15555555555555556
}