{
    "class": "knife",
    "x1": 0.575,
    "y1": 0.8159722222222222,
    "x2": 0.2625,
    "y2": 0.12638888888888888
}