{
    "class": "knife",
    "x1": 0.52421875,
    "y1": 0.6298611111111111,
    "x2": 0.109375,
    "y2": 0.10416666666666667
}