{
    "class": "knife",
    "x1": 0.13671875,
    "y1": 0.61875,
    "x2": 0.140625,
    "y2": 0.17916666666666667
}