{
    "class": "knife",
    "x1": 0.677734375,
    "y1": 0.56875,
    "x2": 0.04921875,
    "y2": 0.19305555555555556
}