{
    "class": "knife",
    "x1": 0.463671875,
    "y1": 0.43819444444444444,
    "x2": 0.07421875,
    "y2": 0.1875
}