{
    "class": "knife",
    "x1": 0.683203125,
    "y1": 0.4826388888888889,
    "x2": 0.05234375,
    "y2": 0.2013888888888889
}