{
    "class": "knife",
    "x1": 0.41484375,
    "y1": 0.3527777777777778,
    "x2": 0.1421875,
    "y2": 0.15
}