{
    "class": "knife",
    "x1": 0.755078125,
    "y1": 0.6194444444444445,
    "x2": 0.07421875,
    "y2": 0.29444444444444445
}