{
    "class": "knife",
    "x1": 0.3453125,
    "y1": 0.7826388888888889,
    "x2": 0.1125,
    "y2": 0.08194444444444444
}