{
    "class": "knife",
    "x1": 0.374609375,
    "y1": 0.3,
    "x2": 0.12109375,
    "y2": 0.1527777777777778
}