{
    "class": "knife",
    "x1": 0.4359375,
    "y1": 0.8486111111111111,
    "x2": 0.1140625,
    "y2": 0.1388888888888889
}