{
    "class": "knife",
    "x1": 0.507421875,
    "y1": 0.5833333333333334,
    "x2": 0.11015625,
    "y2": 0.08888888888888889
}