{
    "class": "knife",
    "x1": 0.425,
    "y1": 0.5777777777777777,
    "x2": 0.115625,
    "y2": 0.08888888888888889
}