{
    "class": "knife",
    "x1": 0.713671875,
    "y1": 0.5590277777777778,
    "x2": 0.03828125,
    "y2": 0.22916666666666666
}