{
    "class": "knife",
    "x1": 0.275390625,
    "y1": 0.7583333333333333,
    "x2": 0.13359375,
    "y2": 0.10833333333333334
}