{
    "class": "knife",
    "x1": 0.230078125,
    "y1": 0.2951388888888889,
    "x2": 0.11796875,
    "y2": 0.24027777777777778
}