{
    "class": "knife",
    "x1": 0.456640625,
    "y1": 0.45,
    "x2": 0.13828125,
    "y2": 0.1527777777777778
}