{
    "class": "knife",
    "x1": 0.4421875,
    "y1": 0.35694444444444445,
    "x2": 0.1234375,
    "y2": 0.07777777777777778
}