{
    "class": "knife",
    "x1": 0.62265625,
    "y1": 0.3625,
    "x2": 0.1453125,
    "y2": 0.08611111111111111
}