{
    "class": "knife",
    "x1": 0.31328125,
    "y1": 0.3090277777777778,
    "x2": 0.1265625,
    "y2": 0.12638888888888888
}