{
    "class": "knife",
    "x1": 0.3546875,
    "y1": 0.7444444444444445,
    "x2": 0.11875,
    "y2": 0.11944444444444445
}