{
    "class": "knife",
    "x1": 0.636328125,
    "y1": 0.29444444444444445,
    "x2": 0.11953125,
    "y2": 0.075
}