{
    "class": "knife",
    "x1": 0.374609375,
    "y1": 0.8090277777777778,
    "x2": 0.12265625,
    "y2": 0.09305555555555556
}