{
    "class": "knife",
    "x1": 0.495703125,
    "y1": 0.5854166666666667,
    "x2": 0.11171875,
    "y2": 0.09583333333333334
}