{
    "class": "knife",
    "x1": 0.70234375,
    "y1": 0.5354166666666667,
    "x2": 0.05,
    "y2": 0.20416666666666666
}