{
    "class": "knife",
    "x1": 0.09296875,
    "y1": 0.6604166666666667,
    "x2": 0.1796875,
    "y2": 0.14027777777777778
}