{
    "class": "knife",
    "x1": 0.316015625,
    "y1": 0.6597222222222222,
    "x2": 0.12890625,
    "y2": 0.10277777777777777
}