{
    "class": "knife",
    "x1": 0.487109375,
    "y1": 0.6236111111111111,
    "x2": 0.12109375,
    "y2": 0.09722222222222222
}