{
    "class": "knife",
    "x1": 0.544921875,
    "y1": 0.6534722222222222,
    "x2": 0.12421875,
    "y2": 0.10138888888888889
}