{
    "class": "knife",
    "x1": 0.536328125,
    "y1": 0.6763888888888889,
    "x2": 0.05859375,
    "y2": 0.14444444444444443
}