{
    "class": "knife",
    "x1": 0.46484375,
    "y1": 0.4666666666666667,
    "x2": 0.140625,
    "y2": 0.14166666666666666
}