{
    "class": "knife",
    "x1": 0.76171875,
    "y1": 0.5368055555555555,
    "x2": 0.0484375,
    "y2": 0.2708333333333333
}