{
    "class": "knife",
    "x1": 0.294921875,
    "y1": 0.8090277777777778,
    "x2": 0.17265625,
    "y2": 0.10416666666666667
}