{
    "class": "knife",
    "x1": 0.35078125,
    "y1": 0.28402777777777777,
    "x2": 0.1109375,
    "y2": 0.15694444444444444
}