{
    "class": "knife",
    "x1": 0.43671875,
    "y1": 0.5944444444444444,
    "x2": 0.13125,
    "y2": 0.1388888888888889
}