{
    "class": "knife",
    "x1": 0.599609375,
    "y1": 0.6326388888888889,
    "x2": 0.14609375,
    "y2": 0.14583333333333334
}