{
    "class": "knife",
    "x1": 0.44609375,
    "y1": 0.3034722222222222,
    "x2": 0.071875,
    "y2": 0.15138888888888888
}