{
    "class": "knife",
    "x1": 0.253515625,
    "y1": 0.6458333333333334,
    "x2": 0.23203125,
    "y2": 0.15
}