{
    "class": "knife",
    "x1": 0.67734375,
    "y1": 0.6847222222222222,
    "x2": 0.125,
    "y2": 0.075
}