{
    "class": "knife",
    "x1": 0.760546875,
    "y1": 0.61875,
    "x2": 0.07421875,
    "y2": 0.3013888888888889
}