{
    "class": "knife",
    "x1": 0.48828125,
    "y1": 0.7243055555555555,
    "x2": 0.1234375,
    "y2": 0.09027777777777778
}