{
    "class": "knife",
    "x1": 0.659375,
    "y1": 0.33194444444444443,
    "x2": 0.1109375,
    "y2": 0.06388888888888888
}