{
    "class": "knife",
    "x1": 0.453125,
    "y1": 0.6618055555555555,
    "x2": 0.096875,
    "y2": 0.1486111111111111
}