{
    "class": "knife",
    "x1": 0.4515625,
    "y1": 0.44375,
    "x2": 0.14375,
    "y2": 0.14305555555555555
}