{
    "class": "knife",
    "x1": 0.512890625,
    "y1": 0.5854166666666667,
    "x2": 0.13515625,
    "y2": 0.09583333333333334
}