{
    "class": "knife",
    "x1": 0.469921875,
    "y1": 0.46944444444444444,
    "x2": 0.13671875,
    "y2": 0.1388888888888889
}