{
    "class": "knife",
    "x1": 0.728515625,
    "y1": 0.525,
    "x2": 0.13515625,
    "y2": 0.07222222222222222
}