{
    "class": "knife",
    "x1": 0.36796875,
    "y1": 0.4638888888888889,
    "x2": 0.0953125,
    "y2": 0.20555555555555555
}