{
    "class": "knife",
    "x1": 0.378125,
    "y1": 0.7694444444444445,
    "x2": 0.11875,
    "y2": 0.06388888888888888
}