{
    "class": "knife",
    "x1": 0.467578125,
    "y1": 0.6861111111111111,
    "x2": 0.13671875,
    "y2": 0.09166666666666666
}