{
    "class": "knife",
    "x1": 0.406640625,
    "y1": 0.6819444444444445,
    "x2": 0.13671875,
    "y2": 0.1361111111111111
}