{
    "class": "knife",
    "x1": 0.5109375,
    "y1": 0.575,
    "x2": 0.1109375,
    "y2": 0.09722222222222222
}