{
    "class": "knife",
    "x1": 0.6703125,
    "y1": 0.6381944444444444,
    "x2": 0.159375,
    "y2": 0.15694444444444444
}