{
    "class": "knife",
    "x1": 0.517578125,
    "y1": 0.6694444444444444,
    "x2": 0.13515625,
    "y2": 0.10277777777777777
}