{
    "class": "knife",
    "x1": 0.5796875,
    "y1": 0.7381944444444445,
    "x2": 0.11875,
    "y2": 0.08194444444444444
}