{
    "class": "knife",
    "x1": 0.5734375,
    "y1": 0.7402777777777778,
    "x2": 0.115625,
    "y2": 0.05277777777777778
}