{
    "class": "knife",
    "x1": 0.521484375,
    "y1": 0.625,
    "x2": 0.13984375,
    "y2": 0.10277777777777777
}