{
    "class": "knife",
    "x1": 0.491796875,
    "y1": 0.5944444444444444,
    "x2": 0.10390625,
    "y2": 0.09166666666666666
}