{
    "class": "knife",
    "x1": 0.465234375,
    "y1": 0.6923611111111111,
    "x2": 0.13671875,
    "y2": 0.09305555555555556
}