{
    "class": "knife",
    "x1": 0.401953125,
    "y1": 0.34097222222222223,
    "x2": 0.13046875,
    "y2": 0.15138888888888888
}