{
    "class": "knife",
    "x1": 0.146484375,
    "y1": 0.6673611111111111,
    "x2": 0.04765625,
    "y2": 0.20694444444444443
}