{
    "class": "knife",
    "x1": 0.516015625,
    "y1": 0.5444444444444444,
    "x2": 0.10546875,
    "y2": 0.1111111111111111
}