{
    "class": "knife",
    "x1": 0.37265625,
    "y1": 0.4479166666666667,
    "x2": 0.0671875,
    "y2": 0.1763888888888889
}