{
    "class": "knife",
    "x1": 0.339453125,
    "y1": 0.7826388888888889,
    "x2": 0.14140625,
    "y2": 0.12916666666666668
}