{
    "class": "knife",
    "x1": 0.745703125,
    "y1": 0.6083333333333333,
    "x2": 0.03984375,
    "y2": 0.275
}