{
    "class": "knife",
    "x1": 0.144140625,
    "y1": 0.7638888888888888,
    "x2": 0.13828125,
    "y2": 0.12777777777777777
}