{
    "class": "knife",
    "x1": 0.3640625,
    "y1": 0.73125,
    "x2": 0.1203125,
    "y2": 0.07916666666666666
}