{
    "class": "knife",
    "x1": 0.7625,
    "y1": 0.5097222222222222,
    "x2": 0.05625,
    "y2": 0.2722222222222222
}