{
    "class": "knife",
    "x1": 0.915625,
    "y1": 0.71875,
    "x2": 0.0765625,
    "y2": 0.1986111111111111
}