{
    "class": "knife",
    "x1": 0.521875,
    "y1": 0.5472222222222223,
    "x2": 0.1046875,
    "y2": 0.10555555555555556
}