{
    "class": "knife",
    "x1": 0.327734375,
    "y1": 0.2701388888888889,
    "x2": 0.10703125,
    "y2": 0.14305555555555555
}