{
    "class": "knife",
    "x1": 0.568359375,
    "y1": 0.15833333333333333,
    "x2": 0.11796875,
    "y2": 0.1361111111111111
}