{
    "class": "knife",
    "x1": 0.25859375,
    "y1": 0.6534722222222222,
    "x2": 0.0890625,
    "y2": 0.16527777777777777
}