{
    "class": "knife",
    "x1": 0.4640625,
    "y1": 0.7576388888888889,
    "x2": 0.1515625,
    "y2": 0.11805555555555555
}