{
    "class": "knife",
    "x1": 0.9171875,
    "y1": 0.5520833333333334,
    "x2": 0.04375,
    "y2": 0.21805555555555556
}