{
    "class": "knife",
    "x1": 0.465234375,
    "y1": 0.6534722222222222,
    "x2": 0.05390625,
    "y2": 0.20972222222222223
}