{
    "class": "knife",
    "x1": 0.515234375,
    "y1": 0.5527777777777778,
    "x2": 0.11171875,
    "y2": 0.09722222222222222
}