{
    "class": "knife",
    "x1": 0.31171875,
    "y1": 0.7847222222222222,
    "x2": 0.1171875,
    "y2": 0.09722222222222222
}