{
    "class": "knife",
    "x1": 0.627734375,
    "y1": 0.3229166666666667,
    "x2": 0.08984375,
    "y2": 0.12638888888888888
}