{
    "class": "knife",
    "x1": 0.47578125,
    "y1": 0.4597222222222222,
    "x2": 0.1484375,
    "y2": 0.1388888888888889
}