{
    "class": "knife",
    "x1": 0.291796875,
    "y1": 0.3819444444444444,
    "x2": 0.13515625,
    "y2": 0.10277777777777777
}