{
    "class": "knife",
    "x1": 0.446875,
    "y1": 0.44027777777777777,
    "x2": 0.14375,
    "y2": 0.1527777777777778
}