{
    "class": "knife",
    "x1": 0.1109375,
    "y1": 0.19722222222222222,
    "x2": 0.1546875,
    "y2": 0.15
}