{
    "class": "knife",
    "x1": 0.36015625,
    "y1": 0.15694444444444444,
    "x2": 0.1265625,
    "y2": 0.1527777777777778
}