{
    "class": "knife",
    "x1": 0.320703125,
    "y1": 0.3597222222222222,
    "x2": 0.10546875,
    "y2": 0.14166666666666666
}