{
    "class": "knife",
    "x1": 0.75546875,
    "y1": 0.6923611111111111,
    "x2": 0.0421875,
    "y2": 0.28194444444444444
}