{
    "class": "knife",
    "x1": 0.3140625,
    "y1": 0.39444444444444443,
    "x2": 0.0953125,
    "y2": 0.14444444444444443
}