{
    "class": "knife",
    "x1": 0.40546875,
    "y1": 0.3659722222222222,
    "x2": 0.1328125,
    "y2": 0.16805555555555557
}