{
    "class": "knife",
    "x1": 0.762109375,
    "y1": 0.38819444444444445,
    "x2": 0.10703125,
    "y2": 0.20972222222222223
}