{
    "class": "knife",
    "x1": 0.5546875,
    "y1": 0.7604166666666666,
    "x2": 0.234375,
    "y2": 0.15138888888888888
}