{
    "class": "knife",
    "x1": 0.31875,
    "y1": 0.6548611111111111,
    "x2": 0.0859375,
    "y2": 0.12361111111111112
}