{
    "class": "knife",
    "x1": 0.52265625,
    "y1": 0.6402777777777777,
    "x2": 0.140625,
    "y2": 0.09444444444444444
}