{
    "class": "knife",
    "x1": 0.30234375,
    "y1": 0.7319444444444444,
    "x2": 0.1109375,
    "y2": 0.09166666666666666
}