{
    "class": "knife",
    "x1": 0.659375,
    "y1": 0.4597222222222222,
    "x2": 0.1671875,
    "y2": 0.12222222222222222
}