{
    "class": "knife",
    "x1": 0.773828125,
    "y1": 0.5576388888888889,
    "x2": 0.11953125,
    "y2": 0.38472222222222224
}