{
    "class": "knife",
    "x1": 0.19453125,
    "y1": 0.7944444444444444,
    "x2": 0.103125,
    "y2": 0.14444444444444443
}