{
    "class": "knife",
    "x1": 0.438671875,
    "y1": 0.7430555555555556,
    "x2": 0.15703125,
    "y2": 0.12222222222222222
}