{
    "class": "knife",
    "x1": 0.5203125,
    "y1": 0.7069444444444445,
    "x2": 0.1140625,
    "y2": 0.07777777777777778
}