{
    "class": "knife",
    "x1": 0.42109375,
    "y1": 0.8013888888888889,
    "x2": 0.1109375,
    "y2": 0.06944444444444445
}