{
    "class": "knife",
    "x1": 0.49296875,
    "y1": 0.6729166666666667,
    "x2": 0.1203125,
    "y2": 0.09861111111111111
}