{
    "class": "knife",
    "x1": 0.32734375,
    "y1": 0.7027777777777777,
    "x2": 0.096875,
    "y2": 0.175
}