{
    "class": "knife",
    "x1": 0.68203125,
    "y1": 0.6423611111111112,
    "x2": 0.1265625,
    "y2": 0.12083333333333333
}