{
    "class": "knife",
    "x1": 0.514453125,
    "y1": 0.68125,
    "x2": 0.05390625,
    "y2": 0.24027777777777778
}