{
    "class": "knife",
    "x1": 0.5328125,
    "y1": 0.6444444444444445,
    "x2": 0.153125,
    "y2": 0.16111111111111112
}