{
    "class": "knife",
    "x1": 0.352734375,
    "y1": 0.7715277777777778,
    "x2": 0.16796875,
    "y2": 0.09861111111111111
}