{
    "class": "knife",
    "x1": 0.519140625,
    "y1": 0.09027777777777778,
    "x2": 0.10234375,
    "y2": 0.10833333333333334
}