{
    "class": "knife",
    "x1": 0.36640625,
    "y1": 0.19930555555555557,
    "x2": 0.11875,
    "y2": 0.1763888888888889
}