{
    "class": "knife",
    "x1": 0.34140625,
    "y1": 0.4618055555555556,
    "x2": 0.0640625,
    "y2": 0.19583333333333333
}