{
    "class": "knife",
    "x1": 0.415234375,
    "y1": 0.7784722222222222,
    "x2": 0.14453125,
    "y2": 0.10694444444444444
}