{
    "class": "knife",
    "x1": 0.516796875,
    "y1": 0.64375,
    "x2": 0.13984375,
    "y2": 0.09305555555555556
}