{
    "class": "knife",
    "x1": 0.4953125,
    "y1": 0.5951388888888889,
    "x2": 0.1046875,
    "y2": 0.09305555555555556
}