{
    "class": "knife",
    "x1": 0.512109375,
    "y1": 0.6333333333333333,
    "x2": 0.11015625,
    "y2": 0.1
}