{
    "class": "knife",
    "x1": 0.383203125,
    "y1": 0.7659722222222223,
    "x2": 0.12265625,
    "y2": 0.059722222222222225
}