{
    "class": "knife",
    "x1": 0.4984375,
    "y1": 0.49930555555555556,
    "x2": 0.05,
    "y2": 0.19027777777777777
}