{
    "class": "knife",
    "x1": 0.483984375,
    "y1": 0.69375,
    "x2": 0.08984375,
    "y2": 0.12638888888888888
}