{
    "class": "knife",
    "x1": 0.556640625,
    "y1": 0.7979166666666667,
    "x2": 0.16484375,
    "y2": 0.10138888888888889
}