{
    "class": "knife",
    "x1": 0.493359375,
    "y1": 0.6944444444444444,
    "x2": 0.13359375,
    "y2": 0.10833333333333334
}