{
    "class": "knife",
    "x1": 0.343359375,
    "y1": 0.48333333333333334,
    "x2": 0.06015625,
    "y2": 0.2
}