{
    "class": "knife",
    "x1": 0.341015625,
    "y1": 0.6555555555555556,
    "x2": 0.09453125,
    "y2": 0.08055555555555556
}