{
    "class": "knife",
    "x1": 0.501171875,
    "y1": 0.6048611111111111,
    "x2": 0.05390625,
    "y2": 0.18472222222222223
}