{
    "class": "knife",
    "x1": 0.473828125,
    "y1": 0.6041666666666666,
    "x2": 0.05703125,
    "y2": 0.18055555555555555
}