{
    "class": "knife",
    "x1": 0.62265625,
    "y1": 0.2520833333333333,
    "x2": 0.1484375,
    "y2": 0.11805555555555555
}