{
    "class": "knife",
    "x1": 0.519140625,
    "y1": 0.8270833333333333,
    "x2": 0.12109375,
    "y2": 0.09305555555555556
}