{
    "class": "knife",
    "x1": 0.404296875,
    "y1": 0.37222222222222223,
    "x2": 0.13046875,
    "y2": 0.16944444444444445
}