{
    "class": "knife",
    "x1": 0.343359375,
    "y1": 0.6152777777777778,
    "x2": 0.09453125,
    "y2": 0.125
}