{
    "class": "knife",
    "x1": 0.521875,
    "y1": 0.6041666666666666,
    "x2": 0.103125,
    "y2": 0.11944444444444445
}