{
    "class": "knife",
    "x1": 0.78125,
    "y1": 0.5965277777777778,
    "x2": 0.0921875,
    "y2": 0.3013888888888889
}