{
    "class": "knife",
    "x1": 0.8984375,
    "y1": 0.4597222222222222,
    "x2": 0.071875,
    "y2": 0.20833333333333334
}