{
    "class": "knife",
    "x1": 0.47109375,
    "y1": 0.4722222222222222,
    "x2": 0.14375,
    "y2": 0.1527777777777778
}