{
    "class": "knife",
    "x1": 0.4609375,
    "y1": 0.8104166666666667,
    "x2": 0.1515625,
    "y2": 0.09583333333333334
}