{
    "class": "knife",
    "x1": 0.462890625,
    "y1": 0.6145833333333334,
    "x2": 0.15546875,
    "y2": 0.12361111111111112
}