{
    "class": "knife",
    "x1": 0.584765625,
    "y1": 0.7444444444444445,
    "x2": 0.11171875,
    "y2": 0.08333333333333333
}