{
    "class": "knife",
    "x1": 0.4703125,
    "y1": 0.48055555555555557,
    "x2": 0.1421875,
    "y2": 0.14444444444444443
}