{
    "class": "knife",
    "x1": 0.5015625,
    "y1": 0.5638888888888889,
    "x2": 0.1046875,
    "y2": 0.1111111111111111
}