{
    "class": "knife",
    "x1": 0.74140625,
    "y1": 0.3263888888888889,
    "x2": 0.1203125,
    "y2": 0.19166666666666668
}