{
    "class": "knife",
    "x1": 0.68359375,
    "y1": 0.6972222222222222,
    "x2": 0.1234375,
    "y2": 0.06944444444444445
}