{
    "class": "knife",
    "x1": 0.718359375,
    "y1": 0.28125,
    "x2": 0.12421875,
    "y2": 0.16805555555555557
}