{
    "class": "knife",
    "x1": 0.391015625,
    "y1": 0.7645833333333333,
    "x2": 0.12109375,
    "y2": 0.07083333333333333
}