{
    "class": "knife",
    "x1": 0.440234375,
    "y1": 0.8020833333333334,
    "x2": 0.14765625,
    "y2": 0.10694444444444444
}