{
    "class": "knife",
    "x1": 0.330078125,
    "y1": 0.2673611111111111,
    "x2": 0.10859375,
    "y2": 0.1597222222222222
}