{
    "class": "knife",
    "x1": 0.658984375,
    "y1": 0.5291666666666667,
    "x2": 0.16171875,
    "y2": 0.14166666666666666
}