{
    "class": "knife",
    "x1": 0.383984375,
    "y1": 0.22430555555555556,
    "x2": 0.11328125,
    "y2": 0.19027777777777777
}