{
    "class": "knife",
    "x1": 0.32421875,
    "y1": 0.3145833333333333,
    "x2": 0.125,
    "y2": 0.13194444444444445
}