{
    "class": "knife",
    "x1": 0.453515625,
    "y1": 0.74375,
    "x2": 0.12109375,
    "y2": 0.07916666666666666
}