{
    "class": "knife",
    "x1": 0.645703125,
    "y1": 0.7194444444444444,
    "x2": 0.14921875,
    "y2": 0.10555555555555556
}