{
    "class": "knife",
    "x1": 0.2484375,
    "y1": 0.8284722222222223,
    "x2": 0.2640625,
    "y2": 0.27361111111111114
}