{
    "class": "knife",
    "x1": 0.45625,
    "y1": 0.7041666666666667,
    "x2": 0.1390625,
    "y2": 0.10555555555555556
}