{
    "class": "knife",
    "x1": 0.62890625,
    "y1": 0.42083333333333334,
    "x2": 0.1703125,
    "y2": 0.13055555555555556
}