{
    "class": "knife",
    "x1": 0.56015625,
    "y1": 0.6805555555555556,
    "x2": 0.11875,
    "y2": 0.09166666666666666
}