{
    "class": "knife",
    "x1": 0.317578125,
    "y1": 0.3729166666666667,
    "x2": 0.09765625,
    "y2": 0.14583333333333334
}