{
    "class": "knife",
    "x1": 0.546875,
    "y1": 0.7284722222222222,
    "x2": 0.1203125,
    "y2": 0.059722222222222225
}