{
    "class": "knife",
    "x1": 0.533203125,
    "y1": 0.7479166666666667,
    "x2": 0.12890625,
    "y2": 0.07361111111111111
}