{
    "class": "knife",
    "x1": 0.909765625,
    "y1": 0.5159722222222223,
    "x2": 0.05234375,
    "y2": 0.22361111111111112
}