{
    "class": "knife",
    "x1": 0.6765625,
    "y1": 0.5694444444444444,
    "x2": 0.0421875,
    "y2": 0.2
}