{
    "class": "knife",
    "x1": 0.107421875,
    "y1": 0.8465277777777778,
    "x2": 0.10390625,
    "y2": 0.22361111111111112
}