{
    "class": "knife",
    "x1": 0.407421875,
    "y1": 0.6909722222222222,
    "x2": 0.15859375,
    "y2": 0.13194444444444445
}