{
    "class": "knife",
    "x1": 0.350390625,
    "y1": 0.6423611111111112,
    "x2": 0.06328125,
    "y2": 0.17083333333333334
}