{
    "class": "knife",
    "x1": 0.4265625,
    "y1": 0.4111111111111111,
    "x2": 0.1359375,
    "y2": 0.15
}