{
    "class": "knife",
    "x1": 0.517578125,
    "y1": 0.6666666666666666,
    "x2": 0.13046875,
    "y2": 0.08333333333333333
}