{
    "class": "knife",
    "x1": 0.310546875,
    "y1": 0.6305555555555555,
    "x2": 0.11796875,
    "y2": 0.058333333333333334
}