{
    "class": "knife",
    "x1": 0.88671875,
    "y1": 0.4201388888888889,
    "x2": 0.084375,
    "y2": 0.2013888888888889
}