{
    "class": "knife",
    "x1": 0.51875,
    "y1": 0.6673611111111111,
    "x2": 0.134375,
    "y2": 0.09861111111111111
}