{
    "class": "knife",
    "x1": 0.5203125,
    "y1": 0.6159722222222223,
    "x2": 0.1359375,
    "y2": 0.09305555555555556
}