{
    "class": "knife",
    "x1": 0.3265625,
    "y1": 0.33819444444444446,
    "x2": 0.1046875,
    "y2": 0.13472222222222222
}