{
    "class": "knife",
    "x1": 0.5145833333333333,
    "y1": 0.6059633027522936,
    "x2": 0.05416666666666667,
    "y2": 0.12201834862385322
}