{
    "class": "knife",
    "x1": 0.21927083333333333,
    "y1": 0.4577981651376147,
    "x2": 0.07083333333333333,
    "y2": 0.08623853211009175
}