{
    "class": "knife",
    "x1": 0.66953125,
    "y1": 0.5311926605504587,
    "x2": 0.03697916666666667,
    "y2": 0.1577981651376147
}