{
    "class": "knife",
    "x1": 0.6890625,
    "y1": 0.6321100917431193,
    "x2": 0.06979166666666667,
    "y2": 0.11376146788990826
}