{
    "class": "knife",
    "x1": 0.13828125,
    "y1": 0.6412844036697247,
    "x2": 0.0953125,
    "y2": 0.04220183486238532
}