{
    "class": "knife",
    "x1": 0.7330729166666666,
    "y1": 0.5091743119266054,
    "x2": 0.06302083333333333,
    "y2": 0.1614678899082569
}