{
    "class": "knife",
    "x1": 0.4973958333333333,
    "y1": 0.5724770642201835,
    "x2": 0.071875,
    "y2": 0.10642201834862386
}