{
    "class": "knife",
    "x1": 0.29348958333333336,
    "y1": 0.5756880733944955,
    "x2": 0.0765625,
    "y2": 0.07431192660550459
}