{
    "class": "knife",
    "x1": 0.7721354166666666,
    "y1": 0.6518348623853211,
    "x2": 0.08177083333333333,
    "y2": 0.13669724770642203
}