{
    "class": "knife",
    "x1": 0.5955729166666667,
    "y1": 0.6045871559633027,
    "x2": 0.07135416666666666,
    "y2": 0.12844036697247707
}