{
    "class": "knife",
    "x1": 0.5486979166666667,
    "y1": 0.5596330275229358,
    "x2": 0.06197916666666667,
    "y2": 0.13944954128440368
}