{
    "class": "knife",
    "x1": 0.68125,
    "y1": 0.7339449541284404,
    "x2": 0.059375,
    "y2": 0.12293577981651377
}