{
    "class": "knife",
    "x1": 0.40625,
    "y1": 0.49311926605504586,
    "x2": 0.04895833333333333,
    "y2": 0.12385321100917432
}