{
    "class": "knife",
    "x1": 0.4361979166666667,
    "y1": 0.5321100917431193,
    "x2": 0.0421875,
    "y2": 0.12293577981651377
}