{
    "class": "knife",
    "x1": 0.22604166666666667,
    "y1": 0.6642201834862386,
    "x2": 0.084375,
    "y2": 0.044036697247706424
}