{
    "class": "knife",
    "x1": 0.3768229166666667,
    "y1": 0.48669724770642203,
    "x2": 0.05677083333333333,
    "y2": 0.13486238532110092
}