{
    "class": "knife",
    "x1": 0.5934895833333333,
    "y1": 0.5325688073394496,
    "x2": 0.043229166666666666,
    "y2": 0.15137614678899083
}