{
    "class": "knife",
    "x1": 0.5481770833333334,
    "y1": 0.5013761467889908,
    "x2": 0.0359375,
    "y2": 0.11834862385321102
}