{
    "class": "knife",
    "x1": 0.36666666666666664,
    "y1": 0.5330275229357798,
    "x2": 0.06666666666666667,
    "y2": 0.09174311926605505
}