{
    "class": "knife",
    "x1": 0.2559895833333333,
    "y1": 0.4279816513761468,
    "x2": 0.05677083333333333,
    "y2": 0.0908256880733945
}