{
    "class": "knife",
    "x1": 0.43645833333333334,
    "y1": 0.4935779816513762,
    "x2": 0.03333333333333333,
    "y2": 0.11376146788990826
}