{
    "class": "knife",
    "x1": 0.5140625,
    "y1": 0.49587155963302754,
    "x2": 0.03333333333333333,
    "y2": 0.16788990825688074
}