{
    "class": "knife",
    "x1": 0.17005208333333333,
    "y1": 0.7669724770642202,
    "x2": 0.07552083333333333,
    "y2": 0.10642201834862386
}