{
    "class": "knife",
    "x1": 0.30390625,
    "y1": 0.4298165137614679,
    "x2": 0.050520833333333334,
    "y2": 0.0963302752293578
}