{
    "class": "knife",
    "x1": 0.5244791666666667,
    "y1": 0.5169724770642202,
    "x2": 0.029166666666666667,
    "y2": 0.14954128440366973
}