{
    "class": "knife",
    "x1": 0.45859375,
    "y1": 0.6155963302752293,
    "x2": 0.0453125,
    "y2": 0.07706422018348624
}