{
    "class": "knife",
    "x1": 0.42916666666666664,
    "y1": 0.4541284403669725,
    "x2": 0.042708333333333334,
    "y2": 0.10825688073394496
}