{
    "class": "knife",
    "x1": 0.6661458333333333,
    "y1": 0.4990825688073395,
    "x2": 0.025,
    "y2": 0.12110091743119267
}