{
    "class": "knife",
    "x1": 0.6109375,
    "y1": 0.5495412844036697,
    "x2": 0.0375,
    "y2": 0.11192660550458716
}