{
    "class": "knife",
    "x1": 0.8765625,
    "y1": 0.544954128440367,
    "x2": 0.06041666666666667,
    "y2": 0.09908256880733946
}