{
    "class": "knife",
    "x1": 0.29348958333333336,
    "y1": 0.6555045871559633,
    "x2": 0.06302083333333333,
    "y2": 0.04862385321100918
}