{
    "class": "knife",
    "x1": 0.14973958333333334,
    "y1": 0.805045871559633,
    "x2": 0.06302083333333333,
    "y2": 0.07247706422018349
}