{
    "class": "knife",
    "x1": 0.5057291666666667,
    "y1": 0.48990825688073397,
    "x2": 0.04791666666666667,
    "y2": 0.08623853211009175
}