{
    "class": "knife",
    "x1": 0.725,
    "y1": 0.49587155963302754,
    "x2": 0.053125,
    "y2": 0.0853211009174312
}