{
    "class": "knife",
    "x1": 0.3502604166666667,
    "y1": 0.6270642201834863,
    "x2": 0.05260416666666667,
    "y2": 0.05963302752293578
}