{
    "class": "knife",
    "x1": 0.23255208333333333,
    "y1": 0.481651376146789,
    "x2": 0.0390625,
    "y2": 0.060550458715596334
}