{
    "class": "knife",
    "x1": 0.6333333333333333,
    "y1": 0.6220183486238532,
    "x2": 0.04791666666666667,
    "y2": 0.08623853211009175
}