{
    "class": "knife",
    "x1": 0.76640625,
    "y1": 0.5935779816513761,
    "x2": 0.0640625,
    "y2": 0.13027522935779817
}