{
    "class": "knife",
    "x1": 0.7669270833333334,
    "y1": 0.5165137614678899,
    "x2": 0.06197916666666667,
    "y2": 0.09357798165137615
}