{
    "class": "knife",
    "x1": 0.6221354166666667,
    "y1": 0.555045871559633,
    "x2": 0.0421875,
    "y2": 0.11743119266055047
}