{
    "class": "knife",
    "x1": 0.45729166666666665,
    "y1": 0.48440366972477067,
    "x2": 0.04791666666666667,
    "y2": 0.08807339449541285
}