{
    "class": "knife",
    "x1": 0.69296875,
    "y1": 0.49128440366972476,
    "x2": 0.0546875,
    "y2": 0.1018348623853211
}