{
    "class": "knife",
    "x1": 0.8015625,
    "y1": 0.5096330275229358,
    "x2": 0.030208333333333334,
    "y2": 0.12935779816513762
}