{
    "class": "knife",
    "x1": 0.5125,
    "y1": 0.5041284403669725,
    "x2": 0.03333333333333333,
    "y2": 0.14403669724770643
}