{
    "class": "knife",
    "x1": 0.5890625,
    "y1": 0.5573394495412844,
    "x2": 0.05520833333333333,
    "y2": 0.11467889908256881
}