{
    "class": "knife",
    "x1": 0.20026041666666666,
    "y1": 0.5105504587155963,
    "x2": 0.05364583333333333,
    "y2": 0.06513761467889909
}