{
    "class": "knife",
    "x1": 0.5833333333333334,
    "y1": 0.44678899082568807,
    "x2": 0.052083333333333336,
    "y2": 0.07155963302752294
}