{
    "class": "knife",
    "x1": 0.62890625,
    "y1": 0.4463302752293578,
    "x2": 0.0578125,
    "y2": 0.10917431192660551
}