{
    "class": "knife",
    "x1": 0.5122395833333333,
    "y1": 0.4701834862385321,
    "x2": 0.0421875,
    "y2": 0.0981651376146789
}