{
    "class": "knife",
    "x1": 0.5950520833333334,
    "y1": 0.5073394495412844,
    "x2": 0.058854166666666666,
    "y2": 0.12293577981651377
}