{
    "class": "knife",
    "x1": 0.50234375,
    "y1": 0.4706422018348624,
    "x2": 0.05260416666666667,
    "y2": 0.11009174311926606
}