{
    "class": "knife",
    "x1": 0.6846354166666667,
    "y1": 0.47706422018348627,
    "x2": 0.06927083333333334,
    "y2": 0.07706422018348624
}