{
    "class": "knife",
    "x1": 0.64296875,
    "y1": 0.47339449541284406,
    "x2": 0.058854166666666666,
    "y2": 0.10275229357798166
}