{
    "class": "knife",
    "x1": 0.63125,
    "y1": 0.4779816513761468,
    "x2": 0.029166666666666667,
    "y2": 0.1761467889908257
}