{
    "class": "knife",
    "x1": 0.16796875,
    "y1": 0.4610091743119266,
    "x2": 0.050520833333333334,
    "y2": 0.06330275229357799
}