{
    "class": "knife",
    "x1": 0.27890625,
    "y1": 0.7077981651376147,
    "x2": 0.06614583333333333,
    "y2": 0.05412844036697248
}