{
    "class": "knife",
    "x1": 0.59765625,
    "y1": 0.5394495412844037,
    "x2": 0.033854166666666664,
    "y2": 0.11926605504587157
}