{
    "class": "knife",
    "x1": 0.64140625,
    "y1": 0.4972477064220184,
    "x2": 0.06927083333333334,
    "y2": 0.11009174311926606
}