{
    "class": "knife",
    "x1": 0.5747395833333333,
    "y1": 0.563302752293578,
    "x2": 0.027604166666666666,
    "y2": 0.14495412844036698
}