{
    "class": "knife",
    "x1": 0.6049479166666667,
    "y1": 0.5426605504587156,
    "x2": 0.0390625,
    "y2": 0.11284403669724771
}