{
    "class": "knife",
    "x1": 0.65625,
    "y1": 0.4701834862385321,
    "x2": 0.051041666666666666,
    "y2": 0.07614678899082569
}