{
    "class": "knife",
    "x1": 0.41953125,
    "y1": 0.6325688073394495,
    "x2": 0.05677083333333333,
    "y2": 0.06330275229357799
}