{
    "class": "knife",
    "x1": 0.4864583333333333,
    "y1": 0.4688073394495413,
    "x2": 0.052083333333333336,
    "y2": 0.14862385321100918
}