{
    "class": "knife",
    "x1": 0.6880208333333333,
    "y1": 0.4908256880733945,
    "x2": 0.0625,
    "y2": 0.11376146788990826
}