{
    "class": "knife",
    "x1": 0.6692708333333334,
    "y1": 0.5697247706422018,
    "x2": 0.065625,
    "y2": 0.08256880733944955
}