{
    "class": "knife",
    "x1": 0.47604166666666664,
    "y1": 0.47293577981651375,
    "x2": 0.04479166666666667,
    "y2": 0.0889908256880734
}