{
    "class": "knife",
    "x1": 0.4236979166666667,
    "y1": 0.48394495412844035,
    "x2": 0.05260416666666667,
    "y2": 0.10550458715596331
}