{
    "class": "knife",
    "x1": 0.8786458333333333,
    "y1": 0.5224770642201835,
    "x2": 0.041666666666666664,
    "y2": 0.14587155963302753
}