{
    "class": "knife",
    "x1": 0.3424479166666667,
    "y1": 0.4871559633027523,
    "x2": 0.0484375,
    "y2": 0.09724770642201835
}