{
    "class": "knife",
    "x1": 0.29713541666666665,
    "y1": 0.4596330275229358,
    "x2": 0.059895833333333336,
    "y2": 0.13211009174311927
}