{
    "class": "knife",
    "x1": 0.5950520833333334,
    "y1": 0.5825688073394495,
    "x2": 0.07239583333333334,
    "y2": 0.12110091743119267
}