{
    "class": "knife",
    "x1": 0.3072916666666667,
    "y1": 0.8169724770642202,
    "x2": 0.08958333333333333,
    "y2": 0.0908256880733945
}