{
    "class": "knife",
    "x1": 0.21223958333333334,
    "y1": 0.5811926605504587,
    "x2": 0.0671875,
    "y2": 0.06697247706422019
}