{
    "class": "knife",
    "x1": 0.54765625,
    "y1": 0.5889908256880734,
    "x2": 0.05677083333333333,
    "y2": 0.11009174311926606
}