{
    "class": "knife",
    "x1": 0.17057291666666666,
    "y1": 0.8697247706422019,
    "x2": 0.09010416666666667,
    "y2": 0.11192660550458716
}