{
    "class": "knife",
    "x1": 0.3614583333333333,
    "y1": 0.7380733944954129,
    "x2": 0.09583333333333334,
    "y2": 0.044954128440366975
}