{
    "class": "knife",
    "x1": 0.6708333333333333,
    "y1": 0.5504587155963303,
    "x2": 0.06979166666666667,
    "y2": 0.11926605504587157
}