{
    "class": "knife",
    "x1": 0.7458333333333333,
    "y1": 0.5596330275229358,
    "x2": 0.035416666666666666,
    "y2": 0.15229357798165138
}