{
    "class": "knife",
    "x1": 0.68359375,
    "y1": 0.5610091743119267,
    "x2": 0.04635416666666667,
    "y2": 0.17155963302752295
}