{
    "class": "knife",
    "x1": 0.27421875,
    "y1": 0.846788990825688,
    "x2": 0.08489583333333334,
    "y2": 0.10825688073394496
}