{
    "class": "knife",
    "x1": 0.15,
    "y1": 0.6288990825688073,
    "x2": 0.0875,
    "y2": 0.05596330275229358
}