{
    "class": "knife",
    "x1": 0.1109375,
    "y1": 0.7091743119266055,
    "x2": 0.1,
    "y2": 0.044036697247706424
}