{
    "class": "knife",
    "x1": 0.29609375,
    "y1": 0.48073394495412847,
    "x2": 0.04635416666666667,
    "y2": 0.08990825688073395
}