{
    "class": "knife",
    "x1": 0.40130208333333334,
    "y1": 0.668348623853211,
    "x2": 0.08385416666666666,
    "y2": 0.0889908256880734
}