{
    "class": "knife",
    "x1": 0.6807291666666667,
    "y1": 0.6371559633027523,
    "x2": 0.03125,
    "y2": 0.12385321100917432
}