{
    "class": "knife",
    "x1": 0.39036458333333335,
    "y1": 0.823394495412844,
    "x2": 0.058854166666666666,
    "y2": 0.081651376146789
}