{
    "class": "knife",
    "x1": 0.5674479166666667,
    "y1": 0.4577981651376147,
    "x2": 0.058854166666666666,
    "y2": 0.08990825688073395
}