{
    "class": "knife",
    "x1": 0.1859375,
    "y1": 0.9188073394495413,
    "x2": 0.058333333333333334,
    "y2": 0.0981651376146789
}