{
    "class": "knife",
    "x1": 0.6393229166666666,
    "y1": 0.4926605504587156,
    "x2": 0.06510416666666667,
    "y2": 0.08440366972477065
}