{
    "class": "knife",
    "x1": 0.42864583333333334,
    "y1": 0.7509174311926605,
    "x2": 0.07916666666666666,
    "y2": 0.046788990825688076
}