{
    "class": "knife",
    "x1": 0.8515625,
    "y1": 0.4972477064220184,
    "x2": 0.05416666666666667,
    "y2": 0.09174311926605505
}