{
    "class": "knife",
    "x1": 0.76171875,
    "y1": 0.5027522935779817,
    "x2": 0.06614583333333333,
    "y2": 0.10825688073394496
}