{
    "class": "knife",
    "x1": 0.25026041666666665,
    "y1": 0.5738532110091743,
    "x2": 0.044270833333333336,
    "y2": 0.05412844036697248
}