{
    "class": "knife",
    "x1": 0.26171875,
    "y1": 0.5100917431192661,
    "x2": 0.058854166666666666,
    "y2": 0.07706422018348624
}