{
    "class": "knife",
    "x1": 0.6458333333333334,
    "y1": 0.5325688073394496,
    "x2": 0.029166666666666667,
    "y2": 0.12752293577981652
}