{
    "class": "knife",
    "x1": 0.5799479166666667,
    "y1": 0.5495412844036697,
    "x2": 0.03802083333333333,
    "y2": 0.12293577981651377
}