{
    "class": "knife",
    "x1": 0.3171875,
    "y1": 0.8399082568807339,
    "x2": 0.05416666666666667,
    "y2": 0.0944954128440367
}