{
    "class": "knife",
    "x1": 0.14375,
    "y1": 0.6096330275229358,
    "x2": 0.06145833333333333,
    "y2": 0.05963302752293578
}