{
    "class": "knife",
    "x1": 0.34765625,
    "y1": 0.46376146788990824,
    "x2": 0.0484375,
    "y2": 0.0871559633027523
}