{
    "class": "knife",
    "x1": 0.60703125,
    "y1": 0.5958715596330275,
    "x2": 0.044270833333333336,
    "y2": 0.12752293577981652
}