{
    "class": "knife",
    "x1": 0.8833333333333333,
    "y1": 0.5220183486238532,
    "x2": 0.071875,
    "y2": 0.11559633027522936
}