{
    "class": "knife",
    "x1": 0.27838541666666666,
    "y1": 0.4926605504587156,
    "x2": 0.049479166666666664,
    "y2": 0.08073394495412844
}