{
    "class": "knife",
    "x1": 0.4739583333333333,
    "y1": 0.4756880733944954,
    "x2": 0.05520833333333333,
    "y2": 0.0926605504587156
}