{
    "class": "knife",
    "x1": 0.5924479166666666,
    "y1": 0.5334862385321101,
    "x2": 0.034895833333333334,
    "y2": 0.14403669724770643
}