{
    "class": "knife",
    "x1": 0.565625,
    "y1": 0.544954128440367,
    "x2": 0.058333333333333334,
    "y2": 0.06972477064220184
}