{
    "class": "knife",
    "x1": 0.39895833333333336,
    "y1": 0.48853211009174313,
    "x2": 0.053125,
    "y2": 0.0871559633027523
}