{
    "class": "knife",
    "x1": 0.32265625,
    "y1": 0.7509174311926605,
    "x2": 0.08072916666666667,
    "y2": 0.046788990825688076
}