{
    "class": "knife",
    "x1": 0.5888020833333333,
    "y1": 0.4036697247706422,
    "x2": 0.0296875,
    "y2": 0.12660550458715597
}