{
    "class": "knife",
    "x1": 0.46901041666666665,
    "y1": 0.5082568807339449,
    "x2": 0.0421875,
    "y2": 0.08073394495412844
}