{
    "class": "knife",
    "x1": 0.5794270833333334,
    "y1": 0.5490825688073394,
    "x2": 0.03802083333333333,
    "y2": 0.10917431192660551
}