{
    "class": "knife",
    "x1": 0.634375,
    "y1": 0.45321100917431195,
    "x2": 0.023958333333333335,
    "y2": 0.13211009174311927
}