{
    "class": "knife",
    "x1": 0.26067708333333334,
    "y1": 0.8339449541284404,
    "x2": 0.07447916666666667,
    "y2": 0.05504587155963303
}