{
    "class": "knife",
    "x1": 0.65390625,
    "y1": 0.44678899082568807,
    "x2": 0.044270833333333336,
    "y2": 0.13211009174311927
}