{
    "class": "knife",
    "x1": 0.5471354166666667,
    "y1": 0.5288990825688074,
    "x2": 0.028645833333333332,
    "y2": 0.12201834862385322
}