{
    "class": "knife",
    "x1": 0.7028645833333333,
    "y1": 0.5486238532110091,
    "x2": 0.050520833333333334,
    "y2": 0.08440366972477065
}