{
    "class": "knife",
    "x1": 0.5854166666666667,
    "y1": 0.5307339449541284,
    "x2": 0.059375,
    "y2": 0.10366972477064221
}