{
    "class": "knife",
    "x1": 0.66328125,
    "y1": 0.5793577981651377,
    "x2": 0.0359375,
    "y2": 0.06880733944954129
}