{
    "class": "knife",
    "x1": 0.6122395833333333,
    "y1": 0.48027522935779815,
    "x2": 0.0546875,
    "y2": 0.0889908256880734
}