{
    "class": "knife",
    "x1": 0.5309895833333333,
    "y1": 0.5211009174311927,
    "x2": 0.030729166666666665,
    "y2": 0.13394495412844037
}