{
    "class": "knife",
    "x1": 0.6221354166666667,
    "y1": 0.42844036697247706,
    "x2": 0.034895833333333334,
    "y2": 0.12110091743119267
}