{
    "class": "other",
    "x1": 0.46458333333333335,
    "y1": 0.4652615144418423,
    "x2": 0.3020833333333333,
    "y2": 0.4246682279469165
}