{
    "class": "other",
    "x1": 0.4895833333333333,
    "y1": 0.26851851851851855,
    "x2": 0.2375,
    "y2": 0.2
}