{
    "class": "other",
    "x1": 0.47421875,
    "y1": 0.5194444444444445,
    "x2": 0.590625,
    "y2": 0.8277777777777777
}