{
    "class": "other",
    "x1": 0.4908675799086758,
    "y1": 0.46304347826086956,
    "x2": 0.7534246575342466,
    "y2": 0.8478260869565217
}