{
    "class": "other",
    "x1": 0.49114583333333334,
    "y1": 0.60967993754879,
    "x2": 0.16770833333333332,
    "y2": 0.16705698672911787
}