{
    "class": "other",
    "x1": 0.5606770833333333,
    "y1": 0.5089773614363778,
    "x2": 0.25052083333333336,
    "y2": 0.44340359094457454
}