{
    "class": "other",
    "x1": 0.49916666666666665,
    "y1": 0.5116666666666667,
    "x2": 0.995,
    "y2": 0.9333333333333333
}