{
    "class": "other",
    "x1": 0.56640625,
    "y1": 0.55390625,
    "x2": 0.6953125,
    "y2": 0.8515625
}