{
    "class": "other",
    "x1": 0.4938837920489297,
    "y1": 0.5225,
    "x2": 0.8837920489296636,
    "y2": 0.67
}