{
    "class": "other",
    "x1": 0.36380208333333336,
    "y1": 0.5452771272443404,
    "x2": 0.11614583333333334,
    "y2": 0.16627634660421545
}