{
    "class": "other",
    "x1": 0.23916666666666667,
    "y1": 0.5230769230769231,
    "x2": 0.4483333333333333,
    "y2": 0.6564102564102564
}