{
    "class": "other",
    "x1": 0.5,
    "y1": 0.5021551724137931,
    "x2": 0.815668202764977,
    "y2": 0.9612068965517241
}