{
    "class": "other",
    "x1": 0.4903645833333333,
    "y1": 0.5206869633099142,
    "x2": 0.2765625,
    "y2": 0.36846213895394225
}