{
    "class": "other",
    "x1": 0.5055555555555555,
    "y1": 0.44,
    "x2": 0.23333333333333334,
    "y2": 0.4866666666666667
}