{
    "class": "other",
    "x1": 0.5016666666666667,
    "y1": 0.5431738623103851,
    "x2": 0.82,
    "y2": 0.705950991831972
}