{
    "class": "other",
    "x1": 0.50234375,
    "y1": 0.4859484777517564,
    "x2": 0.08072916666666667,
    "y2": 0.12568306010928962
}