{
    "class": "other",
    "x1": 0.33,
    "y1": 0.524712643678161,
    "x2": 0.19846153846153847,
    "y2": 0.2908045977011494
}