{
    "class": "other",
    "x1": 0.5802083333333333,
    "y1": 0.5046838407494145,
    "x2": 0.1375,
    "y2": 0.24902419984387197
}