{
    "class": "other",
    "x1": 0.46927083333333336,
    "y1": 0.4953161592505855,
    "x2": 0.3416666666666667,
    "y2": 0.2724434035909446
}