{
    "class": "other",
    "x1": 0.5218181818181818,
    "y1": 0.5599415204678363,
    "x2": 0.2872727272727273,
    "y2": 0.5877192982456141
}