{
    "class": "other",
    "x1": 0.5309895833333333,
    "y1": 0.5335675253708041,
    "x2": 0.18177083333333333,
    "y2": 0.23809523809523808
}