{
    "class": "other",
    "x1": 0.636875,
    "y1": 0.5533707865168539,
    "x2": 0.28125,
    "y2": 0.7359550561797753
}