{
    "class": "other",
    "x1": 0.6555555555555556,
    "y1": 0.6473354231974922,
    "x2": 0.6133333333333333,
    "y2": 0.542319749216301
}