{
    "class": "other",
    "x1": 0.57578125,
    "y1": 0.40046296296296297,
    "x2": 0.05677083333333333,
    "y2": 0.1638888888888889
}