{
    "class": "other",
    "x1": 0.49753086419753084,
    "y1": 0.4898148148148148,
    "x2": 0.08271604938271605,
    "y2": 0.09074074074074075
}