{
    "class": "other",
    "x1": 0.5002604166666667,
    "y1": 0.49492583918813426,
    "x2": 0.13489583333333333,
    "y2": 0.17486338797814208
}