{
    "class": "other",
    "x1": 0.5382716049382716,
    "y1": 0.3263888888888889,
    "x2": 0.08888888888888889,
    "y2": 0.23796296296296296
}