{
    "class": "other",
    "x1": 0.5080729166666667,
    "y1": 0.5003903200624512,
    "x2": 0.1921875,
    "y2": 0.3185011709601874
}