{
    "class": "other",
    "x1": 0.5033854166666667,
    "y1": 0.49882903981264637,
    "x2": 0.23072916666666668,
    "y2": 0.39344262295081966
}