{
    "class": "other",
    "x1": 0.5133333333333333,
    "y1": 0.5111111111111111,
    "x2": 0.9111111111111111,
    "y2": 0.7022222222222222
}