{
    "class": "other",
    "x1": 0.43680555555555556,
    "y1": 0.5615740740740741,
    "x2": 0.15694444444444444,
    "y2": 0.062037037037037036
}