{
    "class": "other",
    "x1": 0.5,
    "y1": 0.524074074074074,
    "x2": 0.9941176470588236,
    "y2": 0.8555555555555555
}