{
    "class": "other",
    "x1": 0.5075757575757576,
    "y1": 0.5015151515151515,
    "x2": 0.9666666666666667,
    "y2": 0.8151515151515152
}