{
    "class": "other",
    "x1": 0.46380208333333334,
    "y1": 0.5741608118657299,
    "x2": 0.25885416666666666,
    "y2": 0.2818110850897736
}