{
    "class": "other",
    "x1": 0.8453125,
    "y1": 0.1920374707259953,
    "x2": 0.09375,
    "y2": 0.13739266198282593
}