{
    "class": "other",
    "x1": 0.5369791666666667,
    "y1": 0.4531615925058548,
    "x2": 0.11666666666666667,
    "y2": 0.21155347384855583
}