{
    "class": "other",
    "x1": 0.456271186440678,
    "y1": 0.5350966429298067,
    "x2": 0.3715254237288136,
    "y2": 0.36012207527975587
}