{
    "class": "other",
    "x1": 0.54375,
    "y1": 0.4508333333333333,
    "x2": 0.825,
    "y2": 0.7983333333333333
}