{
    "class": "other",
    "x1": 0.49135802469135803,
    "y1": 0.4828703703703704,
    "x2": 0.1765432098765432,
    "y2": 0.13796296296296295
}