{
    "class": "other",
    "x1": 0.5651041666666666,
    "y1": 0.5921296296296297,
    "x2": 0.0875,
    "y2": 0.08981481481481482
}