{
    "class": "other",
    "x1": 0.6364583333333333,
    "y1": 0.6565183450429352,
    "x2": 0.2375,
    "y2": 0.22014051522248243
}