{
    "class": "other",
    "x1": 0.5299479166666666,
    "y1": 0.5214676034348166,
    "x2": 0.2140625,
    "y2": 0.156128024980484
}