{
    "class": "other",
    "x1": 0.4713541666666667,
    "y1": 0.4882903981264637,
    "x2": 0.17604166666666668,
    "y2": 0.18501170960187355
}