{
    "class": "other",
    "x1": 0.39791666666666664,
    "y1": 0.529664324746292,
    "x2": 0.21979166666666666,
    "y2": 0.3161592505854801
}