{
    "class": "other",
    "x1": 0.5302469135802469,
    "y1": 0.4861111111111111,
    "x2": 0.10493827160493827,
    "y2": 0.1388888888888889
}