{
    "class": "other",
    "x1": 0.48854166666666665,
    "y1": 0.47540983606557374,
    "x2": 0.13645833333333332,
    "y2": 0.19359875097580015
}