{
    "class": "other",
    "x1": 0.49742268041237114,
    "y1": 0.49613899613899615,
    "x2": 0.9020618556701031,
    "y2": 0.5752895752895753
}