{
    "class": "other",
    "x1": 0.46822916666666664,
    "y1": 0.5581576893052302,
    "x2": 0.06979166666666667,
    "y2": 0.08743169398907104
}