{
    "class": "other",
    "x1": 0.589375,
    "y1": 0.50625,
    "x2": 0.75875,
    "y2": 0.505
}