{
    "class": "other",
    "x1": 0.4419753086419753,
    "y1": 0.41064814814814815,
    "x2": 0.15555555555555556,
    "y2": 0.15833333333333333
}