{
    "class": "other",
    "x1": 0.3546875,
    "y1": 0.5125,
    "x2": 0.621875,
    "y2": 0.88125
}