{
    "class": "other",
    "x1": 0.4425,
    "y1": 0.46704545454545454,
    "x2": 0.7983333333333333,
    "y2": 0.7159090909090909
}