{
    "class": "other",
    "x1": 0.5022222222222222,
    "y1": 0.5,
    "x2": 0.8888888888888888,
    "y2": 0.9555555555555556
}