{
    "class": "other",
    "x1": 0.5127118644067796,
    "y1": 0.5162162162162162,
    "x2": 0.847457627118644,
    "y2": 0.8702702702702703
}