{
    "class": "other",
    "x1": 0.41744791666666664,
    "y1": 0.23935185185185184,
    "x2": 0.04635416666666667,
    "y2": 0.09537037037037037
}