{
    "class": "other",
    "x1": 0.4747395833333333,
    "y1": 0.3824074074074074,
    "x2": 0.10572916666666667,
    "y2": 0.2037037037037037
}