{
    "class": "other",
    "x1": 0.5213178294573644,
    "y1": 0.4984375,
    "x2": 0.4689922480620155,
    "y2": 0.515625
}