{
    "class": "other",
    "x1": 0.18815331010452963,
    "y1": 0.41714285714285715,
    "x2": 0.34146341463414637,
    "y2": 0.7428571428571429
}