{
    "class": "other",
    "x1": 0.6365,
    "y1": 0.5006195786864932,
    "x2": 0.727,
    "y2": 0.7633209417596035
}