{
    "class": "other",
    "x1": 0.47716049382716047,
    "y1": 0.49444444444444446,
    "x2": 0.0691358024691358,
    "y2": 0.09444444444444444
}