{
    "class": "other",
    "x1": 0.5023333333333333,
    "y1": 0.49794661190965095,
    "x2": 0.97,
    "y2": 0.9548254620123203
}