{
    "class": "other",
    "x1": 0.49228395061728397,
    "y1": 0.5027777777777778,
    "x2": 0.14382716049382716,
    "y2": 0.17962962962962964
}