{
    "class": "other",
    "x1": 0.5643229166666667,
    "y1": 0.507416081186573,
    "x2": 0.24739583333333334,
    "y2": 0.1873536299765808
}