{
    "class": "other",
    "x1": 0.5236979166666667,
    "y1": 0.6209992193598751,
    "x2": 0.12239583333333333,
    "y2": 0.16939890710382513
}