{
    "class": "other",
    "x1": 0.5320987654320988,
    "y1": 0.4930555555555556,
    "x2": 0.0962962962962963,
    "y2": 0.16944444444444445
}