{
    "class": "other",
    "x1": 0.46141975308641975,
    "y1": 0.37962962962962965,
    "x2": 0.12407407407407407,
    "y2": 0.09814814814814815
}