{
    "class": "other",
    "x1": 0.3910493827160494,
    "y1": 0.45787037037037037,
    "x2": 0.05,
    "y2": 0.12314814814814815
}