{
    "class": "other",
    "x1": 0.5021428571428571,
    "y1": 0.4757142857142857,
    "x2": 0.9471428571428572,
    "y2": 0.6257142857142857
}