{
    "class": "other",
    "x1": 0.491875,
    "y1": 0.4575,
    "x2": 0.87625,
    "y2": 0.8275
}