{
    "class": "other",
    "x1": 0.4588541666666667,
    "y1": 0.4676034348165496,
    "x2": 0.15,
    "y2": 0.22950819672131148
}