{
    "class": "other",
    "x1": 0.485625,
    "y1": 0.49125,
    "x2": 0.78875,
    "y2": 0.865
}