{
    "class": "other",
    "x1": 0.42682291666666666,
    "y1": 0.6856481481481481,
    "x2": 0.0984375,
    "y2": 0.09351851851851851
}