{
    "class": "other",
    "x1": 0.5058823529411764,
    "y1": 0.4858974358974359,
    "x2": 0.9270588235294117,
    "y2": 0.9205128205128205
}