{
    "class": "other",
    "x1": 0.5419270833333333,
    "y1": 0.5179547228727557,
    "x2": 0.1265625,
    "y2": 0.09289617486338798
}