{
    "class": "other",
    "x1": 0.56640625,
    "y1": 0.325,
    "x2": 0.18072916666666666,
    "y2": 0.37777777777777777
}