{
    "class": "other",
    "x1": 0.53515625,
    "y1": 0.44691647150663544,
    "x2": 0.11510416666666666,
    "y2": 0.23653395784543327
}