{
    "class": "other",
    "x1": 0.6049382716049383,
    "y1": 0.5157407407407407,
    "x2": 0.06049382716049383,
    "y2": 0.1388888888888889
}