{
    "class": "other",
    "x1": 0.49666666666666665,
    "y1": 0.49633333333333335,
    "x2": 0.8653333333333333,
    "y2": 0.8606666666666667
}