{
    "class": "other",
    "x1": 0.5294117647058824,
    "y1": 0.48518518518518516,
    "x2": 0.9411764705882353,
    "y2": 0.725925925925926
}