{
    "class": "other",
    "x1": 0.44427083333333334,
    "y1": 0.4820452771272443,
    "x2": 0.13229166666666667,
    "y2": 0.2505854800936768
}