{
    "class": "other",
    "x1": 0.4674479166666667,
    "y1": 0.48672911787665885,
    "x2": 0.08177083333333333,
    "y2": 0.07884465261514442
}