{
    "class": "other",
    "x1": 0.5027777777777778,
    "y1": 0.512962962962963,
    "x2": 0.07962962962962963,
    "y2": 0.11296296296296296
}