{
    "class": "other",
    "x1": 0.49916666666666665,
    "y1": 0.5033333333333333,
    "x2": 0.8883333333333333,
    "y2": 0.5866666666666667
}