{
    "class": "other",
    "x1": 0.49270833333333336,
    "y1": 0.5850897736143638,
    "x2": 0.26145833333333335,
    "y2": 0.3255269320843091
}