{
    "class": "other",
    "x1": 0.34,
    "y1": 0.3844444444444444,
    "x2": 0.5911111111111111,
    "y2": 0.4577777777777778
}