{
    "class": "other",
    "x1": 0.49264705882352944,
    "y1": 0.5407407407407407,
    "x2": 0.5852941176470589,
    "y2": 0.6074074074074074
}