{
    "class": "other",
    "x1": 0.49140625,
    "y1": 0.5288836846213896,
    "x2": 0.14427083333333332,
    "y2": 0.22092115534738485
}