{
    "class": "other",
    "x1": 0.5088888888888888,
    "y1": 0.4888888888888889,
    "x2": 0.9022222222222223,
    "y2": 0.7466666666666667
}