{
    "class": "other",
    "x1": 0.50703125,
    "y1": 0.6030444964871194,
    "x2": 0.21510416666666668,
    "y2": 0.2505854800936768
}