{
    "class": "other",
    "x1": 0.49322916666666666,
    "y1": 0.6287037037037037,
    "x2": 0.078125,
    "y2": 0.08703703703703704
}