{
    "class": "other",
    "x1": 0.50859375,
    "y1": 0.5163934426229508,
    "x2": 0.18385416666666668,
    "y2": 0.2724434035909446
}