{
    "class": "other",
    "x1": 0.4708333333333333,
    "y1": 0.4527712724434036,
    "x2": 0.128125,
    "y2": 0.19672131147540983
}