{
    "class": "other",
    "x1": 0.5324074074074074,
    "y1": 0.45787037037037037,
    "x2": 0.07716049382716049,
    "y2": 0.10462962962962963
}