{
    "class": "other",
    "x1": 0.50703125,
    "y1": 0.5046875,
    "x2": 0.9390625,
    "y2": 0.61875
}