{
    "class": "other",
    "x1": 0.5188271604938272,
    "y1": 0.38101851851851853,
    "x2": 0.1388888888888889,
    "y2": 0.14537037037037037
}