{
    "class": "other",
    "x1": 0.5390625,
    "y1": 0.40359094457455114,
    "x2": 0.215625,
    "y2": 0.25136612021857924
}