{
    "class": "other",
    "x1": 0.6149305555555555,
    "y1": 0.4066666666666667,
    "x2": 0.4895833333333333,
    "y2": 0.616
}