{
    "class": "other",
    "x1": 0.58359375,
    "y1": 0.45550351288056207,
    "x2": 0.46197916666666666,
    "y2": 0.36768149882903983
}