{
    "class": "other",
    "x1": 0.5151041666666667,
    "y1": 0.3825136612021858,
    "x2": 0.15416666666666667,
    "y2": 0.2107728337236534
}