{
    "class": "other",
    "x1": 0.24244791666666668,
    "y1": 0.4968774395003903,
    "x2": 0.12552083333333333,
    "y2": 0.1834504293520687
}