{
    "class": "other",
    "x1": 0.58359375,
    "y1": 0.4148148148148148,
    "x2": 0.34739583333333335,
    "y2": 0.562962962962963
}