{
    "class": "other",
    "x1": 0.471875,
    "y1": 0.4301327088212334,
    "x2": 0.22291666666666668,
    "y2": 0.3544106167056987
}