{
    "class": "other",
    "x1": 0.5511111111111111,
    "y1": 0.5066666666666667,
    "x2": 0.8444444444444444,
    "y2": 0.7111111111111111
}