{
    "class": "other",
    "x1": 0.54453125,
    "y1": 0.34074074074074073,
    "x2": 0.0671875,
    "y2": 0.16111111111111112
}