{
    "class": "other",
    "x1": 0.32666666666666666,
    "y1": 0.5355029585798816,
    "x2": 0.65,
    "y2": 0.8106508875739645
}