{
    "class": "other",
    "x1": 0.5145833333333333,
    "y1": 0.5104166666666666,
    "x2": 0.7208333333333333,
    "y2": 0.4125
}