{
    "class": "other",
    "x1": 0.491875,
    "y1": 0.530625,
    "x2": 0.86375,
    "y2": 0.79125
}