{
    "class": "other",
    "x1": 0.781508739650414,
    "y1": 0.6055172413793104,
    "x2": 0.36338546458141674,
    "y2": 0.3006896551724138
}