{
    "class": "other",
    "x1": 0.5234375,
    "y1": 0.5078064012490242,
    "x2": 0.17916666666666667,
    "y2": 0.2302888368462139
}