{
    "class": "other",
    "x1": 0.5,
    "y1": 0.7666666666666667,
    "x2": 0.8844444444444445,
    "y2": 0.36
}