{
    "class": "other",
    "x1": 0.504,
    "y1": 0.522,
    "x2": 0.9226666666666666,
    "y2": 0.7746666666666666
}