{
    "class": "other",
    "x1": 0.4591145833333333,
    "y1": 0.5210772833723654,
    "x2": 0.0953125,
    "y2": 0.1912568306010929
}