{
    "class": "other",
    "x1": 0.45546875,
    "y1": 0.528125,
    "x2": 0.8890625,
    "y2": 0.859375
}