{
    "class": "other",
    "x1": 0.5263020833333333,
    "y1": 0.5144418423106948,
    "x2": 0.17447916666666666,
    "y2": 0.273224043715847
}