{
    "class": "other",
    "x1": 0.49244791666666665,
    "y1": 0.6116315378610461,
    "x2": 0.12447916666666667,
    "y2": 0.15378610460577674
}