{
    "class": "other",
    "x1": 0.5093283582089553,
    "y1": 0.4920212765957447,
    "x2": 0.6902985074626866,
    "y2": 0.5691489361702128
}