{
    "class": "other",
    "x1": 0.4354166666666667,
    "y1": 0.5238095238095238,
    "x2": 0.18854166666666666,
    "y2": 0.48711943793911006
}