{
    "class": "other",
    "x1": 0.7471354166666667,
    "y1": 0.6608118657298985,
    "x2": 0.12239583333333333,
    "y2": 0.2068696330991413
}