{
    "class": "other",
    "x1": 0.5364583333333334,
    "y1": 0.5314814814814814,
    "x2": 0.38958333333333334,
    "y2": 0.3333333333333333
}