{
    "class": "other",
    "x1": 0.6571871768355739,
    "y1": 0.56125,
    "x2": 0.47466390899689764,
    "y2": 0.2808333333333333
}