{
    "class": "other",
    "x1": 0.44036458333333334,
    "y1": 0.5160031225604996,
    "x2": 0.14322916666666666,
    "y2": 0.18110850897736144
}