{
    "class": "other",
    "x1": 0.47890625,
    "y1": 0.5222222222222223,
    "x2": 0.1015625,
    "y2": 0.08703703703703704
}