{
    "class": "other",
    "x1": 0.5089285714285714,
    "y1": 0.5422222222222223,
    "x2": 0.6428571428571429,
    "y2": 0.5777777777777777
}