{
    "class": "other",
    "x1": 0.47291666666666665,
    "y1": 0.5257611241217799,
    "x2": 0.125,
    "y2": 0.1725214676034348
}