{
    "class": "other",
    "x1": 0.5018229166666667,
    "y1": 0.43598750975800155,
    "x2": 0.3338541666666667,
    "y2": 0.6377829820452772
}