{
    "class": "other",
    "x1": 0.5154320987654321,
    "y1": 0.49722222222222223,
    "x2": 0.0728395061728395,
    "y2": 0.1037037037037037
}