{
    "class": "other",
    "x1": 0.45,
    "y1": 0.3458333333333333,
    "x2": 0.13580246913580246,
    "y2": 0.08611111111111111
}