{
    "class": "other",
    "x1": 0.45078125,
    "y1": 0.5335675253708041,
    "x2": 0.40989583333333335,
    "y2": 0.3005464480874317
}