{
    "class": "other",
    "x1": 0.49133333333333334,
    "y1": 0.46622889305816134,
    "x2": 0.6733333333333333,
    "y2": 0.7560975609756098
}