{
    "class": "other",
    "x1": 0.4675,
    "y1": 0.3358333333333333,
    "x2": 0.8916666666666667,
    "y2": 0.6516666666666666
}