{
    "class": "other",
    "x1": 0.45234375,
    "y1": 0.23148148148148148,
    "x2": 0.05260416666666667,
    "y2": 0.10925925925925926
}