{
    "class": "other",
    "x1": 0.5911458333333334,
    "y1": 0.6514441842310694,
    "x2": 0.20833333333333334,
    "y2": 0.17720530835284934
}