{
    "class": "other",
    "x1": 0.5416666666666666,
    "y1": 0.525,
    "x2": 0.7658730158730159,
    "y2": 0.71
}