{
    "class": "other",
    "x1": 0.65185546875,
    "y1": 0.44894651539708263,
    "x2": 0.2783203125,
    "y2": 0.3727714748784441
}