{
    "class": "other",
    "x1": 0.5,
    "y1": 0.5,
    "x2": 0.9022222222222223,
    "y2": 0.9733333333333334
}