{
    "class": "other",
    "x1": 0.4700332963374029,
    "y1": 0.5195121951219512,
    "x2": 0.5760266370699223,
    "y2": 0.8861788617886179
}