{
    "class": "other",
    "x1": 0.4823529411764706,
    "y1": 0.5220588235294118,
    "x2": 0.8235294117647058,
    "y2": 0.7558823529411764
}