{
    "class": "other",
    "x1": 0.5055555555555555,
    "y1": 0.5076923076923077,
    "x2": 0.5370370370370371,
    "y2": 0.49230769230769234
}