{
    "class": "other",
    "x1": 0.5026315789473684,
    "y1": 0.48853211009174313,
    "x2": 0.9280701754385965,
    "y2": 0.7935779816513762
}