{
    "class": "other",
    "x1": 0.4407552083333333,
    "y1": 0.5732421875,
    "x2": 0.3528645833333333,
    "y2": 0.501953125
}