{
    "class": "other",
    "x1": 0.5361979166666667,
    "y1": 0.5027322404371585,
    "x2": 0.12552083333333333,
    "y2": 0.2185792349726776
}