{
    "class": "other",
    "x1": 0.45,
    "y1": 0.48635634028892455,
    "x2": 0.8192982456140351,
    "y2": 0.7929373996789727
}