{
    "class": "other",
    "x1": 0.5041666666666667,
    "y1": 0.4810185185185185,
    "x2": 0.1638888888888889,
    "y2": 0.11203703703703703
}