{
    "class": "other",
    "x1": 0.4986979166666667,
    "y1": 0.5,
    "x2": 0.1046875,
    "y2": 0.16627634660421545
}