{
    "class": "other",
    "x1": 0.5002604166666667,
    "y1": 0.514937106918239,
    "x2": 0.8390625,
    "y2": 0.809748427672956
}