{
    "class": "other",
    "x1": 0.8536458333333333,
    "y1": 0.22170179547228727,
    "x2": 0.078125,
    "y2": 0.12646370023419204
}