{
    "class": "other",
    "x1": 0.44125,
    "y1": 0.23622047244094488,
    "x2": 0.6225,
    "y2": 0.37270341207349084
}