{
    "class": "other",
    "x1": 0.5296296296296297,
    "y1": 0.41944444444444445,
    "x2": 0.12222222222222222,
    "y2": 0.17037037037037037
}