{
    "class": "other",
    "x1": 0.6372395833333333,
    "y1": 0.4027777777777778,
    "x2": 0.19114583333333332,
    "y2": 0.38333333333333336
}