{
    "class": "other",
    "x1": 0.5302734375,
    "y1": 0.46630859375,
    "x2": 0.673828125,
    "y2": 0.7666015625
}