{
    "class": "other",
    "x1": 0.44515539305301643,
    "y1": 0.17037037037037037,
    "x2": 0.2979890310786106,
    "y2": 0.1574074074074074
}