{
    "class": "other",
    "x1": 0.5411458333333333,
    "y1": 0.5819444444444445,
    "x2": 0.26979166666666665,
    "y2": 0.6509259259259259
}