{
    "class": "other",
    "x1": 0.4764,
    "y1": 0.5023809523809524,
    "x2": 0.8024,
    "y2": 0.6873015873015873
}