{
    "class": "other",
    "x1": 0.5346354166666667,
    "y1": 0.5175925925925926,
    "x2": 0.5380208333333333,
    "y2": 0.9648148148148148
}