{
    "class": "other",
    "x1": 0.49777777777777776,
    "y1": 0.5,
    "x2": 0.9333333333333333,
    "y2": 0.7155555555555555
}