{
    "class": "other",
    "x1": 0.5036231884057971,
    "y1": 0.5163934426229508,
    "x2": 0.8260869565217391,
    "y2": 0.8469945355191257
}