{
    "class": "other",
    "x1": 0.4793814432989691,
    "y1": 0.5038610038610039,
    "x2": 0.6597938144329897,
    "y2": 0.9536679536679536
}