{
    "class": "other",
    "x1": 0.4275,
    "y1": 0.46636363636363637,
    "x2": 0.2866666666666667,
    "y2": 0.3109090909090909
}