{
    "class": "other",
    "x1": 0.44765625,
    "y1": 0.5382513661202186,
    "x2": 0.20260416666666667,
    "y2": 0.27712724434035907
}