{
    "class": "other",
    "x1": 0.485054347826087,
    "y1": 0.5181159420289855,
    "x2": 0.5679347826086957,
    "y2": 0.7560386473429952
}