{
    "class": "other",
    "x1": 0.4701388888888889,
    "y1": 0.6134259259259259,
    "x2": 0.22361111111111112,
    "y2": 0.08981481481481482
}