{
    "class": "other",
    "x1": 0.5022222222222222,
    "y1": 0.5066666666666667,
    "x2": 0.9955555555555555,
    "y2": 0.6133333333333333
}