{
    "class": "other",
    "x1": 0.5221354166666666,
    "y1": 0.45042935206869633,
    "x2": 0.2786458333333333,
    "y2": 0.5839188134270101
}