{
    "class": "other",
    "x1": 0.49166666666666664,
    "y1": 0.5222222222222223,
    "x2": 0.9510416666666667,
    "y2": 0.7472222222222222
}