{
    "class": "other",
    "x1": 0.5012987012987012,
    "y1": 0.512987012987013,
    "x2": 0.9506493506493506,
    "y2": 0.9428571428571428
}