{
    "class": "other",
    "x1": 0.504375,
    "y1": 0.526875,
    "x2": 0.91375,
    "y2": 0.85875
}