{
    "class": "other",
    "x1": 0.5927083333333333,
    "y1": 0.5827478532396565,
    "x2": 0.10104166666666667,
    "y2": 0.20062451209992194
}