{
    "class": "other",
    "x1": 0.559375,
    "y1": 0.5215277777777778,
    "x2": 0.6140625,
    "y2": 0.7958333333333333
}