{
    "class": "other",
    "x1": 0.49244791666666665,
    "y1": 0.5259433962264151,
    "x2": 0.7994791666666666,
    "y2": 0.5833333333333334
}