{
    "class": "other",
    "x1": 0.52375,
    "y1": 0.498125,
    "x2": 0.7725,
    "y2": 0.90625
}