{
    "class": "other",
    "x1": 0.6666666666666666,
    "y1": 0.3622170179547229,
    "x2": 0.240625,
    "y2": 0.3325526932084309
}