{
    "class": "other",
    "x1": 0.48411458333333335,
    "y1": 0.6014832162373146,
    "x2": 0.1015625,
    "y2": 0.1834504293520687
}