{
    "class": "other",
    "x1": 0.5070422535211268,
    "y1": 0.49295774647887325,
    "x2": 0.9070422535211268,
    "y2": 0.7323943661971831
}