{
    "class": "other",
    "x1": 0.5072916666666667,
    "y1": 0.387037037037037,
    "x2": 0.18333333333333332,
    "y2": 0.26666666666666666
}