{
    "class": "other",
    "x1": 0.6985714285714286,
    "y1": 0.6928934010152284,
    "x2": 0.3742857142857143,
    "y2": 0.3536379018612521
}