{
    "class": "other",
    "x1": 0.46197916666666666,
    "y1": 0.6280249804839969,
    "x2": 0.12604166666666666,
    "y2": 0.14910226385636222
}