{
    "class": "other",
    "x1": 0.5857142857142857,
    "y1": 0.5021459227467812,
    "x2": 0.5485714285714286,
    "y2": 0.9957081545064378
}