{
    "class": "other",
    "x1": 0.51875,
    "y1": 0.537962962962963,
    "x2": 0.04583333333333333,
    "y2": 0.09814814814814815
}