{
    "class": "other",
    "x1": 0.56,
    "y1": 0.74,
    "x2": 0.4533333333333333,
    "y2": 0.3333333333333333
}