{
    "class": "other",
    "x1": 0.48072916666666665,
    "y1": 0.5062451209992194,
    "x2": 0.14895833333333333,
    "y2": 0.23653395784543327
}