{
    "class": "other",
    "x1": 0.6200980392156863,
    "y1": 0.5786240786240786,
    "x2": 0.6617647058823529,
    "y2": 0.7100737100737101
}