{
    "class": "other",
    "x1": 0.491875,
    "y1": 0.506875,
    "x2": 0.82875,
    "y2": 0.90875
}