{
    "class": "other",
    "x1": 0.5283854166666667,
    "y1": 0.5245901639344263,
    "x2": 0.08385416666666666,
    "y2": 0.12177985948477751
}