{
    "class": "other",
    "x1": 0.4735054347826087,
    "y1": 0.5036231884057971,
    "x2": 0.5475543478260869,
    "y2": 0.9927536231884058
}