{
    "class": "other",
    "x1": 0.5669270833333333,
    "y1": 0.6764246682279469,
    "x2": 0.15989583333333332,
    "y2": 0.1865729898516784
}