{
    "class": "other",
    "x1": 0.5572916666666666,
    "y1": 0.5476190476190477,
    "x2": 0.07291666666666667,
    "y2": 0.10070257611241218
}