{
    "class": "other",
    "x1": 0.4421875,
    "y1": 0.5140515222482436,
    "x2": 0.05520833333333333,
    "y2": 0.1209992193598751
}