{
    "class": "other",
    "x1": 0.5025974025974026,
    "y1": 0.4909090909090909,
    "x2": 0.8545454545454545,
    "y2": 0.9558441558441558
}