{
    "class": "other",
    "x1": 0.5026315789473684,
    "y1": 0.5079575596816976,
    "x2": 0.9210526315789473,
    "y2": 0.8938992042440318
}