{
    "class": "other",
    "x1": 0.59140625,
    "y1": 0.4246682279469165,
    "x2": 0.08072916666666667,
    "y2": 0.10772833723653395
}