{
    "class": "other",
    "x1": 0.50125,
    "y1": 0.5,
    "x2": 0.9725,
    "y2": 0.9918200408997955
}