{
    "class": "other",
    "x1": 0.5447916666666667,
    "y1": 0.41805555555555557,
    "x2": 0.134375,
    "y2": 0.25833333333333336
}