{
    "class": "other",
    "x1": 0.4921052631578947,
    "y1": 0.5486725663716814,
    "x2": 0.7771929824561403,
    "y2": 0.6076696165191741
}