{
    "class": "other",
    "x1": 0.5010729613733905,
    "y1": 0.4973958333333333,
    "x2": 0.9849785407725322,
    "y2": 0.984375
}