{
    "class": "other",
    "x1": 0.4731404958677686,
    "y1": 0.5024038461538461,
    "x2": 0.9297520661157025,
    "y2": 0.7836538461538461
}