{
    "class": "other",
    "x1": 0.5125,
    "y1": 0.5191666666666667,
    "x2": 0.8683333333333333,
    "y2": 0.7883333333333333
}