{
    "class": "other",
    "x1": 0.49875,
    "y1": 0.5633946830265849,
    "x2": 0.9425,
    "y2": 0.7464212678936605
}