{
    "class": "other",
    "x1": 0.42604166666666665,
    "y1": 0.5199063231850117,
    "x2": 0.41875,
    "y2": 0.4808743169398907
}