{
    "class": "other",
    "x1": 0.4955555555555556,
    "y1": 0.49333333333333335,
    "x2": 0.8666666666666667,
    "y2": 0.6133333333333333
}