{
    "class": "other",
    "x1": 0.5216145833333333,
    "y1": 0.4067135050741608,
    "x2": 0.24427083333333333,
    "y2": 0.2185792349726776
}