{
    "class": "other",
    "x1": 0.4710526315789474,
    "y1": 0.5151869158878505,
    "x2": 0.7456140350877193,
    "y2": 0.7453271028037384
}