{
    "class": "other",
    "x1": 0.49411764705882355,
    "y1": 0.4981481481481482,
    "x2": 0.9117647058823529,
    "y2": 0.6111111111111112
}