{
    "class": "other",
    "x1": 0.44609375,
    "y1": 0.5351288056206089,
    "x2": 0.3223958333333333,
    "y2": 0.258391881342701
}