{
    "class": "other",
    "x1": 0.526463963963964,
    "y1": 0.44675456389452334,
    "x2": 0.7961711711711712,
    "y2": 0.7738336713995944
}