{
    "class": "other",
    "x1": 0.49777777777777776,
    "y1": 0.5,
    "x2": 0.72,
    "y2": 0.9555555555555556
}