{
    "class": "other",
    "x1": 0.68046875,
    "y1": 0.4773148148148148,
    "x2": 0.5015625,
    "y2": 0.5546296296296296
}