{
    "class": "other",
    "x1": 0.5008333333333334,
    "y1": 0.8733333333333333,
    "x2": 0.23166666666666666,
    "y2": 0.18
}