{
    "class": "other",
    "x1": 0.9346354166666667,
    "y1": 0.14910226385636222,
    "x2": 0.0796875,
    "y2": 0.12177985948477751
}