{
    "class": "other",
    "x1": 0.496996996996997,
    "y1": 0.5033112582781457,
    "x2": 0.987987987987988,
    "y2": 0.9933774834437086
}