{
    "class": "other",
    "x1": 0.5549479166666667,
    "y1": 0.4964871194379391,
    "x2": 0.059895833333333336,
    "y2": 0.09992193598750976
}