{
    "class": "other",
    "x1": 0.31,
    "y1": 0.5138888888888888,
    "x2": 0.5666666666666667,
    "y2": 0.7255555555555555
}