{
    "class": "other",
    "x1": 0.313125,
    "y1": 0.6233333333333333,
    "x2": 0.57375,
    "y2": 0.49
}