{
    "class": "other",
    "x1": 0.5177083333333333,
    "y1": 0.45042935206869633,
    "x2": 0.10625,
    "y2": 0.31693989071038253
}