{
    "class": "other",
    "x1": 0.505625,
    "y1": 0.4945833333333333,
    "x2": 0.78,
    "y2": 0.9008333333333334
}