{
    "class": "other",
    "x1": 0.5141975308641975,
    "y1": 0.5199074074074074,
    "x2": 0.13209876543209875,
    "y2": 0.13425925925925927
}