{
    "class": "other",
    "x1": 0.503584229390681,
    "y1": 0.5469613259668509,
    "x2": 0.7132616487455197,
    "y2": 0.7182320441988951
}