{
    "class": "other",
    "x1": 0.3685185185185185,
    "y1": 0.4097222222222222,
    "x2": 0.13209876543209875,
    "y2": 0.2712962962962963
}