{
    "class": "other",
    "x1": 0.54,
    "y1": 0.452023988005997,
    "x2": 0.234,
    "y2": 0.39730134932533734
}