{
    "class": "other",
    "x1": 0.5333333333333333,
    "y1": 0.5,
    "x2": 0.7111111111111111,
    "y2": 0.5466666666666666
}