{
    "class": "other",
    "x1": 0.48723958333333334,
    "y1": 0.8115740740740741,
    "x2": 0.059895833333333336,
    "y2": 0.10648148148148148
}