{
    "class": "other",
    "x1": 0.4236430542778289,
    "y1": 0.49916666666666665,
    "x2": 0.33946642134314625,
    "y2": 0.585
}