{
    "class": "other",
    "x1": 0.504950495049505,
    "y1": 0.49,
    "x2": 0.5346534653465347,
    "y2": 0.372
}