{
    "class": "other",
    "x1": 0.5209876543209877,
    "y1": 0.513425925925926,
    "x2": 0.16666666666666666,
    "y2": 0.12685185185185185
}