{
    "class": "other",
    "x1": 0.5022321428571429,
    "y1": 0.49107142857142855,
    "x2": 0.9955357142857143,
    "y2": 0.7321428571428571
}