{
    "class": "other",
    "x1": 0.5216145833333333,
    "y1": 0.5819672131147541,
    "x2": 0.31614583333333335,
    "y2": 0.38485558157689304
}