{
    "class": "other",
    "x1": 0.47421875,
    "y1": 0.5628205128205128,
    "x2": 0.5421875,
    "y2": 0.7564102564102564
}