{
    "class": "other",
    "x1": 0.5,
    "y1": 0.5022222222222222,
    "x2": 0.757847533632287,
    "y2": 0.8622222222222222
}