{
    "class": "other",
    "x1": 0.5006666666666667,
    "y1": 0.5553333333333333,
    "x2": 0.9186666666666666,
    "y2": 0.7946666666666666
}