{
    "class": "other",
    "x1": 0.4239583333333333,
    "y1": 0.5480093676814989,
    "x2": 0.3625,
    "y2": 0.25917252146760345
}