{
    "class": "other",
    "x1": 0.44114583333333335,
    "y1": 0.5718188914910226,
    "x2": 0.27395833333333336,
    "y2": 0.3942232630757221
}