{
    "class": "other",
    "x1": 0.5163636363636364,
    "y1": 0.5191256830601093,
    "x2": 0.6036363636363636,
    "y2": 0.5245901639344263
}