{
    "class": "other",
    "x1": 0.5073529411764706,
    "y1": 0.5462962962962963,
    "x2": 0.8264705882352941,
    "y2": 0.9074074074074074
}