{
    "class": "other",
    "x1": 0.4703125,
    "y1": 0.5175644028103045,
    "x2": 0.20625,
    "y2": 0.46994535519125685
}