{
    "class": "other",
    "x1": 0.5377604166666666,
    "y1": 0.4965277777777778,
    "x2": 0.8557291666666667,
    "y2": 0.9416666666666667
}