{
    "class": "other",
    "x1": 0.505625,
    "y1": 0.510625,
    "x2": 0.63875,
    "y2": 0.64375
}