{
    "class": "other",
    "x1": 0.42916666666666664,
    "y1": 0.5,
    "x2": 0.3541666666666667,
    "y2": 0.4444444444444444
}