{
    "class": "other",
    "x1": 0.4515463917525773,
    "y1": 0.5222437137330754,
    "x2": 0.2597938144329897,
    "y2": 0.37524177949709864
}