{
    "class": "other",
    "x1": 0.5091145833333334,
    "y1": 0.5831381733021077,
    "x2": 0.2578125,
    "y2": 0.3403590944574551
}