{
    "class": "other",
    "x1": 0.5009259259259259,
    "y1": 0.4888888888888889,
    "x2": 0.15123456790123457,
    "y2": 0.17407407407407408
}