{
    "class": "other",
    "x1": 0.47333333333333333,
    "y1": 0.5133333333333333,
    "x2": 0.8755555555555555,
    "y2": 0.8488888888888889
}