{
    "class": "other",
    "x1": 0.496415770609319,
    "y1": 0.48333333333333334,
    "x2": 0.4838709677419355,
    "y2": 0.7111111111111111
}