{
    "class": "other",
    "x1": 0.49776785714285715,
    "y1": 0.49107142857142855,
    "x2": 0.9866071428571429,
    "y2": 0.7321428571428571
}