{
    "class": "other",
    "x1": 0.5705729166666667,
    "y1": 0.4352068696330991,
    "x2": 0.3932291666666667,
    "y2": 0.3879781420765027
}