{
    "class": "other",
    "x1": 0.5145833333333333,
    "y1": 0.5163934426229508,
    "x2": 0.25,
    "y2": 0.40827478532396566
}