{
    "class": "other",
    "x1": 0.453125,
    "y1": 0.6330991412958626,
    "x2": 0.2520833333333333,
    "y2": 0.2232630757220921
}