{
    "class": "other",
    "x1": 0.5065104166666666,
    "y1": 0.47800925925925924,
    "x2": 0.24479166666666666,
    "y2": 0.6273148148148148
}