{
    "class": "other",
    "x1": 0.49113475177304966,
    "y1": 0.17393278837420525,
    "x2": 0.8262411347517731,
    "y2": 0.26793823796548594
}