{
    "class": "other",
    "x1": 0.662,
    "y1": 0.49760765550239233,
    "x2": 0.6413333333333333,
    "y2": 0.9665071770334929
}