{
    "class": "other",
    "x1": 0.5333333333333333,
    "y1": 0.25462962962962965,
    "x2": 0.203125,
    "y2": 0.4685185185185185
}