{
    "class": "other",
    "x1": 0.4354166666666667,
    "y1": 0.6494925839188135,
    "x2": 0.13125,
    "y2": 0.2966432474629196
}