{
    "class": "other",
    "x1": 0.5911458333333334,
    "y1": 0.6303669008587042,
    "x2": 0.15625,
    "y2": 0.20062451209992194
}