{
    "class": "other",
    "x1": 0.49322916666666666,
    "y1": 0.49141295862607337,
    "x2": 0.17708333333333334,
    "y2": 0.22404371584699453
}