{
    "class": "other",
    "x1": 0.5575520833333333,
    "y1": 0.42962962962962964,
    "x2": 0.23385416666666667,
    "y2": 0.4685185185185185
}