{
    "class": "other",
    "x1": 0.4342105263157895,
    "y1": 0.4776315789473684,
    "x2": 0.41228070175438597,
    "y2": 0.2868421052631579
}