{
    "class": "other",
    "x1": 0.5,
    "y1": 0.6394366197183099,
    "x2": 0.5934959349593496,
    "y2": 0.3436619718309859
}