{
    "class": "other",
    "x1": 0.5118924508790073,
    "y1": 0.5025,
    "x2": 0.8831437435367114,
    "y2": 0.28833333333333333
}