{
    "class": "other",
    "x1": 0.5022321428571429,
    "y1": 0.4955357142857143,
    "x2": 0.9598214285714286,
    "y2": 0.6071428571428571
}