{
    "class": "other",
    "x1": 0.496875,
    "y1": 0.536875,
    "x2": 0.64875,
    "y2": 0.78125
}