{
    "class": "other",
    "x1": 0.49192708333333335,
    "y1": 0.29768518518518516,
    "x2": 0.22552083333333334,
    "y2": 0.21203703703703702
}