{
    "class": "other",
    "x1": 0.3671875,
    "y1": 0.5101851851851852,
    "x2": 0.196875,
    "y2": 0.45925925925925926
}