{
    "class": "other",
    "x1": 0.5095833333333334,
    "y1": 0.4975,
    "x2": 0.8225,
    "y2": 0.6283333333333333
}