{
    "class": "other",
    "x1": 0.326953125,
    "y1": 0.30069444444444443,
    "x2": 0.43984375,
    "y2": 0.5791666666666667
}