{
    "class": "other",
    "x1": 0.5229166666666667,
    "y1": 0.6010928961748634,
    "x2": 0.2677083333333333,
    "y2": 0.26229508196721313
}