{
    "class": "other",
    "x1": 0.5,
    "y1": 0.5022321428571429,
    "x2": 0.5178571428571429,
    "y2": 0.4330357142857143
}