{
    "class": "other",
    "x1": 0.5583333333333333,
    "y1": 0.5323965651834505,
    "x2": 0.14270833333333333,
    "y2": 0.156128024980484
}