{
    "class": "other",
    "x1": 0.5559895833333334,
    "y1": 0.7154566744730679,
    "x2": 0.1484375,
    "y2": 0.19750195160031225
}