{
    "class": "other",
    "x1": 0.5083333333333333,
    "y1": 0.6222222222222222,
    "x2": 0.09583333333333334,
    "y2": 0.07037037037037037
}