{
    "class": "other",
    "x1": 0.4955555555555556,
    "y1": 0.45555555555555555,
    "x2": 0.8222222222222222,
    "y2": 0.4577777777777778
}