{
    "class": "other",
    "x1": 0.4937952430196484,
    "y1": 0.5275,
    "x2": 0.3877973112719752,
    "y2": 0.4033333333333333
}