{
    "class": "other",
    "x1": 0.48984375,
    "y1": 0.4726775956284153,
    "x2": 0.059895833333333336,
    "y2": 0.08352849336455893
}