{
    "class": "other",
    "x1": 0.5088888888888888,
    "y1": 0.5,
    "x2": 0.6355555555555555,
    "y2": 0.6088888888888889
}