{
    "class": "other",
    "x1": 0.45961820851688695,
    "y1": 0.46829971181556196,
    "x2": 0.801762114537445,
    "y2": 0.4956772334293948
}