{
    "class": "other",
    "x1": 0.5179738562091504,
    "y1": 0.4847560975609756,
    "x2": 0.4411764705882353,
    "y2": 0.5426829268292683
}