{
    "class": "other",
    "x1": 0.49375,
    "y1": 0.5035128805620609,
    "x2": 0.19479166666666667,
    "y2": 0.3044496487119438
}