{
    "class": "other",
    "x1": 0.5315104166666667,
    "y1": 0.47619047619047616,
    "x2": 0.12552083333333333,
    "y2": 0.3372365339578454
}