{
    "class": "other",
    "x1": 0.5,
    "y1": 0.5136612021857924,
    "x2": 0.730909090909091,
    "y2": 0.8415300546448088
}