{
    "class": "other",
    "x1": 0.4515625,
    "y1": 0.48282591725214674,
    "x2": 0.14791666666666667,
    "y2": 0.1865729898516784
}