{
    "class": "other",
    "x1": 0.45677083333333335,
    "y1": 0.5343481654957065,
    "x2": 0.15625,
    "y2": 0.3583138173302108
}