{
    "class": "other",
    "x1": 0.3675,
    "y1": 0.6011764705882353,
    "x2": 0.345,
    "y2": 0.4964705882352941
}