{
    "class": "other",
    "x1": 0.496875,
    "y1": 0.46770833333333334,
    "x2": 0.91875,
    "y2": 0.80625
}