{
    "class": "other",
    "x1": 0.46119791666666665,
    "y1": 0.5960187353629977,
    "x2": 0.3328125,
    "y2": 0.28024980483996875
}