{
    "class": "other",
    "x1": 0.5211864406779662,
    "y1": 0.6101694915254238,
    "x2": 0.923728813559322,
    "y2": 0.7033898305084746
}