{
    "class": "other",
    "x1": 0.5,
    "y1": 0.5066666666666667,
    "x2": 0.8222222222222222,
    "y2": 0.7022222222222222
}