{
    "class": "other",
    "x1": 0.6630208333333333,
    "y1": 0.6920374707259953,
    "x2": 0.25833333333333336,
    "y2": 0.2459016393442623
}