{
    "class": "other",
    "x1": 0.5234567901234568,
    "y1": 0.4726851851851852,
    "x2": 0.10123456790123457,
    "y2": 0.1398148148148148
}