{
    "class": "other",
    "x1": 0.5022222222222222,
    "y1": 0.5,
    "x2": 0.9955555555555555,
    "y2": 0.7244444444444444
}