{
    "class": "other",
    "x1": 0.4734375,
    "y1": 0.4715066354410617,
    "x2": 0.09895833333333333,
    "y2": 0.16237314597970337
}