{
    "class": "other",
    "x1": 0.43209876543209874,
    "y1": 0.5509259259259259,
    "x2": 0.10864197530864197,
    "y2": 0.16296296296296298
}