{
    "class": "other",
    "x1": 0.5067708333333333,
    "y1": 0.5132708821233412,
    "x2": 0.14895833333333333,
    "y2": 0.25214676034348166
}