{
    "class": "other",
    "x1": 0.5294270833333333,
    "y1": 0.5194444444444445,
    "x2": 0.08072916666666667,
    "y2": 0.08703703703703704
}