{
    "class": "other",
    "x1": 0.4838235294117647,
    "y1": 0.5148148148148148,
    "x2": 0.961764705882353,
    "y2": 0.9703703703703703
}