{
    "class": "other",
    "x1": 0.5298245614035088,
    "y1": 0.5526932084309133,
    "x2": 0.5964912280701754,
    "y2": 0.6463700234192038
}