{
    "class": "other",
    "x1": 0.5705729166666667,
    "y1": 0.42505854800936765,
    "x2": 0.10364583333333334,
    "y2": 0.1647150663544106
}