{
    "class": "other",
    "x1": 0.5016666666666667,
    "y1": 0.5075,
    "x2": 0.7166666666666667,
    "y2": 0.755
}