{
    "class": "other",
    "x1": 0.29,
    "y1": 0.5183333333333333,
    "x2": 0.44666666666666666,
    "y2": 0.36333333333333334
}