{
    "class": "other",
    "x1": 0.47708333333333336,
    "y1": 0.5722092115534738,
    "x2": 0.23125,
    "y2": 0.5979703356752537
}