{
    "class": "other",
    "x1": 0.5244791666666667,
    "y1": 0.5659640905542545,
    "x2": 0.2625,
    "y2": 0.24355971896955503
}