{
    "class": "other",
    "x1": 0.53984375,
    "y1": 0.3023148148148148,
    "x2": 0.14010416666666667,
    "y2": 0.22314814814814815
}