{
    "class": "other",
    "x1": 0.5074257425742574,
    "y1": 0.494,
    "x2": 0.4207920792079208,
    "y2": 0.444
}