{
    "class": "other",
    "x1": 0.49777777777777776,
    "y1": 0.4888888888888889,
    "x2": 0.8622222222222222,
    "y2": 0.8088888888888889
}