{
    "class": "other",
    "x1": 0.4640625,
    "y1": 0.5745370370370371,
    "x2": 0.07395833333333333,
    "y2": 0.062037037037037036
}