{
    "class": "other",
    "x1": 0.502906976744186,
    "y1": 0.48828125,
    "x2": 0.6065891472868217,
    "y2": 0.3796875
}