{
    "class": "other",
    "x1": 0.5998307952622673,
    "y1": 0.7686230248306998,
    "x2": 0.3976311336717428,
    "y2": 0.46275395033860045
}