{
    "class": "other",
    "x1": 0.5924479166666666,
    "y1": 0.5467592592592593,
    "x2": 0.3453125,
    "y2": 0.5564814814814815
}