{
    "class": "other",
    "x1": 0.49833333333333335,
    "y1": 0.5266666666666666,
    "x2": 0.9466666666666667,
    "y2": 0.8266666666666667
}