{
    "class": "other",
    "x1": 0.6252604166666667,
    "y1": 0.7747853239656518,
    "x2": 0.09739583333333333,
    "y2": 0.16315378610460576
}