{
    "class": "other",
    "x1": 0.4141975308641975,
    "y1": 0.5319444444444444,
    "x2": 0.09753086419753086,
    "y2": 0.09351851851851851
}