{
    "class": "other",
    "x1": 0.5007102272727273,
    "y1": 0.46577380952380953,
    "x2": 0.9985795454545454,
    "y2": 0.9285714285714286
}