{
    "class": "other",
    "x1": 0.5029411764705882,
    "y1": 0.5222222222222223,
    "x2": 0.8470588235294118,
    "y2": 0.7703703703703704
}