{
    "class": "other",
    "x1": 0.278125,
    "y1": 0.4439814814814815,
    "x2": 0.21666666666666667,
    "y2": 0.3509259259259259
}