{
    "class": "other",
    "x1": 0.6447916666666667,
    "y1": 0.6572989851678376,
    "x2": 0.23229166666666667,
    "y2": 0.20452771272443404
}