{
    "class": "other",
    "x1": 0.5098591549295775,
    "y1": 0.48450704225352115,
    "x2": 0.8394366197183099,
    "y2": 0.895774647887324
}