{
    "class": "other",
    "x1": 0.5042735042735043,
    "y1": 0.48043478260869565,
    "x2": 0.9914529914529915,
    "y2": 0.8695652173913043
}