{
    "class": "other",
    "x1": 0.48385416666666664,
    "y1": 0.5479921645445641,
    "x2": 0.7677083333333333,
    "y2": 0.8374142997061704
}