{
    "class": "other",
    "x1": 0.5008771929824561,
    "y1": 0.4739010989010989,
    "x2": 0.8333333333333334,
    "y2": 0.9258241758241759
}