{
    "class": "other",
    "x1": 0.5067829457364341,
    "y1": 0.50859375,
    "x2": 0.45155038759689925,
    "y2": 0.4515625
}