{
    "class": "other",
    "x1": 0.46979166666666666,
    "y1": 0.546448087431694,
    "x2": 0.2,
    "y2": 0.28415300546448086
}