{
    "class": "other",
    "x1": 0.5022222222222222,
    "y1": 0.5,
    "x2": 0.5511111111111111,
    "y2": 0.4577777777777778
}