{
    "class": "other",
    "x1": 0.48091603053435117,
    "y1": 0.5052083333333334,
    "x2": 0.9567430025445293,
    "y2": 0.7270833333333333
}