{
    "class": "other",
    "x1": 0.5513020833333333,
    "y1": 0.6800925925925926,
    "x2": 0.1015625,
    "y2": 0.07685185185185185
}