{
    "class": "other",
    "x1": 0.4981770833333333,
    "y1": 0.47109375,
    "x2": 0.37135416666666665,
    "y2": 0.7526041666666666
}