{
    "class": "other",
    "x1": 0.5,
    "y1": 0.5037037037037037,
    "x2": 0.6941176470588235,
    "y2": 0.762962962962963
}