{
    "class": "other",
    "x1": 0.5008771929824561,
    "y1": 0.45984455958549225,
    "x2": 0.9842105263157894,
    "y2": 0.8730569948186528
}