{
    "class": "other",
    "x1": 0.4588541666666667,
    "y1": 0.5343481654957065,
    "x2": 0.24479166666666666,
    "y2": 0.25995316159250587
}