{
    "class": "other",
    "x1": 0.45260416666666664,
    "y1": 0.5960187353629977,
    "x2": 0.07708333333333334,
    "y2": 0.16315378610460576
}