{
    "class": "other",
    "x1": 0.5348958333333333,
    "y1": 0.5217592592592593,
    "x2": 0.31666666666666665,
    "y2": 0.6101851851851852
}