{
    "class": "other",
    "x1": 0.58515625,
    "y1": 0.37222222222222223,
    "x2": 0.31614583333333335,
    "y2": 0.6018518518518519
}