{
    "class": "other",
    "x1": 0.49038461538461536,
    "y1": 0.5460251046025104,
    "x2": 0.21153846153846154,
    "y2": 0.6778242677824268
}