{
    "class": "other",
    "x1": 0.478125,
    "y1": 0.47970335675253706,
    "x2": 0.14166666666666666,
    "y2": 0.2068696330991413
}