{
    "class": "other",
    "x1": 0.5345188284518828,
    "y1": 0.3695652173913043,
    "x2": 0.7747559274755927,
    "y2": 0.6537842190016103
}