{
    "class": "other",
    "x1": 0.5221428571428571,
    "y1": 0.5114285714285715,
    "x2": 0.7271428571428571,
    "y2": 0.820952380952381
}