{
    "class": "other",
    "x1": 0.5653645833333333,
    "y1": 0.44537037037037036,
    "x2": 0.14010416666666667,
    "y2": 0.26666666666666666
}