{
    "class": "other",
    "x1": 0.5283854166666667,
    "y1": 0.4711163153786105,
    "x2": 0.06614583333333333,
    "y2": 0.18969555035128804
}