{
    "class": "other",
    "x1": 0.4248175182481752,
    "y1": 0.5583333333333333,
    "x2": 0.6394160583941606,
    "y2": 0.6791666666666667
}