{
    "class": "other",
    "x1": 0.5,
    "y1": 0.4866666666666667,
    "x2": 0.6711111111111111,
    "y2": 0.48444444444444446
}