{
    "class": "other",
    "x1": 0.5638020833333334,
    "y1": 0.5562060889929742,
    "x2": 0.13802083333333334,
    "y2": 0.13192818110850899
}