{
    "class": "other",
    "x1": 0.5184895833333333,
    "y1": 0.5234192037470726,
    "x2": 0.15885416666666666,
    "y2": 0.2537080405932865
}