{
    "class": "other",
    "x1": 0.49192708333333335,
    "y1": 0.5960187353629977,
    "x2": 0.2296875,
    "y2": 0.16939890710382513
}