{
    "class": "other",
    "x1": 0.399375,
    "y1": 0.5683520599250936,
    "x2": 0.40875,
    "y2": 0.8632958801498127
}