{
    "class": "other",
    "x1": 0.521875,
    "y1": 0.539375,
    "x2": 0.60875,
    "y2": 0.79125
}