{
    "class": "other",
    "x1": 0.5970588235294118,
    "y1": 0.5296296296296297,
    "x2": 0.7235294117647059,
    "y2": 0.7407407407407407
}