{
    "class": "other",
    "x1": 0.495,
    "y1": 0.5019230769230769,
    "x2": 0.96,
    "y2": 0.6038461538461538
}