{
    "class": "other",
    "x1": 0.45755208333333336,
    "y1": 0.5526932084309133,
    "x2": 0.11927083333333334,
    "y2": 0.16549570647931303
}