{
    "class": "other",
    "x1": 0.5021875,
    "y1": 0.4945833333333333,
    "x2": 0.773125,
    "y2": 0.7791666666666667
}