{
    "class": "other",
    "x1": 0.5161764705882353,
    "y1": 0.5481481481481482,
    "x2": 0.7794117647058824,
    "y2": 0.674074074074074
}