{
    "class": "other",
    "x1": 0.5111111111111111,
    "y1": 0.4444444444444444,
    "x2": 0.9511111111111111,
    "y2": 0.7377777777777778
}