{
    "class": "other",
    "x1": 0.31015625,
    "y1": 0.37197501951600315,
    "x2": 0.09635416666666667,
    "y2": 0.12256049960967993
}