{
    "class": "other",
    "x1": 0.5067934782608695,
    "y1": 0.5,
    "x2": 0.7907608695652174,
    "y2": 0.927536231884058
}