{
    "class": "other",
    "x1": 0.3640625,
    "y1": 0.6494925839188135,
    "x2": 0.115625,
    "y2": 0.15300546448087432
}