{
    "class": "other",
    "x1": 0.465625,
    "y1": 0.55546875,
    "x2": 0.684375,
    "y2": 0.7140625
}