{
    "class": "other",
    "x1": 0.55546875,
    "y1": 0.4672131147540984,
    "x2": 0.07239583333333334,
    "y2": 0.1053864168618267
}