{
    "class": "other",
    "x1": 0.5,
    "y1": 0.5025252525252525,
    "x2": 0.9763779527559056,
    "y2": 0.9747474747474747
}