{
    "class": "other",
    "x1": 0.5895833333333333,
    "y1": 0.5257611241217799,
    "x2": 0.121875,
    "y2": 0.08196721311475409
}