{
    "class": "other",
    "x1": 0.4955555555555556,
    "y1": 0.4955555555555556,
    "x2": 0.84,
    "y2": 0.6355555555555555
}