{
    "class": "other",
    "x1": 0.52875,
    "y1": 0.583125,
    "x2": 0.7675,
    "y2": 0.81375
}