{
    "class": "other",
    "x1": 0.5427083333333333,
    "y1": 0.45940671350507417,
    "x2": 0.13020833333333334,
    "y2": 0.209992193598751
}