{
    "class": "other",
    "x1": 0.6052083333333333,
    "y1": 0.5788446526151444,
    "x2": 0.13020833333333334,
    "y2": 0.1600312256049961
}