{
    "class": "other",
    "x1": 0.48515625,
    "y1": 0.4816549570647931,
    "x2": 0.10052083333333334,
    "y2": 0.1920374707259953
}