{
    "class": "other",
    "x1": 0.3301158301158301,
    "y1": 0.5489690721649485,
    "x2": 0.49034749034749037,
    "y2": 0.5824742268041238
}