{
    "class": "other",
    "x1": 0.4707142857142857,
    "y1": 0.5044150110375276,
    "x2": 0.5442857142857143,
    "y2": 0.46578366445916114
}