{
    "class": "other",
    "x1": 0.5489583333333333,
    "y1": 0.5615740740740741,
    "x2": 0.56875,
    "y2": 0.8472222222222222
}