{
    "class": "other",
    "x1": 0.6182291666666667,
    "y1": 0.3189814814814815,
    "x2": 0.06666666666666667,
    "y2": 0.09907407407407408
}