{
    "class": "other",
    "x1": 0.5484375,
    "y1": 0.5593286494925839,
    "x2": 0.23229166666666667,
    "y2": 0.2224824355971897
}