{
    "class": "other",
    "x1": 0.4921875,
    "y1": 0.47306791569086654,
    "x2": 0.13125,
    "y2": 0.17486338797814208
}