{
    "class": "other",
    "x1": 0.5111979166666667,
    "y1": 0.4773614363778298,
    "x2": 0.18385416666666668,
    "y2": 0.4270101483216237
}