{
    "class": "other",
    "x1": 0.5294270833333333,
    "y1": 0.47619047619047616,
    "x2": 0.16614583333333333,
    "y2": 0.2607338017174083
}