{
    "class": "other",
    "x1": 0.4890625,
    "y1": 0.5171875,
    "x2": 0.934375,
    "y2": 0.865625
}