{
    "class": "other",
    "x1": 0.5205729166666667,
    "y1": 0.4797191887675507,
    "x2": 0.6296875,
    "y2": 0.8049921996879875
}