{
    "class": "other",
    "x1": 0.55859375,
    "y1": 0.5085870413739266,
    "x2": 0.1953125,
    "y2": 0.1865729898516784
}