{
    "class": "other",
    "x1": 0.4825520833333333,
    "y1": 0.46174863387978143,
    "x2": 0.1421875,
    "y2": 0.20843091334894615
}