{
    "class": "other",
    "x1": 0.5022222222222222,
    "y1": 0.5,
    "x2": 0.9155555555555556,
    "y2": 0.4222222222222222
}