{
    "class": "other",
    "x1": 0.559375,
    "y1": 0.48750975800156127,
    "x2": 0.146875,
    "y2": 0.21623731459797033
}