{
    "class": "other",
    "x1": 0.5,
    "y1": 0.5089285714285714,
    "x2": 0.84,
    "y2": 0.9107142857142857
}