{
    "class": "other",
    "x1": 0.47994791666666664,
    "y1": 0.5120999219359875,
    "x2": 0.19114583333333332,
    "y2": 0.4605776736924278
}