{
    "class": "other",
    "x1": 0.525,
    "y1": 0.5053571428571428,
    "x2": 0.6214285714285714,
    "y2": 0.9035714285714286
}