{
    "class": "other",
    "x1": 0.5081120943952803,
    "y1": 0.5467571644042232,
    "x2": 0.7330383480825958,
    "y2": 0.7767722473604827
}