{
    "class": "other",
    "x1": 0.58984375,
    "y1": 0.4439814814814815,
    "x2": 0.15260416666666668,
    "y2": 0.24351851851851852
}