{
    "class": "other",
    "x1": 0.4739583333333333,
    "y1": 0.5476851851851852,
    "x2": 0.234375,
    "y2": 0.28055555555555556
}