{
    "class": "other",
    "x1": 0.416358024691358,
    "y1": 0.42962962962962964,
    "x2": 0.05617283950617284,
    "y2": 0.12222222222222222
}