{
    "class": "other",
    "x1": 0.5,
    "y1": 0.5436363636363636,
    "x2": 0.6721311475409836,
    "y2": 0.3381818181818182
}