{
    "class": "other",
    "x1": 0.5066666666666667,
    "y1": 0.4911111111111111,
    "x2": 0.9244444444444444,
    "y2": 0.7777777777777778
}