{
    "class": "other",
    "x1": 0.5,
    "y1": 0.5166666666666667,
    "x2": 0.5466666666666666,
    "y2": 0.6466666666666666
}