{
    "class": "other",
    "x1": 0.5674479166666667,
    "y1": 0.44212962962962965,
    "x2": 0.14739583333333334,
    "y2": 0.275
}