{
    "class": "other",
    "x1": 0.48933333333333334,
    "y1": 0.490280777537797,
    "x2": 0.728,
    "y2": 0.6825053995680346
}