{
    "class": "other",
    "x1": 0.4825,
    "y1": 0.473125,
    "x2": 0.6325,
    "y2": 0.81625
}