{
    "class": "other",
    "x1": 0.6173611111111111,
    "y1": 0.5092592592592593,
    "x2": 0.7097222222222223,
    "y2": 0.7888888888888889
}