{
    "class": "other",
    "x1": 0.5473958333333333,
    "y1": 0.562962962962963,
    "x2": 0.1,
    "y2": 0.13148148148148148
}