{
    "class": "other",
    "x1": 0.49732620320855614,
    "y1": 0.6555555555555556,
    "x2": 0.5454545454545454,
    "y2": 0.3111111111111111
}