{
    "class": "other",
    "x1": 0.4866666666666667,
    "y1": 0.4955555555555556,
    "x2": 0.7155555555555555,
    "y2": 0.9377777777777778
}