{
    "class": "other",
    "x1": 0.521875,
    "y1": 0.5487900078064013,
    "x2": 0.215625,
    "y2": 0.3731459797033568
}