{
    "class": "other",
    "x1": 0.4552083333333333,
    "y1": 0.5163934426229508,
    "x2": 0.44583333333333336,
    "y2": 0.35362997658079626
}