{
    "class": "other",
    "x1": 0.5083333333333333,
    "y1": 0.4361111111111111,
    "x2": 0.14135802469135803,
    "y2": 0.14814814814814814
}