{
    "class": "other",
    "x1": 0.48541666666666666,
    "y1": 0.4418423106947697,
    "x2": 0.23125,
    "y2": 0.3356752537080406
}