{
    "class": "other",
    "x1": 0.5135416666666667,
    "y1": 0.485167837626854,
    "x2": 0.14375,
    "y2": 0.18188914910226386
}