{
    "class": "other",
    "x1": 0.50859375,
    "y1": 0.4879000780640125,
    "x2": 0.1296875,
    "y2": 0.21233411397345825
}