{
    "class": "other",
    "x1": 0.5221354166666666,
    "y1": 0.2708333333333333,
    "x2": 0.21614583333333334,
    "y2": 0.45092592592592595
}