{
    "class": "other",
    "x1": 0.4825,
    "y1": 0.495625,
    "x2": 0.7025,
    "y2": 0.48125
}