{
    "class": "other",
    "x1": 0.48385416666666664,
    "y1": 0.5109289617486339,
    "x2": 0.209375,
    "y2": 0.28024980483996875
}