{
    "class": "other",
    "x1": 0.4560810810810811,
    "y1": 0.5807522123893806,
    "x2": 0.23108108108108108,
    "y2": 0.8075221238938053
}