{
    "class": "other",
    "x1": 0.5942708333333333,
    "y1": 0.5253708040593287,
    "x2": 0.21041666666666667,
    "y2": 0.3231850117096019
}