{
    "class": "other",
    "x1": 0.521484375,
    "y1": 0.49291497975708504,
    "x2": 0.4388020833333333,
    "y2": 0.9291497975708503
}