{
    "class": "other",
    "x1": 0.47161458333333334,
    "y1": 0.5409836065573771,
    "x2": 0.3265625,
    "y2": 0.5917252146760343
}