{
    "class": "other",
    "x1": 0.5184895833333333,
    "y1": 0.48711943793911006,
    "x2": 0.34739583333333335,
    "y2": 0.3622170179547229
}