{
    "class": "other",
    "x1": 0.5022222222222222,
    "y1": 0.58,
    "x2": 0.8888888888888888,
    "y2": 0.7155555555555555
}