{
    "class": "other",
    "x1": 0.5299479166666666,
    "y1": 0.446135831381733,
    "x2": 0.12447916666666667,
    "y2": 0.16939890710382513
}