{
    "class": "other",
    "x1": 0.4973958333333333,
    "y1": 0.6541666666666667,
    "x2": 0.06458333333333334,
    "y2": 0.09537037037037037
}