{
    "class": "other",
    "x1": 0.4765384615384615,
    "y1": 0.6399535423925667,
    "x2": 0.38846153846153847,
    "y2": 0.7200929152148664
}