{
    "class": "other",
    "x1": 0.4857142857142857,
    "y1": 0.49894736842105264,
    "x2": 0.967032967032967,
    "y2": 0.8126315789473684
}