{
    "class": "other",
    "x1": 0.49444444444444446,
    "y1": 0.35138888888888886,
    "x2": 0.2833333333333333,
    "y2": 0.2101851851851852
}