{
    "class": "other",
    "x1": 0.4648148148148148,
    "y1": 0.3921296296296296,
    "x2": 0.14320987654320988,
    "y2": 0.14166666666666666
}