{
    "class": "other",
    "x1": 0.503125,
    "y1": 0.4855581576893052,
    "x2": 0.096875,
    "y2": 0.20921155347384857
}