{
    "class": "other",
    "x1": 0.5,
    "y1": 0.50390625,
    "x2": 0.9958333333333333,
    "y2": 0.9234375
}