{
    "class": "other",
    "x1": 0.49444444444444446,
    "y1": 0.455,
    "x2": 0.7044444444444444,
    "y2": 0.5011111111111111
}