{
    "class": "other",
    "x1": 0.503448275862069,
    "y1": 0.5553602811950791,
    "x2": 0.7206896551724138,
    "y2": 0.6221441124780316
}