{
    "class": "other",
    "x1": 0.499375,
    "y1": 0.509375,
    "x2": 0.33625,
    "y2": 0.66375
}