{
    "class": "other",
    "x1": 0.510593220338983,
    "y1": 0.49712643678160917,
    "x2": 0.8432203389830508,
    "y2": 0.8793103448275862
}