{
    "class": "other",
    "x1": 0.5380208333333333,
    "y1": 0.49804839968774395,
    "x2": 0.15,
    "y2": 0.22014051522248243
}