{
    "class": "other",
    "x1": 0.5450520833333333,
    "y1": 0.524199843871975,
    "x2": 0.16927083333333334,
    "y2": 0.24121779859484777
}