{
    "class": "other",
    "x1": 0.4283854166666667,
    "y1": 0.40555555555555556,
    "x2": 0.2755208333333333,
    "y2": 0.4222222222222222
}