{
    "class": "other",
    "x1": 0.5020833333333333,
    "y1": 0.5060185185185185,
    "x2": 0.109375,
    "y2": 0.11574074074074074
}