{
    "class": "other",
    "x1": 0.5346354166666667,
    "y1": 0.48282591725214674,
    "x2": 0.2630208333333333,
    "y2": 0.36768149882903983
}