{
    "class": "other",
    "x1": 0.48787878787878786,
    "y1": 0.5155038759689923,
    "x2": 0.7963636363636364,
    "y2": 0.8697674418604651
}