{
    "class": "other",
    "x1": 0.43463541666666666,
    "y1": 0.557767369242779,
    "x2": 0.34322916666666664,
    "y2": 0.4519906323185012
}