{
    "class": "other",
    "x1": 0.5221354166666666,
    "y1": 0.5413739266198283,
    "x2": 0.23489583333333333,
    "y2": 0.3255269320843091
}