{
    "class": "other",
    "x1": 0.3977777777777778,
    "y1": 0.30854430379746833,
    "x2": 0.6666666666666666,
    "y2": 0.5474683544303798
}