{
    "class": "other",
    "x1": 0.5174479166666667,
    "y1": 0.531615925058548,
    "x2": 0.2453125,
    "y2": 0.20921155347384857
}