{
    "class": "other",
    "x1": 0.5114583333333333,
    "y1": 0.44691647150663544,
    "x2": 0.13229166666666667,
    "y2": 0.21155347384855583
}