{
    "class": "other",
    "x1": 0.2875,
    "y1": 0.21777777777777776,
    "x2": 0.15166666666666667,
    "y2": 0.26222222222222225
}