{
    "class": "other",
    "x1": 0.43333333333333335,
    "y1": 0.49666666666666665,
    "x2": 0.86,
    "y2": 0.92
}