{
    "class": "other",
    "x1": 0.50625,
    "y1": 0.6444444444444445,
    "x2": 0.084375,
    "y2": 0.08888888888888889
}