{
    "class": "other",
    "x1": 0.4951550387596899,
    "y1": 0.5,
    "x2": 0.312015503875969,
    "y2": 0.353125
}