{
    "class": "other",
    "x1": 0.5185185185185185,
    "y1": 0.5296296296296297,
    "x2": 0.5407407407407407,
    "y2": 0.5925925925925926
}