{
    "class": "other",
    "x1": 0.48203125,
    "y1": 0.5143518518518518,
    "x2": 0.1859375,
    "y2": 0.2601851851851852
}