{
    "class": "other",
    "x1": 0.49895833333333334,
    "y1": 0.44844290657439445,
    "x2": 0.9958333333333333,
    "y2": 0.7944636678200692
}