{
    "class": "other",
    "x1": 0.46510416666666665,
    "y1": 0.5589383294301327,
    "x2": 0.24895833333333334,
    "y2": 0.33411397345823574
}