{
    "class": "other",
    "x1": 0.5136612021857924,
    "y1": 0.49818181818181817,
    "x2": 0.644808743169399,
    "y2": 0.509090909090909
}