{
    "class": "other",
    "x1": 0.5,
    "y1": 0.5044444444444445,
    "x2": 0.8571428571428571,
    "y2": 0.7066666666666667
}