{
    "class": "other",
    "x1": 0.49270833333333336,
    "y1": 0.4672131147540984,
    "x2": 0.1875,
    "y2": 0.28337236533957844
}