{
    "class": "other",
    "x1": 0.48125,
    "y1": 0.4207650273224044,
    "x2": 0.321875,
    "y2": 0.507416081186573
}