{
    "class": "other",
    "x1": 0.52109375,
    "y1": 0.49765625,
    "x2": 0.8265625,
    "y2": 0.7203125
}