{
    "class": "other",
    "x1": 0.5093167701863354,
    "y1": 0.48198757763975153,
    "x2": 0.9490683229813665,
    "y2": 0.782608695652174
}