{
    "class": "other",
    "x1": 0.4493333333333333,
    "y1": 0.511,
    "x2": 0.7626666666666667,
    "y2": 0.902
}