{
    "class": "other",
    "x1": 0.49884615384615383,
    "y1": 0.4924942263279446,
    "x2": 0.33153846153846156,
    "y2": 0.4815242494226328
}