{
    "class": "other",
    "x1": 0.5018181818181818,
    "y1": 0.5163934426229508,
    "x2": 0.8945454545454545,
    "y2": 0.7704918032786885
}