{
    "class": "other",
    "x1": 0.4888888888888889,
    "y1": 0.5911111111111111,
    "x2": 0.8711111111111111,
    "y2": 0.5422222222222223
}