{
    "class": "other",
    "x1": 0.5123333333333333,
    "y1": 0.5003190810465858,
    "x2": 0.882,
    "y2": 0.9189534141671984
}