{
    "class": "other",
    "x1": 0.46484375,
    "y1": 0.6081186572989852,
    "x2": 0.1953125,
    "y2": 0.26697892271662765
}