{
    "class": "other",
    "x1": 0.4669270833333333,
    "y1": 0.46643247462919596,
    "x2": 0.1453125,
    "y2": 0.18188914910226386
}