{
    "class": "other",
    "x1": 0.49114583333333334,
    "y1": 0.48360655737704916,
    "x2": 0.06666666666666667,
    "y2": 0.0897736143637783
}