{
    "class": "other",
    "x1": 0.45964912280701753,
    "y1": 0.5855263157894737,
    "x2": 0.6385964912280702,
    "y2": 0.6447368421052632
}