{
    "class": "other",
    "x1": 0.47478991596638653,
    "y1": 0.49528301886792453,
    "x2": 0.8151260504201681,
    "y2": 0.7735849056603774
}