{
    "class": "other",
    "x1": 0.24267578125,
    "y1": 0.646484375,
    "x2": 0.4833984375,
    "y2": 0.53515625
}