{
    "class": "other",
    "x1": 0.44765625,
    "y1": 0.6362217017954723,
    "x2": 0.07239583333333334,
    "y2": 0.09679937548790007
}