{
    "class": "other",
    "x1": 0.5861979166666667,
    "y1": 0.4,
    "x2": 0.41302083333333334,
    "y2": 0.5611111111111111
}