{
    "class": "other",
    "x1": 0.45401234567901233,
    "y1": 0.38287037037037036,
    "x2": 0.07222222222222222,
    "y2": 0.20462962962962963
}