{
    "class": "other",
    "x1": 0.48125,
    "y1": 0.6291959406713505,
    "x2": 0.11875,
    "y2": 0.14207650273224043
}