{
    "class": "other",
    "x1": 0.4979166666666667,
    "y1": 0.5105386416861827,
    "x2": 0.13333333333333333,
    "y2": 0.15456674473067916
}