{
    "class": "other",
    "x1": 0.51640625,
    "y1": 0.63125,
    "x2": 0.6546875,
    "y2": 0.65
}