{
    "class": "other",
    "x1": 0.44453125,
    "y1": 0.5347384855581577,
    "x2": 0.10677083333333333,
    "y2": 0.16705698672911787
}