{
    "class": "other",
    "x1": 0.5291666666666667,
    "y1": 0.5408333333333334,
    "x2": 0.7916666666666666,
    "y2": 0.7183333333333334
}