{
    "class": "other",
    "x1": 0.4955555555555556,
    "y1": 0.48520710059171596,
    "x2": 0.6888888888888889,
    "y2": 0.9112426035502958
}