{
    "class": "other",
    "x1": 0.6235294117647059,
    "y1": 0.5420833333333334,
    "x2": 0.2802139037433155,
    "y2": 0.19583333333333333
}