{
    "class": "other",
    "x1": 0.6758691206543967,
    "y1": 0.6410071942446043,
    "x2": 0.4437627811860941,
    "y2": 0.2446043165467626
}