{
    "class": "other",
    "x1": 0.4985294117647059,
    "y1": 0.5462962962962963,
    "x2": 0.9852941176470589,
    "y2": 0.43333333333333335
}