{
    "class": "other",
    "x1": 0.4981203007518797,
    "y1": 0.5052631578947369,
    "x2": 0.7631578947368421,
    "y2": 0.8315789473684211
}