{
    "class": "other",
    "x1": 0.47333333333333333,
    "y1": 0.515625,
    "x2": 0.6,
    "y2": 0.73125
}