{
    "class": "other",
    "x1": 0.587890625,
    "y1": 0.5416666666666666,
    "x2": 0.49453125,
    "y2": 0.7138888888888889
}