{
    "class": "other",
    "x1": 0.521875,
    "y1": 0.536875,
    "x2": 0.55125,
    "y2": 0.80625
}