{
    "class": "other",
    "x1": 0.4544270833333333,
    "y1": 0.46291959406713507,
    "x2": 0.17239583333333333,
    "y2": 0.27010148321623734
}