{
    "class": "other",
    "x1": 0.5388020833333333,
    "y1": 0.3351851851851852,
    "x2": 0.1140625,
    "y2": 0.4444444444444444
}