{
    "class": "other",
    "x1": 0.4700520833333333,
    "y1": 0.49063231850117095,
    "x2": 0.2078125,
    "y2": 0.42232630757220924
}