{
    "class": "other",
    "x1": 0.3282442748091603,
    "y1": 0.546875,
    "x2": 0.42748091603053434,
    "y2": 0.4583333333333333
}