{
    "class": "other",
    "x1": 0.54,
    "y1": 0.5088888888888888,
    "x2": 0.7511111111111111,
    "y2": 0.9466666666666667
}