{
    "class": "other",
    "x1": 0.37109375,
    "y1": 0.6412958626073381,
    "x2": 0.11197916666666667,
    "y2": 0.16627634660421545
}