{
    "class": "other",
    "x1": 0.5133333333333333,
    "y1": 0.5177777777777778,
    "x2": 0.7688888888888888,
    "y2": 0.6977777777777778
}