{
    "class": "other",
    "x1": 0.469375,
    "y1": 0.490625,
    "x2": 0.88875,
    "y2": 0.75875
}