{
    "class": "other",
    "x1": 0.6223958333333334,
    "y1": 0.5671350507416081,
    "x2": 0.10104166666666667,
    "y2": 0.20530835284933646
}