{
    "class": "other",
    "x1": 0.5236979166666667,
    "y1": 0.4570647931303669,
    "x2": 0.22447916666666667,
    "y2": 0.28337236533957844
}