{
    "class": "other",
    "x1": 0.5779816513761468,
    "y1": 0.48853211009174313,
    "x2": 0.5963302752293578,
    "y2": 0.8119266055045872
}