{
    "class": "other",
    "x1": 0.4955555555555556,
    "y1": 0.5244444444444445,
    "x2": 0.9022222222222223,
    "y2": 0.7911111111111111
}