{
    "class": "other",
    "x1": 0.47734375,
    "y1": 0.48360655737704916,
    "x2": 0.0609375,
    "y2": 0.18032786885245902
}