{
    "class": "other",
    "x1": 0.3958333333333333,
    "y1": 0.6120218579234973,
    "x2": 0.11875,
    "y2": 0.14988290398126464
}