{
    "class": "other",
    "x1": 0.45755208333333336,
    "y1": 0.5015612802498048,
    "x2": 0.1265625,
    "y2": 0.15534738485558158
}