{
    "class": "other",
    "x1": 0.5241379310344828,
    "y1": 0.30344827586206896,
    "x2": 0.8344827586206897,
    "y2": 0.5896551724137931
}