{
    "class": "other",
    "x1": 0.5080729166666667,
    "y1": 0.546484375,
    "x2": 0.8276041666666667,
    "y2": 0.72578125
}