{
    "class": "other",
    "x1": 0.5044117647058823,
    "y1": 0.5,
    "x2": 0.9676470588235294,
    "y2": 0.7925925925925926
}