{
    "class": "other",
    "x1": 0.4777777777777778,
    "y1": 0.41333333333333333,
    "x2": 0.8222222222222222,
    "y2": 0.5066666666666667
}