{
    "class": "other",
    "x1": 0.5716145833333334,
    "y1": 0.5210772833723654,
    "x2": 0.06197916666666667,
    "y2": 0.08508977361436378
}