{
    "class": "other",
    "x1": 0.46328125,
    "y1": 0.3388888888888889,
    "x2": 0.3546875,
    "y2": 0.34074074074074073
}