{
    "class": "other",
    "x1": 0.515234375,
    "y1": 0.46041666666666664,
    "x2": 0.56484375,
    "y2": 0.8569444444444444
}