{
    "class": "other",
    "x1": 0.5,
    "y1": 0.523936170212766,
    "x2": 0.5921985815602837,
    "y2": 0.5549645390070922
}