{
    "class": "other",
    "x1": 0.4630208333333333,
    "y1": 0.5062451209992194,
    "x2": 0.159375,
    "y2": 0.20374707259953162
}