{
    "class": "other",
    "x1": 0.5927083333333333,
    "y1": 0.6502732240437158,
    "x2": 0.15104166666666666,
    "y2": 0.2029664324746292
}