{
    "class": "other",
    "x1": 0.3729096989966555,
    "y1": 0.7063829787234043,
    "x2": 0.30434782608695654,
    "y2": 0.3276595744680851
}