{
    "class": "other",
    "x1": 0.5059523809523809,
    "y1": 0.5125,
    "x2": 0.8293650793650794,
    "y2": 0.855
}