{
    "class": "other",
    "x1": 0.5369791666666667,
    "y1": 0.3106481481481482,
    "x2": 0.9260416666666667,
    "y2": 0.6194444444444445
}