{
    "class": "other",
    "x1": 0.5065104166666666,
    "y1": 0.46213895394223264,
    "x2": 0.1265625,
    "y2": 0.32474629195940674
}