{
    "class": "other",
    "x1": 0.5073529411764706,
    "y1": 0.5333333333333333,
    "x2": 0.9852941176470589,
    "y2": 0.5925925925925926
}