{
    "class": "other",
    "x1": 0.41484375,
    "y1": 0.587431693989071,
    "x2": 0.13177083333333334,
    "y2": 0.09445745511319281
}