{
    "class": "other",
    "x1": 0.21614583333333334,
    "y1": 0.6167056986729118,
    "x2": 0.1125,
    "y2": 0.20140515222482436
}