{
    "class": "other",
    "x1": 0.6703125,
    "y1": 0.6139734582357533,
    "x2": 0.11666666666666667,
    "y2": 0.1522248243559719
}