{
    "class": "other",
    "x1": 0.4669270833333333,
    "y1": 0.4648711943793911,
    "x2": 0.14635416666666667,
    "y2": 0.18188914910226386
}