{
    "class": "other",
    "x1": 0.521875,
    "y1": 0.47892271662763464,
    "x2": 0.128125,
    "y2": 0.19437939110070257
}