{
    "class": "other",
    "x1": 0.5008333333333334,
    "y1": 0.555,
    "x2": 0.9983333333333333,
    "y2": 0.57
}