{
    "class": "knife",
    "x1": 0.4591145833333333,
    "y1": 0.5546296296296296,
    "x2": 0.35989583333333336,
    "y2": 0.2611111111111111
}