{
    "class": "pistol",
    "x1": 0.5015625,
    "y1": 0.3125,
    "x2": 0.734375,
    "y2": 0.4724576271186441
}