{
    "class": "pistol",
    "x1": 0.55,
    "y1": 0.22847222222222222,
    "x2": 0.0375,
    "y2": 0.11527777777777778
}