{
    "class": "pistol",
    "x1": 0.681875,
    "y1": 0.5534351145038168,
    "x2": 0.32125,
    "y2": 0.732824427480916
}