{
    "class": "pistol",
    "x1": 0.19907407407407407,
    "y1": 0.37461538461538463,
    "x2": 0.22916666666666666,
    "y2": 0.2230769230769231
}