{
    "class": "pistol",
    "x1": 0.6271604938271605,
    "y1": 0.763425925925926,
    "x2": 0.18395061728395062,
    "y2": 0.21203703703703702
}