{
    "class": "pistol",
    "x1": 0.5041666666666667,
    "y1": 0.4625,
    "x2": 0.8083333333333333,
    "y2": 0.4625
}