{
    "class": "pistol",
    "x1": 0.6671875,
    "y1": 0.24305555555555555,
    "x2": 0.06875,
    "y2": 0.25277777777777777
}