{
    "class": "pistol",
    "x1": 0.36038461538461536,
    "y1": 0.7164902998236331,
    "x2": 0.37153846153846154,
    "y2": 0.3148148148148148
}