{
    "class": "pistol",
    "x1": 0.490625,
    "y1": 0.4875,
    "x2": 0.91875,
    "y2": 0.9083333333333333
}