{
    "class": "pistol",
    "x1": 0.49872854418308965,
    "y1": 0.34629629629629627,
    "x2": 0.06166560712015257,
    "y2": 0.16666666666666666
}