{
    "class": "pistol",
    "x1": 0.484375,
    "y1": 0.4625,
    "x2": 0.88125,
    "y2": 0.9083333333333333
}