{
    "class": "pistol",
    "x1": 0.4578125,
    "y1": 0.3875,
    "x2": 0.19583333333333333,
    "y2": 0.16944444444444445
}