{
    "class": "pistol",
    "x1": 0.3,
    "y1": 0.317741935483871,
    "x2": 0.3781818181818182,
    "y2": 0.42258064516129035
}