{
    "class": "pistol",
    "x1": 0.3546875,
    "y1": 0.2652777777777778,
    "x2": 0.1375,
    "y2": 0.15555555555555556
}