{
    "class": "pistol",
    "x1": 0.8427777777777777,
    "y1": 0.3541666666666667,
    "x2": 0.21222222222222223,
    "y2": 0.13833333333333334
}