{
    "class": "pistol",
    "x1": 0.5865384615384616,
    "y1": 0.6476091476091476,
    "x2": 0.3873626373626374,
    "y2": 0.43451143451143454
}