{
    "class": "pistol",
    "x1": 0.40963541666666664,
    "y1": 0.3714080459770115,
    "x2": 0.33177083333333335,
    "y2": 0.3735632183908046
}