{
    "class": "pistol",
    "x1": 0.496,
    "y1": 0.594311377245509,
    "x2": 0.7,
    "y2": 0.6377245508982036
}