{
    "class": "pistol",
    "x1": 0.5203703703703704,
    "y1": 0.5101851851851852,
    "x2": 0.12345679012345678,
    "y2": 0.1259259259259259
}