{
    "class": "pistol",
    "x1": 0.490625,
    "y1": 0.4791666666666667,
    "x2": 0.96875,
    "y2": 0.9416666666666667
}