{
    "class": "pistol",
    "x1": 0.496875,
    "y1": 0.4708333333333333,
    "x2": 0.81875,
    "y2": 0.825
}