{
    "class": "pistol",
    "x1": 0.51953125,
    "y1": 0.4935185185185185,
    "x2": 0.20989583333333334,
    "y2": 0.2740740740740741
}