{
    "class": "pistol",
    "x1": 0.6108333333333333,
    "y1": 0.49875,
    "x2": 0.295,
    "y2": 0.2225
}