{
    "class": "pistol",
    "x1": 0.576171875,
    "y1": 0.7569444444444444,
    "x2": 0.14140625,
    "y2": 0.19166666666666668
}