{
    "class": "pistol",
    "x1": 0.31125,
    "y1": 0.6771523178807947,
    "x2": 0.5925,
    "y2": 0.5264900662251656
}