{
    "class": "pistol",
    "x1": 0.3101190476190476,
    "y1": 0.5796847635726795,
    "x2": 0.2369047619047619,
    "y2": 0.2626970227670753
}