{
    "class": "pistol",
    "x1": 0.5616666666666666,
    "y1": 0.6038647342995169,
    "x2": 0.7833333333333333,
    "y2": 0.6763285024154589
}