{
    "class": "pistol",
    "x1": 0.4628995433789954,
    "y1": 0.5162271805273834,
    "x2": 0.5856164383561644,
    "y2": 0.8742393509127789
}