{
    "class": "pistol",
    "x1": 0.43172690763052207,
    "y1": 0.4583333333333333,
    "x2": 0.5020080321285141,
    "y2": 0.23765432098765432
}