{
    "class": "pistol",
    "x1": 0.5057692307692307,
    "y1": 0.4133949191685912,
    "x2": 0.7346153846153847,
    "y2": 0.4503464203233256
}