{
    "class": "pistol",
    "x1": 0.408,
    "y1": 0.6456456456456456,
    "x2": 0.6,
    "y2": 0.43843843843843844
}