{
    "class": "pistol",
    "x1": 0.495,
    "y1": 0.49666666666666665,
    "x2": 0.98,
    "y2": 0.9666666666666667
}