{
    "class": "pistol",
    "x1": 0.8347222222222223,
    "y1": 0.5537109375,
    "x2": 0.225,
    "y2": 0.12109375
}