{
    "class": "pistol",
    "x1": 0.35555555555555557,
    "y1": 0.7157407407407408,
    "x2": 0.08271604938271605,
    "y2": 0.09259259259259259
}