{
    "class": "pistol",
    "x1": 0.491,
    "y1": 0.455012853470437,
    "x2": 0.854,
    "y2": 0.8586118251928021
}