{
    "class": "pistol",
    "x1": 0.375390625,
    "y1": 0.2548611111111111,
    "x2": 0.08828125,
    "y2": 0.15694444444444444
}