{
    "class": "pistol",
    "x1": 0.50625,
    "y1": 0.5125,
    "x2": 0.85,
    "y2": 0.8583333333333333
}