{
    "class": "pistol",
    "x1": 0.24817708333333333,
    "y1": 0.5916666666666667,
    "x2": 0.2109375,
    "y2": 0.23333333333333334
}