{
    "class": "pistol",
    "x1": 0.32453567937438904,
    "y1": 0.5608504398826979,
    "x2": 0.45161290322580644,
    "y2": 0.5586510263929618
}