{
    "class": "pistol",
    "x1": 0.45416666666666666,
    "y1": 0.46754250386398766,
    "x2": 0.8666666666666667,
    "y2": 0.8856259659969088
}