{
    "class": "pistol",
    "x1": 0.1994219653179191,
    "y1": 0.46111111111111114,
    "x2": 0.24855491329479767,
    "y2": 0.27037037037037037
}