{
    "class": "pistol",
    "x1": 0.503125,
    "y1": 0.6208333333333333,
    "x2": 0.86875,
    "y2": 0.7583333333333333
}