{
    "class": "pistol",
    "x1": 0.1945727482678984,
    "y1": 0.41079136690647483,
    "x2": 0.2066974595842956,
    "y2": 0.0920863309352518
}