{
    "class": "pistol",
    "x1": 0.5875,
    "y1": 0.37222222222222223,
    "x2": 0.12708333333333333,
    "y2": 0.4
}