{
    "class": "pistol",
    "x1": 0.23076923076923078,
    "y1": 0.680365296803653,
    "x2": 0.23846153846153847,
    "y2": 0.589041095890411
}