{
    "class": "pistol",
    "x1": 0.5109375,
    "y1": 0.3090277777777778,
    "x2": 0.0984375,
    "y2": 0.0875
}