{
    "class": "pistol",
    "x1": 0.554,
    "y1": 0.505249343832021,
    "x2": 0.772,
    "y2": 0.8792650918635171
}