{
    "class": "pistol",
    "x1": 0.46166666666666667,
    "y1": 0.3659090909090909,
    "x2": 0.59,
    "y2": 0.5227272727272727
}