{
    "class": "pistol",
    "x1": 0.6148648648648649,
    "y1": 0.35714285714285715,
    "x2": 0.727027027027027,
    "y2": 0.6369047619047619
}