{
    "class": "pistol",
    "x1": 0.513,
    "y1": 0.48343373493975905,
    "x2": 0.694,
    "y2": 0.9608433734939759
}