{
    "class": "pistol",
    "x1": 0.45123456790123456,
    "y1": 0.24722222222222223,
    "x2": 0.1506172839506173,
    "y2": 0.14814814814814814
}