{
    "class": "pistol",
    "x1": 0.50625,
    "y1": 0.49166666666666664,
    "x2": 0.95,
    "y2": 0.95
}