{
    "class": "pistol",
    "x1": 0.4969053934571176,
    "y1": 0.49663978494623656,
    "x2": 0.9602122015915119,
    "y2": 0.9610215053763441
}