{
    "class": "pistol",
    "x1": 0.5945723684210527,
    "y1": 0.8114035087719298,
    "x2": 0.21217105263157895,
    "y2": 0.30116959064327486
}