{
    "class": "pistol",
    "x1": 0.61,
    "y1": 0.4864864864864865,
    "x2": 0.768,
    "y2": 0.7327327327327328
}