{
    "class": "pistol",
    "x1": 0.29307692307692307,
    "y1": 0.42207112970711297,
    "x2": 0.18307692307692308,
    "y2": 0.20606694560669456
}