{
    "class": "pistol",
    "x1": 0.504375,
    "y1": 0.5033613445378151,
    "x2": 0.97125,
    "y2": 0.9899159663865547
}