{
    "class": "pistol",
    "x1": 0.466,
    "y1": 0.43733333333333335,
    "x2": 0.856,
    "y2": 0.8373333333333334
}