{
    "class": "pistol",
    "x1": 0.49244505494505497,
    "y1": 0.5018315018315018,
    "x2": 0.9684065934065934,
    "y2": 0.8205128205128205
}