{
    "class": "pistol",
    "x1": 0.4834782608695652,
    "y1": 0.5069605568445475,
    "x2": 0.8973913043478261,
    "y2": 0.9071925754060325
}