{
    "class": "pistol",
    "x1": 0.32864583333333336,
    "y1": 0.5943728018757327,
    "x2": 0.5114583333333333,
    "y2": 0.7139507620164126
}