{
    "class": "pistol",
    "x1": 0.5120370370370371,
    "y1": 0.49537037037037035,
    "x2": 0.07469135802469136,
    "y2": 0.10925925925925926
}