{
    "class": "pistol",
    "x1": 0.7442307692307693,
    "y1": 0.6639629200463499,
    "x2": 0.1853846153846154,
    "y2": 0.4264194669756663
}