{
    "class": "pistol",
    "x1": 0.4727838258164852,
    "y1": 0.4375,
    "x2": 0.7620528771384136,
    "y2": 0.725
}