{
    "class": "pistol",
    "x1": 0.3967741935483871,
    "y1": 0.48799126637554585,
    "x2": 0.5935483870967742,
    "y2": 0.7925764192139738
}