{
    "class": "pistol",
    "x1": 0.47578125,
    "y1": 0.09722222222222222,
    "x2": 0.109375,
    "y2": 0.19166666666666668
}