{
    "class": "pistol",
    "x1": 0.5033333333333333,
    "y1": 0.5,
    "x2": 0.9933333333333333,
    "y2": 0.9854545454545455
}