{
    "class": "pistol",
    "x1": 0.5059895833333333,
    "y1": 0.5026656511805027,
    "x2": 0.8817708333333333,
    "y2": 0.913937547600914
}