{
    "class": "pistol",
    "x1": 0.51640625,
    "y1": 0.5257611241217799,
    "x2": 0.19322916666666667,
    "y2": 0.4020296643247463
}