{
    "class": "pistol",
    "x1": 0.35546875,
    "y1": 0.2786885245901639,
    "x2": 0.3203125,
    "y2": 0.43559718969555034
}