{
    "class": "pistol",
    "x1": 0.496875,
    "y1": 0.475,
    "x2": 0.93125,
    "y2": 0.9333333333333333
}