{
    "class": "pistol",
    "x1": 0.5033333333333333,
    "y1": 0.53,
    "x2": 0.9666666666666667,
    "y2": 0.6333333333333333
}