{
    "class": "pistol",
    "x1": 0.559,
    "y1": 0.6586666666666666,
    "x2": 0.482,
    "y2": 0.5493333333333333
}