{
    "class": "pistol",
    "x1": 0.4700520833333333,
    "y1": 0.5147569444444444,
    "x2": 0.9166666666666666,
    "y2": 0.7482638888888888
}