{
    "class": "pistol",
    "x1": 0.32166666666666666,
    "y1": 0.4311111111111111,
    "x2": 0.4033333333333333,
    "y2": 0.36444444444444446
}