{
    "class": "pistol",
    "x1": 0.6111538461538462,
    "y1": 0.25519630484988454,
    "x2": 0.24076923076923076,
    "y2": 0.18937644341801385
}