{
    "class": "pistol",
    "x1": 0.50625,
    "y1": 0.5,
    "x2": 0.95,
    "y2": 0.9666666666666667
}