{
    "class": "pistol",
    "x1": 0.4453125,
    "y1": 0.43472222222222223,
    "x2": 0.2552083333333333,
    "y2": 0.4361111111111111
}