{
    "class": "pistol",
    "x1": 0.7053291536050157,
    "y1": 0.5542797494780793,
    "x2": 0.45768025078369906,
    "y2": 0.40292275574112735
}