{
    "class": "pistol",
    "x1": 0.4693548387096774,
    "y1": 0.5871428571428572,
    "x2": 0.864516129032258,
    "y2": 0.7971428571428572
}