{
    "class": "pistol",
    "x1": 0.48643006263048016,
    "y1": 0.4264305177111717,
    "x2": 0.5887265135699373,
    "y2": 0.55858310626703
}