{
    "class": "pistol",
    "x1": 0.4869230769230769,
    "y1": 0.4747252747252747,
    "x2": 0.8723076923076923,
    "y2": 0.9054945054945055
}