{
    "class": "pistol",
    "x1": 0.5127659574468085,
    "y1": 0.5108333333333334,
    "x2": 0.9148936170212766,
    "y2": 0.535
}