{
    "class": "pistol",
    "x1": 0.28909090909090907,
    "y1": 0.48360655737704916,
    "x2": 0.5709090909090909,
    "y2": 0.9562841530054644
}