{
    "class": "pistol",
    "x1": 0.37285714285714283,
    "y1": 0.48677884615384615,
    "x2": 0.6685714285714286,
    "y2": 0.9158653846153846
}