{
    "class": "pistol",
    "x1": 0.496875,
    "y1": 0.45,
    "x2": 0.94375,
    "y2": 0.8833333333333333
}