{
    "class": "pistol",
    "x1": 0.484375,
    "y1": 0.49166666666666664,
    "x2": 0.95625,
    "y2": 0.95
}