{
    "class": "pistol",
    "x1": 0.2107843137254902,
    "y1": 0.5721040189125296,
    "x2": 0.19934640522875818,
    "y2": 0.3971631205673759
}