{
    "class": "pistol",
    "x1": 0.503125,
    "y1": 0.49166666666666664,
    "x2": 0.96875,
    "y2": 0.95
}