{
    "class": "pistol",
    "x1": 0.3548387096774194,
    "y1": 0.2854349951124145,
    "x2": 0.187683284457478,
    "y2": 0.2404692082111437
}