{
    "class": "pistol",
    "x1": 0.535625,
    "y1": 0.5674955595026643,
    "x2": 0.34875,
    "y2": 0.3392539964476021
}