{
    "class": "pistol",
    "x1": 0.6254545454545455,
    "y1": 0.5108695652173914,
    "x2": 0.48,
    "y2": 0.5
}