{
    "class": "pistol",
    "x1": 0.49666666666666665,
    "y1": 0.7395287958115183,
    "x2": 0.9866666666666667,
    "y2": 0.5052356020942408
}