{
    "class": "pistol",
    "x1": 0.34,
    "y1": 0.2573076923076923,
    "x2": 0.11538461538461539,
    "y2": 0.18846153846153846
}