{
    "class": "pistol",
    "x1": 0.58125,
    "y1": 0.4666666666666667,
    "x2": 0.084375,
    "y2": 0.15555555555555556
}