{
    "class": "pistol",
    "x1": 0.684,
    "y1": 0.3893805309734513,
    "x2": 0.448,
    "y2": 0.4365781710914454
}