{
    "class": "pistol",
    "x1": 0.487109375,
    "y1": 0.21944444444444444,
    "x2": 0.06328125,
    "y2": 0.09444444444444444
}