{
    "class": "pistol",
    "x1": 0.405078125,
    "y1": 0.2520833333333333,
    "x2": 0.13671875,
    "y2": 0.25416666666666665
}