{
    "class": "pistol",
    "x1": 0.481,
    "y1": 0.5270618556701031,
    "x2": 0.886,
    "y2": 0.7809278350515464
}