{
    "class": "pistol",
    "x1": 0.531,
    "y1": 0.581081081081081,
    "x2": 0.938,
    "y2": 0.6936936936936937
}