{
    "class": "pistol",
    "x1": 0.48486328125,
    "y1": 0.4296875,
    "x2": 0.9677734375,
    "y2": 0.578125
}