{
    "class": "pistol",
    "x1": 0.49375,
    "y1": 0.48333333333333334,
    "x2": 0.9375,
    "y2": 0.9166666666666666
}