{
    "class": "pistol",
    "x1": 0.54609375,
    "y1": 0.20625,
    "x2": 0.096875,
    "y2": 0.0875
}