{
    "class": "pistol",
    "x1": 0.48828125,
    "y1": 0.5862422997946611,
    "x2": 0.2984375,
    "y2": 0.35523613963039014
}