{
    "class": "pistol",
    "x1": 0.38046875,
    "y1": 0.25763888888888886,
    "x2": 0.0953125,
    "y2": 0.15694444444444444
}