{
    "class": "pistol",
    "x1": 0.49375,
    "y1": 0.4791666666666667,
    "x2": 0.925,
    "y2": 0.9083333333333333
}