{
    "class": "pistol",
    "x1": 0.7049808429118773,
    "y1": 0.582901554404145,
    "x2": 0.5900383141762452,
    "y2": 0.8341968911917098
}