{
    "class": "pistol",
    "x1": 0.7075,
    "y1": 0.6615969581749049,
    "x2": 0.495,
    "y2": 0.6083650190114068
}