{
    "class": "pistol",
    "x1": 0.5489228007181328,
    "y1": 0.5526315789473685,
    "x2": 0.6059245960502693,
    "y2": 0.5573549257759784
}