{
    "class": "pistol",
    "x1": 0.5023696682464455,
    "y1": 0.6255230125523012,
    "x2": 0.6635071090047393,
    "y2": 0.6150627615062761
}