{
    "class": "pistol",
    "x1": 0.3171875,
    "y1": 0.4708333333333333,
    "x2": 0.525,
    "y2": 0.3375
}