{
    "class": "pistol",
    "x1": 0.525,
    "y1": 0.5900900900900901,
    "x2": 0.642,
    "y2": 0.6936936936936937
}