{
    "class": "pistol",
    "x1": 0.6221928665785997,
    "y1": 0.4604105571847507,
    "x2": 0.6340819022457067,
    "y2": 0.7116324535679375
}