{
    "class": "pistol",
    "x1": 0.49375,
    "y1": 0.5038759689922481,
    "x2": 0.9625,
    "y2": 0.9457364341085271
}