{
    "class": "pistol",
    "x1": 0.4909228441754917,
    "y1": 0.4344758064516129,
    "x2": 0.7851739788199698,
    "y2": 0.7681451612903226
}