{
    "class": "pistol",
    "x1": 0.59625,
    "y1": 0.4676079734219269,
    "x2": 0.59,
    "y2": 0.6229235880398671
}