{
    "class": "pistol",
    "x1": 0.635593220338983,
    "y1": 0.5888888888888889,
    "x2": 0.09559322033898306,
    "y2": 0.12777777777777777
}