{
    "class": "pistol",
    "x1": 0.4990990990990991,
    "y1": 0.46543778801843316,
    "x2": 0.8144144144144144,
    "y2": 0.8755760368663594
}