{
    "class": "pistol",
    "x1": 0.48375,
    "y1": 0.5035460992907801,
    "x2": 0.7125,
    "y2": 0.6737588652482269
}