{
    "class": "pistol",
    "x1": 0.3758278145695364,
    "y1": 0.37142857142857144,
    "x2": 0.5,
    "y2": 0.5238095238095238
}