{
    "class": "pistol",
    "x1": 0.740625,
    "y1": 0.4688026981450253,
    "x2": 0.51875,
    "y2": 0.5750421585160203
}