{
    "class": "pistol",
    "x1": 0.5938485804416404,
    "y1": 0.5618448637316562,
    "x2": 0.4305993690851735,
    "y2": 0.4192872117400419
}