{
    "class": "pistol",
    "x1": 0.462890625,
    "y1": 0.26805555555555555,
    "x2": 0.06953125,
    "y2": 0.09166666666666666
}