{
    "class": "pistol",
    "x1": 0.6631799163179917,
    "y1": 0.48302469135802467,
    "x2": 0.5815899581589958,
    "y2": 0.49074074074074076
}