{
    "class": "pistol",
    "x1": 0.30185185185185187,
    "y1": 0.6936813186813187,
    "x2": 0.24444444444444444,
    "y2": 0.5576923076923077
}