{
    "class": "pistol",
    "x1": 0.19807692307692307,
    "y1": 0.6027713625866051,
    "x2": 0.3946153846153846,
    "y2": 0.5842956120092379
}