{
    "class": "pistol",
    "x1": 0.4483648881239243,
    "y1": 0.4376899696048632,
    "x2": 0.6316695352839932,
    "y2": 0.5106382978723404
}