{
    "class": "pistol",
    "x1": 0.4328125,
    "y1": 0.7975929978118161,
    "x2": 0.3125,
    "y2": 0.36980306345733044
}