{
    "class": "pistol",
    "x1": 0.5162790697674419,
    "y1": 0.4551282051282051,
    "x2": 0.7441860465116279,
    "y2": 0.7222222222222222
}