{
    "class": "pistol",
    "x1": 0.5181818181818182,
    "y1": 0.5437158469945356,
    "x2": 0.8690909090909091,
    "y2": 0.7049180327868853
}