{
    "class": "pistol",
    "x1": 0.5135416666666667,
    "y1": 0.42818110850897734,
    "x2": 0.21770833333333334,
    "y2": 0.258391881342701
}