{
    "class": "pistol",
    "x1": 0.5479166666666667,
    "y1": 0.5109289617486339,
    "x2": 0.17083333333333334,
    "y2": 0.24121779859484777
}