{
    "class": "pistol",
    "x1": 0.4981949458483754,
    "y1": 0.4835164835164835,
    "x2": 0.9675090252707581,
    "y2": 0.9230769230769231
}