{
    "class": "pistol",
    "x1": 0.5177777777777778,
    "y1": 0.475,
    "x2": 0.9155555555555556,
    "y2": 0.8875
}