{
    "class": "pistol",
    "x1": 0.18233333333333332,
    "y1": 0.45644444444444443,
    "x2": 0.3526666666666667,
    "y2": 0.31555555555555553
}