{
    "class": "pistol",
    "x1": 0.589,
    "y1": 0.47733333333333333,
    "x2": 0.774,
    "y2": 0.6826666666666666
}