{
    "class": "pistol",
    "x1": 0.496875,
    "y1": 0.4666666666666667,
    "x2": 0.94375,
    "y2": 0.9
}