{
    "class": "pistol",
    "x1": 0.3836065573770492,
    "y1": 0.41116751269035534,
    "x2": 0.49836065573770494,
    "y2": 0.36548223350253806
}