{
    "class": "pistol",
    "x1": 0.33932291666666664,
    "y1": 0.30288836846213896,
    "x2": 0.1640625,
    "y2": 0.16549570647931303
}