{
    "class": "pistol",
    "x1": 0.4347545219638243,
    "y1": 0.21505376344086022,
    "x2": 0.36046511627906974,
    "y2": 0.25024437927663734
}