{
    "class": "pistol",
    "x1": 0.5213541666666667,
    "y1": 0.3472222222222222,
    "x2": 0.16979166666666667,
    "y2": 0.26296296296296295
}