{
    "class": "pistol",
    "x1": 0.45208333333333334,
    "y1": 0.49414519906323184,
    "x2": 0.21458333333333332,
    "y2": 0.17330210772833723
}