{
    "class": "pistol",
    "x1": 0.5619047619047619,
    "y1": 0.5464285714285714,
    "x2": 0.7523809523809524,
    "y2": 0.8261904761904761
}