{
    "class": "pistol",
    "x1": 0.5686666666666667,
    "y1": 0.5245,
    "x2": 0.39066666666666666,
    "y2": 0.367
}