{
    "class": "pistol",
    "x1": 0.2945205479452055,
    "y1": 0.855,
    "x2": 0.2602739726027397,
    "y2": 0.134
}