{
    "class": "pistol",
    "x1": 0.17994791666666668,
    "y1": 0.44708333333333333,
    "x2": 0.21822916666666667,
    "y2": 0.26916666666666667
}