{
    "class": "pistol",
    "x1": 0.490625,
    "y1": 0.48333333333333334,
    "x2": 0.94375,
    "y2": 0.8166666666666667
}