{
    "class": "pistol",
    "x1": 0.6078571428571429,
    "y1": 0.6157760814249363,
    "x2": 0.49857142857142855,
    "y2": 0.5190839694656488
}