{
    "class": "pistol",
    "x1": 0.26,
    "y1": 0.5115062761506276,
    "x2": 0.3153846153846154,
    "y2": 0.3389121338912134
}