{
    "class": "pistol",
    "x1": 0.36640625,
    "y1": 0.49166666666666664,
    "x2": 0.6453125,
    "y2": 0.8833333333333333
}