{
    "class": "pistol",
    "x1": 0.453125,
    "y1": 0.4152777777777778,
    "x2": 0.109375,
    "y2": 0.14722222222222223
}