{
    "class": "pistol",
    "x1": 0.50625,
    "y1": 0.5,
    "x2": 0.9125,
    "y2": 0.9166666666666666
}