{
    "class": "pistol",
    "x1": 0.3638461538461538,
    "y1": 0.7145454545454546,
    "x2": 0.7153846153846154,
    "y2": 0.5672727272727273
}