{
    "class": "pistol",
    "x1": 0.509,
    "y1": 0.545045045045045,
    "x2": 0.866,
    "y2": 0.7417417417417418
}