{
    "class": "pistol",
    "x1": 0.4857142857142857,
    "y1": 0.4916387959866221,
    "x2": 0.8171428571428572,
    "y2": 0.822742474916388
}