{
    "class": "pistol",
    "x1": 0.7816291161178509,
    "y1": 0.33436532507739936,
    "x2": 0.3327556325823224,
    "y2": 0.48297213622291024
}