{
    "class": "pistol",
    "x1": 0.486,
    "y1": 0.47181008902077154,
    "x2": 0.808,
    "y2": 0.8130563798219584
}