{
    "class": "pistol",
    "x1": 0.5036363636363637,
    "y1": 0.5737704918032787,
    "x2": 0.5563636363636364,
    "y2": 0.6010928961748634
}