{
    "class": "pistol",
    "x1": 0.4328125,
    "y1": 0.5366900858704138,
    "x2": 0.275,
    "y2": 0.29117876658860264
}