{
    "class": "pistol",
    "x1": 0.3190639269406393,
    "y1": 0.6713995943204868,
    "x2": 0.19748858447488585,
    "y2": 0.45841784989858014
}