{
    "class": "pistol",
    "x1": 0.514,
    "y1": 0.487987987987988,
    "x2": 0.868,
    "y2": 0.7657657657657657
}