{
    "class": "pistol",
    "x1": 0.5125,
    "y1": 0.49583333333333335,
    "x2": 0.8875,
    "y2": 0.9083333333333333
}