{
    "class": "pistol",
    "x1": 0.495,
    "y1": 0.47352941176470587,
    "x2": 0.938,
    "y2": 0.7941176470588235
}