{
    "class": "pistol",
    "x1": 0.553125,
    "y1": 0.5416666666666666,
    "x2": 0.69375,
    "y2": 0.6
}