{
    "class": "pistol",
    "x1": 0.10583333333333333,
    "y1": 0.5680473372781065,
    "x2": 0.20833333333333334,
    "y2": 0.25443786982248523
}