{
    "class": "pistol",
    "x1": 0.496875,
    "y1": 0.49166666666666664,
    "x2": 0.93125,
    "y2": 0.95
}