{
    "class": "pistol",
    "x1": 0.344,
    "y1": 0.3970149253731343,
    "x2": 0.42,
    "y2": 0.5791044776119403
}