{
    "class": "pistol",
    "x1": 0.49625,
    "y1": 0.49837662337662336,
    "x2": 0.9475,
    "y2": 0.9318181818181818
}