{
    "class": "pistol",
    "x1": 0.1425,
    "y1": 0.4094626168224299,
    "x2": 0.1707142857142857,
    "y2": 0.21144859813084113
}