{
    "class": "pistol",
    "x1": 0.12124711316397228,
    "y1": 0.40076923076923077,
    "x2": 0.14549653579676675,
    "y2": 0.21384615384615385
}