{
    "class": "pistol",
    "x1": 0.4942708333333333,
    "y1": 0.5162037037037037,
    "x2": 0.171875,
    "y2": 0.4601851851851852
}