{
    "class": "pistol",
    "x1": 0.5067934782608695,
    "y1": 0.5009057971014492,
    "x2": 0.9402173913043478,
    "y2": 0.7590579710144928
}