{
    "class": "pistol",
    "x1": 0.374031007751938,
    "y1": 0.5294117647058824,
    "x2": 0.32945736434108525,
    "y2": 0.46439628482972134
}