{
    "class": "pistol",
    "x1": 0.5504823151125402,
    "y1": 0.5458333333333333,
    "x2": 0.05530546623794212,
    "y2": 0.09351851851851851
}