{
    "class": "pistol",
    "x1": 0.4849330357142857,
    "y1": 0.5434782608695652,
    "x2": 0.7176339285714286,
    "y2": 0.2717391304347826
}