{
    "class": "pistol",
    "x1": 0.4931972789115646,
    "y1": 0.23837209302325582,
    "x2": 0.38095238095238093,
    "y2": 0.46511627906976744
}