{
    "class": "pistol",
    "x1": 0.548,
    "y1": 0.3997134670487106,
    "x2": 0.86,
    "y2": 0.6561604584527221
}