{
    "class": "pistol",
    "x1": 0.4988888888888889,
    "y1": 0.48668639053254437,
    "x2": 0.8066666666666666,
    "y2": 0.9023668639053254
}