{
    "class": "pistol",
    "x1": 0.40762463343108507,
    "y1": 0.38807429130009774,
    "x2": 0.17302052785923755,
    "y2": 0.26588465298142716
}