{
    "class": "pistol",
    "x1": 0.4901185770750988,
    "y1": 0.5125628140703518,
    "x2": 0.7430830039525692,
    "y2": 0.6130653266331658
}