{
    "class": "pistol",
    "x1": 0.484375,
    "y1": 0.5,
    "x2": 0.91875,
    "y2": 0.9666666666666667
}