{
    "class": "pistol",
    "x1": 0.49793956043956045,
    "y1": 0.6683991683991684,
    "x2": 0.11126373626373626,
    "y2": 0.58004158004158
}