{
    "class": "pistol",
    "x1": 0.46953125,
    "y1": 0.32592592592592595,
    "x2": 0.1671875,
    "y2": 0.15185185185185185
}