{
    "class": "pistol",
    "x1": 0.2942708333333333,
    "y1": 0.850462962962963,
    "x2": 0.13854166666666667,
    "y2": 0.15092592592592594
}