{
    "class": "pistol",
    "x1": 0.3141247833622184,
    "y1": 0.5333622183708839,
    "x2": 0.5086655112651647,
    "y2": 0.5069324090121318
}