{
    "class": "pistol",
    "x1": 0.498,
    "y1": 0.4898785425101215,
    "x2": 0.916,
    "y2": 0.8178137651821862
}