{
    "class": "pistol",
    "x1": 0.5125,
    "y1": 0.5083333333333333,
    "x2": 0.9375,
    "y2": 0.8666666666666667
}