{
    "class": "pistol",
    "x1": 0.44969135802469135,
    "y1": 0.45,
    "x2": 0.10802469135802469,
    "y2": 0.19814814814814816
}