{
    "class": "pistol",
    "x1": 0.598,
    "y1": 0.47904191616766467,
    "x2": 0.436,
    "y2": 0.7485029940119761
}