{
    "class": "pistol",
    "x1": 0.478125,
    "y1": 0.4791666666666667,
    "x2": 0.94375,
    "y2": 0.925
}