{
    "class": "pistol",
    "x1": 0.575,
    "y1": 0.6038647342995169,
    "x2": 0.7766666666666666,
    "y2": 0.6763285024154589
}