{
    "class": "pistol",
    "x1": 0.496875,
    "y1": 0.5083333333333333,
    "x2": 0.96875,
    "y2": 0.9833333333333333
}