{
    "class": "pistol",
    "x1": 0.38385416666666666,
    "y1": 0.5413739266198283,
    "x2": 0.2791666666666667,
    "y2": 0.30210772833723654
}