{
    "class": "pistol",
    "x1": 0.57154384077461,
    "y1": 0.8773148148148148,
    "x2": 0.1296395911780527,
    "y2": 0.19537037037037036
}