{
    "class": "pistol",
    "x1": 0.4546875,
    "y1": 0.5583333333333333,
    "x2": 0.24791666666666667,
    "y2": 0.3055555555555556
}