{
    "class": "pistol",
    "x1": 0.5216049382716049,
    "y1": 0.5333333333333333,
    "x2": 0.08888888888888889,
    "y2": 0.2037037037037037
}