{
    "class": "pistol",
    "x1": 0.580078125,
    "y1": 0.44986072423398327,
    "x2": 0.37890625,
    "y2": 0.22284122562674094
}