{
    "class": "pistol",
    "x1": 0.6605571847507331,
    "y1": 0.07624633431085044,
    "x2": 0.32697947214076245,
    "y2": 0.14271749755620725
}