{
    "class": "pistol",
    "x1": 0.498046875,
    "y1": 0.4823434991974318,
    "x2": 0.990234375,
    "y2": 0.9454253611556982
}