{
    "class": "pistol",
    "x1": 0.5839506172839506,
    "y1": 0.6425925925925926,
    "x2": 0.1259259259259259,
    "y2": 0.1425925925925926
}