{
    "class": "pistol",
    "x1": 0.7273076923076923,
    "y1": 0.2675992779783393,
    "x2": 0.16384615384615384,
    "y2": 0.3944043321299639
}