{
    "class": "pistol",
    "x1": 0.7023460410557185,
    "y1": 0.5694037145650049,
    "x2": 0.39589442815249265,
    "y2": 0.17302052785923755
}