{
    "class": "pistol",
    "x1": 0.23214285714285715,
    "y1": 0.6705,
    "x2": 0.22142857142857142,
    "y2": 0.161
}