{
    "class": "pistol",
    "x1": 0.5296875,
    "y1": 0.520703125,
    "x2": 0.8427083333333333,
    "y2": 0.83984375
}