{
    "class": "pistol",
    "x1": 0.46875,
    "y1": 0.5041666666666667,
    "x2": 0.8375,
    "y2": 0.875
}