{
    "class": "pistol",
    "x1": 0.587890625,
    "y1": 0.2916666666666667,
    "x2": 0.69140625,
    "y2": 0.5104166666666666
}