{
    "class": "pistol",
    "x1": 0.495,
    "y1": 0.3962765957446808,
    "x2": 0.85,
    "y2": 0.7393617021276596
}