{
    "class": "pistol",
    "x1": 0.53003003003003,
    "y1": 0.522,
    "x2": 0.8678678678678678,
    "y2": 0.904
}