{
    "class": "pistol",
    "x1": 0.4823076923076923,
    "y1": 0.6099020674646355,
    "x2": 0.8046153846153846,
    "y2": 0.3601741022850925
}