{
    "class": "pistol",
    "x1": 0.4996875,
    "y1": 0.4879951980792317,
    "x2": 0.504375,
    "y2": 0.7046818727490997
}