{
    "class": "pistol",
    "x1": 0.505,
    "y1": 0.512012012012012,
    "x2": 0.574,
    "y2": 0.6816816816816816
}