{
    "class": "pistol",
    "x1": 0.368,
    "y1": 0.5630630630630631,
    "x2": 0.492,
    "y2": 0.7417417417417418
}