{
    "class": "pistol",
    "x1": 0.48549382716049383,
    "y1": 0.4898148148148148,
    "x2": 0.17839506172839506,
    "y2": 0.2833333333333333
}