{
    "class": "pistol",
    "x1": 0.503125,
    "y1": 0.4666666666666667,
    "x2": 0.86875,
    "y2": 0.8833333333333333
}