{
    "class": "pistol",
    "x1": 0.3526392961876833,
    "y1": 0.44037145650048876,
    "x2": 0.250733137829912,
    "y2": 0.18084066471163246
}