{
    "class": "pistol",
    "x1": 0.647605083088954,
    "y1": 0.32723279648609077,
    "x2": 0.12023460410557185,
    "y2": 0.24743777452415813
}