{
    "class": "pistol",
    "x1": 0.51879235982748,
    "y1": 0.28541666666666665,
    "x2": 0.937769562538509,
    "y2": 0.55
}