{
    "class": "pistol",
    "x1": 0.2922222222222222,
    "y1": 0.4488888888888889,
    "x2": 0.5088888888888888,
    "y2": 0.3333333333333333
}