{
    "class": "pistol",
    "x1": 0.5371456500488758,
    "y1": 0.5080645161290323,
    "x2": 0.6129032258064516,
    "y2": 0.5410557184750733
}