{
    "class": "pistol",
    "x1": 0.40651041666666665,
    "y1": 0.48055555555555557,
    "x2": 0.15885416666666666,
    "y2": 0.21851851851851853
}