{
    "class": "pistol",
    "x1": 0.501,
    "y1": 0.41640866873065013,
    "x2": 0.162,
    "y2": 0.4984520123839009
}