{
    "class": "pistol",
    "x1": 0.4262345679012346,
    "y1": 0.3763888888888889,
    "x2": 0.10185185185185185,
    "y2": 0.10277777777777777
}