{
    "class": "pistol",
    "x1": 0.509375,
    "y1": 0.5041666666666667,
    "x2": 0.91875,
    "y2": 0.925
}