{
    "class": "pistol",
    "x1": 0.47083583884546,
    "y1": 0.4520408163265306,
    "x2": 0.7841250751653638,
    "y2": 0.710204081632653
}