{
    "class": "pistol",
    "x1": 0.758125,
    "y1": 0.7203513909224012,
    "x2": 0.20125,
    "y2": 0.1815519765739385
}