{
    "class": "pistol",
    "x1": 0.37,
    "y1": 0.6949404761904762,
    "x2": 0.6866666666666666,
    "y2": 0.5982142857142857
}