{
    "class": "pistol",
    "x1": 0.542,
    "y1": 0.5346666666666666,
    "x2": 0.7,
    "y2": 0.7013333333333334
}