{
    "class": "pistol",
    "x1": 0.309,
    "y1": 0.5426666666666666,
    "x2": 0.614,
    "y2": 0.9146666666666666
}