{
    "class": "pistol",
    "x1": 0.49857142857142855,
    "y1": 0.3497340425531915,
    "x2": 0.9171428571428571,
    "y2": 0.6409574468085106
}