{
    "class": "pistol",
    "x1": 0.46822916666666664,
    "y1": 0.35833333333333334,
    "x2": 0.19479166666666667,
    "y2": 0.3074074074074074
}