{
    "class": "pistol",
    "x1": 0.49765625,
    "y1": 0.4903047091412742,
    "x2": 0.9703125,
    "y2": 0.8919667590027701
}