{
    "class": "pistol",
    "x1": 0.413671875,
    "y1": 0.29444444444444445,
    "x2": 0.14609375,
    "y2": 0.19722222222222222
}