{
    "class": "pistol",
    "x1": 0.47875,
    "y1": 0.47346938775510206,
    "x2": 0.9025,
    "y2": 0.8244897959183674
}