{
    "class": "pistol",
    "x1": 0.503125,
    "y1": 0.5041666666666667,
    "x2": 0.96875,
    "y2": 0.9583333333333334
}