{
    "class": "pistol",
    "x1": 0.48046875,
    "y1": 0.24444444444444444,
    "x2": 0.0796875,
    "y2": 0.09166666666666666
}