{
    "class": "pistol",
    "x1": 0.316,
    "y1": 0.5464285714285714,
    "x2": 0.052,
    "y2": 0.16607142857142856
}