{
    "class": "pistol",
    "x1": 0.4642226148409894,
    "y1": 0.2797759433962264,
    "x2": 0.06802120141342756,
    "y2": 0.07724056603773585
}