{
    "class": "pistol",
    "x1": 0.665625,
    "y1": 0.28541666666666665,
    "x2": 0.165625,
    "y2": 0.21805555555555556
}