{
    "class": "pistol",
    "x1": 0.5,
    "y1": 0.49733333333333335,
    "x2": 0.8213333333333334,
    "y2": 0.6346666666666667
}