{
    "class": "pistol",
    "x1": 0.4275,
    "y1": 0.49770114942528737,
    "x2": 0.47833333333333333,
    "y2": 0.503448275862069
}