{
    "class": "pistol",
    "x1": 0.4921875,
    "y1": 0.5135416666666667,
    "x2": 0.953125,
    "y2": 0.6145833333333334
}