{
    "class": "pistol",
    "x1": 0.522265625,
    "y1": 0.3486111111111111,
    "x2": 0.15703125,
    "y2": 0.11388888888888889
}