{
    "class": "pistol",
    "x1": 0.5173333333333333,
    "y1": 0.376,
    "x2": 0.7253333333333334,
    "y2": 0.748
}