{
    "class": "pistol",
    "x1": 0.484,
    "y1": 0.4830148619957537,
    "x2": 0.9413333333333334,
    "y2": 0.8853503184713376
}