{
    "class": "pistol",
    "x1": 0.482,
    "y1": 0.15066666666666667,
    "x2": 0.292,
    "y2": 0.22133333333333333
}