{
    "class": "pistol",
    "x1": 0.5953079178885631,
    "y1": 0.49414348462664714,
    "x2": 0.5493646138807429,
    "y2": 0.7598828696925329
}