{
    "class": "pistol",
    "x1": 0.501088139281828,
    "y1": 0.651657060518732,
    "x2": 0.6692056583242655,
    "y2": 0.30187319884726227
}