{
    "class": "pistol",
    "x1": 0.17246596066565809,
    "y1": 0.7610887096774194,
    "x2": 0.25416036308623297,
    "y2": 0.46975806451612906
}