{
    "class": "pistol",
    "x1": 0.7484879032258065,
    "y1": 0.5655737704918032,
    "x2": 0.22076612903225806,
    "y2": 0.38173302107728335
}