{
    "class": "pistol",
    "x1": 0.15041666666666667,
    "y1": 0.8633333333333333,
    "x2": 0.13583333333333333,
    "y2": 0.2733333333333333
}