{
    "class": "pistol",
    "x1": 0.43333333333333335,
    "y1": 0.43072916666666666,
    "x2": 0.3177083333333333,
    "y2": 0.38645833333333335
}