{
    "class": "pistol",
    "x1": 0.4816666666666667,
    "y1": 0.5077220077220077,
    "x2": 0.8766666666666667,
    "y2": 0.637065637065637
}