{
    "class": "pistol",
    "x1": 0.4948674080410607,
    "y1": 0.535264483627204,
    "x2": 0.9486740804106074,
    "y2": 0.889168765743073
}