{
    "class": "pistol",
    "x1": 0.429296875,
    "y1": 0.29097222222222224,
    "x2": 0.11484375,
    "y2": 0.15138888888888888
}