{
    "class": "pistol",
    "x1": 0.5163636363636364,
    "y1": 0.5519125683060109,
    "x2": 0.8,
    "y2": 0.6120218579234973
}