{
    "class": "pistol",
    "x1": 0.546,
    "y1": 0.7027397260273973,
    "x2": 0.832,
    "y2": 0.4849315068493151
}