{
    "class": "pistol",
    "x1": 0.535,
    "y1": 0.3933333333333333,
    "x2": 0.93,
    "y2": 0.7066666666666667
}