{
    "class": "pistol",
    "x1": 0.15115384615384617,
    "y1": 0.28027681660899656,
    "x2": 0.18846153846153846,
    "y2": 0.33217993079584773
}