{
    "class": "pistol",
    "x1": 0.5796875,
    "y1": 0.2989583333333333,
    "x2": 0.73125,
    "y2": 0.41458333333333336
}