{
    "class": "pistol",
    "x1": 0.5581622678396871,
    "y1": 0.32210834553440704,
    "x2": 0.8797653958944281,
    "y2": 0.6412884333821376
}