{
    "class": "pistol",
    "x1": 0.22,
    "y1": 0.4666666666666667,
    "x2": 0.335,
    "y2": 0.4166666666666667
}