{
    "class": "pistol",
    "x1": 0.77265625,
    "y1": 0.6956829440905874,
    "x2": 0.35989583333333336,
    "y2": 0.3581033262561925
}