{
    "class": "pistol",
    "x1": 0.5009259259259259,
    "y1": 0.49953703703703706,
    "x2": 0.18580246913580248,
    "y2": 0.18611111111111112
}