{
    "class": "pistol",
    "x1": 0.488125,
    "y1": 0.48083333333333333,
    "x2": 0.97375,
    "y2": 0.9583333333333334
}