{
    "class": "pistol",
    "x1": 0.55625,
    "y1": 0.4,
    "x2": 0.825,
    "y2": 0.7833333333333333
}