{
    "class": "pistol",
    "x1": 0.6385681293302541,
    "y1": 0.37576923076923074,
    "x2": 0.5773672055427251,
    "y2": 0.5607692307692308
}