{
    "class": "pistol",
    "x1": 0.7669831994156319,
    "y1": 0.7509259259259259,
    "x2": 0.07450693937180423,
    "y2": 0.14629629629629629
}