{
    "class": "pistol",
    "x1": 0.50625,
    "y1": 0.4875,
    "x2": 0.9625,
    "y2": 0.9583333333333334
}