{
    "class": "pistol",
    "x1": 0.51171875,
    "y1": 0.4392361111111111,
    "x2": 0.93359375,
    "y2": 0.8159722222222222
}