{
    "class": "pistol",
    "x1": 0.573046875,
    "y1": 0.40347222222222223,
    "x2": 0.07265625,
    "y2": 0.09305555555555556
}