{
    "class": "pistol",
    "x1": 0.49114583333333334,
    "y1": 0.3837962962962963,
    "x2": 0.16875,
    "y2": 0.3101851851851852
}