{
    "class": "pistol",
    "x1": 0.49140625,
    "y1": 0.4625,
    "x2": 0.7796875,
    "y2": 0.9208333333333333
}