{
    "class": "pistol",
    "x1": 0.5359375,
    "y1": 0.7868852459016393,
    "x2": 0.15,
    "y2": 0.19672131147540983
}