{
    "class": "pistol",
    "x1": 0.5153645833333333,
    "y1": 0.4344262295081967,
    "x2": 0.23385416666666667,
    "y2": 0.29586260733801717
}