{
    "class": "pistol",
    "x1": 0.482421875,
    "y1": 0.5286458333333334,
    "x2": 0.630859375,
    "y2": 0.9010416666666666
}