{
    "class": "pistol",
    "x1": 0.466,
    "y1": 0.6066666666666667,
    "x2": 0.628,
    "y2": 0.7866666666666666
}