{
    "class": "pistol",
    "x1": 0.328,
    "y1": 0.8509513742071881,
    "x2": 0.316,
    "y2": 0.23044397463002114
}