{
    "class": "pistol",
    "x1": 0.61,
    "y1": 0.3201219512195122,
    "x2": 0.5177777777777778,
    "y2": 0.5121951219512195
}