{
    "class": "pistol",
    "x1": 0.5604938271604938,
    "y1": 0.34629629629629627,
    "x2": 0.12839506172839507,
    "y2": 0.29259259259259257
}