{
    "class": "pistol",
    "x1": 0.518,
    "y1": 0.2777777777777778,
    "x2": 0.21,
    "y2": 0.3270735524256651
}