{
    "class": "pistol",
    "x1": 0.41884615384615387,
    "y1": 0.5740944017563118,
    "x2": 0.5653846153846154,
    "y2": 0.5049396267837541
}