{
    "class": "pistol",
    "x1": 0.5005208333333333,
    "y1": 0.5722092115534738,
    "x2": 0.253125,
    "y2": 0.2685402029664325
}