{
    "class": "pistol",
    "x1": 0.3355,
    "y1": 0.518978102189781,
    "x2": 0.463,
    "y2": 0.962043795620438
}