{
    "class": "pistol",
    "x1": 0.44545454545454544,
    "y1": 0.46765498652291104,
    "x2": 0.6696969696969697,
    "y2": 0.8867924528301887
}