{
    "class": "pistol",
    "x1": 0.37258687258687256,
    "y1": 0.6701030927835051,
    "x2": 0.6216216216216216,
    "y2": 0.5670103092783505
}