{
    "class": "pistol",
    "x1": 0.6978851963746223,
    "y1": 0.4056818181818182,
    "x2": 0.5196374622356495,
    "y2": 0.475
}