{
    "class": "pistol",
    "x1": 0.379296875,
    "y1": 0.4930555555555556,
    "x2": 0.17578125,
    "y2": 0.125
}