{
    "class": "pistol",
    "x1": 0.40703125,
    "y1": 0.45,
    "x2": 0.09375,
    "y2": 0.19166666666666668
}