{
    "class": "pistol",
    "x1": 0.5154075546719682,
    "y1": 0.33057553956834534,
    "x2": 0.23757455268389663,
    "y2": 0.3935251798561151
}