{
    "class": "pistol",
    "x1": 0.5924479166666666,
    "y1": 0.53125,
    "x2": 0.8140625,
    "y2": 0.7703125
}