{
    "class": "pistol",
    "x1": 0.6804511278195489,
    "y1": 0.49473684210526314,
    "x2": 0.6165413533834586,
    "y2": 0.7052631578947368
}