{
    "class": "pistol",
    "x1": 0.45208333333333334,
    "y1": 0.55,
    "x2": 0.6041666666666666,
    "y2": 0.8333333333333334
}