{
    "class": "pistol",
    "x1": 0.5109090909090909,
    "y1": 0.546448087431694,
    "x2": 0.84,
    "y2": 0.8852459016393442
}