{
    "class": "pistol",
    "x1": 0.7926829268292683,
    "y1": 0.6002444987775061,
    "x2": 0.31382113821138213,
    "y2": 0.38875305623471884
}