{
    "class": "pistol",
    "x1": 0.6580246913580247,
    "y1": 0.7212962962962963,
    "x2": 0.1580246913580247,
    "y2": 0.19814814814814816
}