{
    "class": "pistol",
    "x1": 0.490625,
    "y1": 0.49166666666666664,
    "x2": 0.94375,
    "y2": 0.95
}