{
    "class": "pistol",
    "x1": 0.490625,
    "y1": 0.5041666666666667,
    "x2": 0.95625,
    "y2": 0.9583333333333334
}