{
    "class": "pistol",
    "x1": 0.49221789883268485,
    "y1": 0.49603960396039604,
    "x2": 0.9195849546044098,
    "y2": 0.897029702970297
}