{
    "class": "pistol",
    "x1": 0.6642307692307692,
    "y1": 0.5107879924953096,
    "x2": 0.45153846153846156,
    "y2": 0.8151969981238274
}