{
    "class": "pistol",
    "x1": 0.5408854166666667,
    "y1": 0.5013888888888889,
    "x2": 0.17239583333333333,
    "y2": 0.3490740740740741
}