{
    "class": "pistol",
    "x1": 0.5475806451612903,
    "y1": 0.5314285714285715,
    "x2": 0.3564516129032258,
    "y2": 0.8971428571428571
}