{
    "class": "pistol",
    "x1": 0.5528,
    "y1": 0.3917910447761194,
    "x2": 0.6496,
    "y2": 0.7110874200426439
}