{
    "class": "pistol",
    "x1": 0.3998044965786901,
    "y1": 0.5674486803519062,
    "x2": 0.19550342130987292,
    "y2": 0.5131964809384164
}