{
    "class": "pistol",
    "x1": 0.4684615384615385,
    "y1": 0.3375,
    "x2": 0.9338461538461539,
    "y2": 0.66
}