{
    "class": "pistol",
    "x1": 0.5,
    "y1": 0.5041666666666667,
    "x2": 0.975,
    "y2": 0.9416666666666667
}