{
    "class": "pistol",
    "x1": 0.7866666666666666,
    "y1": 0.45923460898502494,
    "x2": 0.15777777777777777,
    "y2": 0.30282861896838603
}