{
    "class": "pistol",
    "x1": 0.5014925373134328,
    "y1": 0.5079051383399209,
    "x2": 0.9512437810945273,
    "y2": 0.8814229249011858
}