{
    "class": "pistol",
    "x1": 0.52578125,
    "y1": 0.395703125,
    "x2": 0.06197916666666667,
    "y2": 0.17265625
}