{
    "class": "pistol",
    "x1": 0.32269230769230767,
    "y1": 0.507451564828614,
    "x2": 0.3192307692307692,
    "y2": 0.45454545454545453
}