{
    "class": "pistol",
    "x1": 0.5,
    "y1": 0.49833333333333335,
    "x2": 0.985,
    "y2": 0.9833333333333333
}