{
    "class": "pistol",
    "x1": 0.44065040650406506,
    "y1": 0.38875305623471884,
    "x2": 0.34146341463414637,
    "y2": 0.6552567237163814
}