{
    "class": "pistol",
    "x1": 0.4825,
    "y1": 0.4266666666666667,
    "x2": 0.885,
    "y2": 0.4266666666666667
}