{
    "class": "pistol",
    "x1": 0.38653846153846155,
    "y1": 0.45496535796766746,
    "x2": 0.22230769230769232,
    "y2": 0.48498845265588914
}