{
    "class": "pistol",
    "x1": 0.5101851851851852,
    "y1": 0.5175925925925926,
    "x2": 0.1574074074074074,
    "y2": 0.17592592592592593
}