{
    "class": "pistol",
    "x1": 0.44653846153846155,
    "y1": 0.5334872979214781,
    "x2": 0.6330769230769231,
    "y2": 0.651270207852194
}