{
    "class": "pistol",
    "x1": 0.566796875,
    "y1": 0.19722222222222222,
    "x2": 0.08515625,
    "y2": 0.08611111111111111
}