{
    "class": "pistol",
    "x1": 0.493,
    "y1": 0.4732824427480916,
    "x2": 0.95,
    "y2": 0.8091603053435115
}