{
    "class": "pistol",
    "x1": 0.75,
    "y1": 0.5707831325301205,
    "x2": 0.412,
    "y2": 0.3825301204819277
}