{
    "class": "pistol",
    "x1": 0.503125,
    "y1": 0.45416666666666666,
    "x2": 0.98125,
    "y2": 0.8916666666666667
}