{
    "class": "pistol",
    "x1": 0.5231770833333333,
    "y1": 0.47931303669008585,
    "x2": 0.1921875,
    "y2": 0.2654176424668228
}