{
    "class": "pistol",
    "x1": 0.493,
    "y1": 0.5213333333333333,
    "x2": 0.818,
    "y2": 0.7013333333333334
}