{
    "class": "pistol",
    "x1": 0.506993006993007,
    "y1": 0.48863636363636365,
    "x2": 0.9440559440559441,
    "y2": 0.8522727272727273
}