{
    "class": "pistol",
    "x1": 0.7841145833333333,
    "y1": 0.498828125,
    "x2": 0.34010416666666665,
    "y2": 0.53515625
}