{
    "class": "pistol",
    "x1": 0.494,
    "y1": 0.49866666666666665,
    "x2": 0.94,
    "y2": 0.8053333333333333
}