{
    "class": "pistol",
    "x1": 0.48125,
    "y1": 0.4708333333333333,
    "x2": 0.8875,
    "y2": 0.8916666666666667
}