{
    "class": "pistol",
    "x1": 0.55546875,
    "y1": 0.4083333333333333,
    "x2": 0.22447916666666667,
    "y2": 0.1574074074074074
}