{
    "class": "pistol",
    "x1": 0.2996666666666667,
    "y1": 0.5267857142857143,
    "x2": 0.21666666666666667,
    "y2": 0.44642857142857145
}