{
    "class": "pistol",
    "x1": 0.35208333333333336,
    "y1": 0.425462962962963,
    "x2": 0.34479166666666666,
    "y2": 0.33055555555555555
}