{
    "class": "pistol",
    "x1": 0.42366412213740456,
    "y1": 0.5103626943005182,
    "x2": 0.8320610687022901,
    "y2": 0.7305699481865285
}