{
    "class": "pistol",
    "x1": 0.7239583333333334,
    "y1": 0.43125,
    "x2": 0.43333333333333335,
    "y2": 0.5046875
}