{
    "class": "pistol",
    "x1": 0.4688888888888889,
    "y1": 0.4671916010498688,
    "x2": 0.8311111111111111,
    "y2": 0.6876640419947506
}