{
    "class": "pistol",
    "x1": 0.5375,
    "y1": 0.5083333333333333,
    "x2": 0.875,
    "y2": 0.9166666666666666
}