{
    "class": "pistol",
    "x1": 0.49636363636363634,
    "y1": 0.625,
    "x2": 0.6945454545454546,
    "y2": 0.7063106796116505
}