{
    "class": "pistol",
    "x1": 0.48350515463917526,
    "y1": 0.485,
    "x2": 0.5298969072164949,
    "y2": 0.8633333333333333
}