{
    "class": "pistol",
    "x1": 0.565,
    "y1": 0.51454898157129,
    "x2": 0.5038461538461538,
    "y2": 0.8292919495635306
}