{
    "class": "pistol",
    "x1": 0.10698096101541252,
    "y1": 0.17376543209876544,
    "x2": 0.1468721668177697,
    "y2": 0.10061728395061728
}