{
    "class": "pistol",
    "x1": 0.3341194968553459,
    "y1": 0.47229916897506924,
    "x2": 0.5015723270440252,
    "y2": 0.8282548476454293
}