{
    "class": "pistol",
    "x1": 0.4775,
    "y1": 0.5088161209068011,
    "x2": 0.89,
    "y2": 0.947103274559194
}