{
    "class": "pistol",
    "x1": 0.243,
    "y1": 0.6411411411411412,
    "x2": 0.438,
    "y2": 0.43543543543543545
}