{
    "class": "pistol",
    "x1": 0.5,
    "y1": 0.5110837438423645,
    "x2": 0.9148148148148149,
    "y2": 0.8349753694581281
}