{
    "class": "pistol",
    "x1": 0.4959876543209877,
    "y1": 0.5064814814814815,
    "x2": 0.06234567901234568,
    "y2": 0.04814814814814815
}