{
    "class": "pistol",
    "x1": 0.5114503816793893,
    "y1": 0.44559585492227977,
    "x2": 0.9389312977099237,
    "y2": 0.8186528497409327
}