{
    "class": "pistol",
    "x1": 0.503125,
    "y1": 0.475,
    "x2": 0.96875,
    "y2": 0.9333333333333333
}