{
    "class": "pistol",
    "x1": 0.4747395833333333,
    "y1": 0.5698672911787666,
    "x2": 0.10677083333333333,
    "y2": 0.3840749414519906
}