{
    "class": "pistol",
    "x1": 0.4824945295404814,
    "y1": 0.4697885196374622,
    "x2": 0.9168490153172867,
    "y2": 0.8489425981873112
}