{
    "class": "pistol",
    "x1": 0.48833333333333334,
    "y1": 0.5081081081081081,
    "x2": 0.87,
    "y2": 0.6378378378378379
}