{
    "class": "pistol",
    "x1": 0.490625,
    "y1": 0.5416666666666666,
    "x2": 0.89375,
    "y2": 0.7833333333333333
}