{
    "class": "pistol",
    "x1": 0.6857923497267759,
    "y1": 0.4934426229508197,
    "x2": 0.18907103825136612,
    "y2": 0.28852459016393445
}