{
    "class": "pistol",
    "x1": 0.5049382716049383,
    "y1": 0.49337748344370863,
    "x2": 0.9703703703703703,
    "y2": 0.9735099337748344
}