{
    "class": "pistol",
    "x1": 0.51,
    "y1": 0.5180180180180181,
    "x2": 0.98,
    "y2": 0.4894894894894895
}