{
    "class": "pistol",
    "x1": 0.35125,
    "y1": 0.3964218455743879,
    "x2": 0.64,
    "y2": 0.7137476459510358
}