{
    "class": "pistol",
    "x1": 0.71923828125,
    "y1": 0.40554821664464996,
    "x2": 0.4052734375,
    "y2": 0.4570673712021136
}