{
    "class": "pistol",
    "x1": 0.40572916666666664,
    "y1": 0.8087962962962963,
    "x2": 0.14270833333333333,
    "y2": 0.24537037037037038
}