{
    "class": "pistol",
    "x1": 0.5095,
    "y1": 0.509493670886076,
    "x2": 0.981,
    "y2": 0.9177215189873418
}