{
    "class": "pistol",
    "x1": 0.1614010989010989,
    "y1": 0.37109375,
    "x2": 0.14697802197802198,
    "y2": 0.103515625
}