{
    "class": "pistol",
    "x1": 0.49944444444444447,
    "y1": 0.5385185185185185,
    "x2": 0.9966666666666667,
    "y2": 0.9111111111111111
}