{
    "class": "pistol",
    "x1": 0.4901234567901235,
    "y1": 0.5393518518518519,
    "x2": 0.0728395061728395,
    "y2": 0.06574074074074074
}