{
    "class": "pistol",
    "x1": 0.462015503875969,
    "y1": 0.41189931350114417,
    "x2": 0.39069767441860465,
    "y2": 0.6636155606407322
}