{
    "class": "pistol",
    "x1": 0.6173333333333333,
    "y1": 0.29151785714285716,
    "x2": 0.14266666666666666,
    "y2": 0.28482142857142856
}