{
    "class": "pistol",
    "x1": 0.5028645833333333,
    "y1": 0.43208430913348944,
    "x2": 0.17447916666666666,
    "y2": 0.40359094457455114
}