{
    "class": "pistol",
    "x1": 0.4628252788104089,
    "y1": 0.2647058823529412,
    "x2": 0.8661710037174721,
    "y2": 0.45454545454545453
}