{
    "class": "pistol",
    "x1": 0.499,
    "y1": 0.5015576323987538,
    "x2": 0.994,
    "y2": 0.9719626168224299
}