{
    "class": "pistol",
    "x1": 0.154,
    "y1": 0.2936570086139389,
    "x2": 0.06533333333333333,
    "y2": 0.12216131558339859
}