{
    "class": "pistol",
    "x1": 0.40911458333333334,
    "y1": 0.44583333333333336,
    "x2": 0.2171875,
    "y2": 0.4398148148148148
}