{
    "class": "pistol",
    "x1": 0.409375,
    "y1": 0.38935185185185184,
    "x2": 0.13020833333333334,
    "y2": 0.39351851851851855
}