{
    "class": "pistol",
    "x1": 0.3040078201368524,
    "y1": 0.37515527950310557,
    "x2": 0.31867057673509286,
    "y2": 0.30062111801242236
}