{
    "class": "pistol",
    "x1": 0.4817901234567901,
    "y1": 0.5148148148148148,
    "x2": 0.10308641975308643,
    "y2": 0.16111111111111112
}