{
    "class": "pistol",
    "x1": 0.27367205542725176,
    "y1": 0.2530769230769231,
    "x2": 0.20785219399538107,
    "y2": 0.2246153846153846
}