{
    "class": "pistol",
    "x1": 0.5141242937853108,
    "y1": 0.5775,
    "x2": 0.7062146892655368,
    "y2": 0.845
}