{
    "class": "pistol",
    "x1": 0.4985228951255539,
    "y1": 0.3484107579462103,
    "x2": 0.9675036927621861,
    "y2": 0.6234718826405868
}