{
    "class": "pistol",
    "x1": 0.4982638888888889,
    "y1": 0.47690763052208834,
    "x2": 0.8923611111111112,
    "y2": 0.8413654618473896
}