{
    "class": "pistol",
    "x1": 0.284366576819407,
    "y1": 0.38514173998044965,
    "x2": 0.2991913746630728,
    "y2": 0.3343108504398827
}