{
    "class": "pistol",
    "x1": 0.5,
    "y1": 0.45416666666666666,
    "x2": 0.9625,
    "y2": 0.8916666666666667
}