{
    "class": "pistol",
    "x1": 0.4744791666666667,
    "y1": 0.48633879781420764,
    "x2": 0.25729166666666664,
    "y2": 0.32786885245901637
}