{
    "class": "pistol",
    "x1": 0.7061538461538461,
    "y1": 0.6369230769230769,
    "x2": 0.27692307692307694,
    "y2": 0.36615384615384616
}