{
    "class": "pistol",
    "x1": 0.4089506172839506,
    "y1": 0.46620370370370373,
    "x2": 0.10061728395061728,
    "y2": 0.13796296296296295
}