{
    "class": "pistol",
    "x1": 0.5720833333333334,
    "y1": 0.61125,
    "x2": 0.43916666666666665,
    "y2": 0.6075
}