{
    "class": "pistol",
    "x1": 0.45092592592592595,
    "y1": 0.4828703703703704,
    "x2": 0.09444444444444444,
    "y2": 0.10277777777777777
}