{
    "class": "pistol",
    "x1": 0.498,
    "y1": 0.4916387959866221,
    "x2": 0.964,
    "y2": 0.903010033444816
}