{
    "class": "pistol",
    "x1": 0.497,
    "y1": 0.42201834862385323,
    "x2": 0.762,
    "y2": 0.5626911314984709
}