{
    "class": "pistol",
    "x1": 0.5936018957345972,
    "y1": 0.763,
    "x2": 0.6563981042654028,
    "y2": 0.398
}