{
    "class": "pistol",
    "x1": 0.35,
    "y1": 0.33976833976833976,
    "x2": 0.475,
    "y2": 0.5868725868725869
}