{
    "class": "pistol",
    "x1": 0.72875,
    "y1": 0.38,
    "x2": 0.4775,
    "y2": 0.4469565217391304
}