{
    "class": "pistol",
    "x1": 0.498,
    "y1": 0.4932249322493225,
    "x2": 0.972,
    "y2": 0.981029810298103
}