{
    "class": "pistol",
    "x1": 0.56640625,
    "y1": 0.5360230547550432,
    "x2": 0.4203125,
    "y2": 0.5072046109510087
}