{
    "class": "pistol",
    "x1": 0.47368421052631576,
    "y1": 0.5111420612813371,
    "x2": 0.9263157894736842,
    "y2": 0.8495821727019499
}