{
    "class": "pistol",
    "x1": 0.490625,
    "y1": 0.5166666666666667,
    "x2": 0.95625,
    "y2": 0.9333333333333333
}