{
    "class": "pistol",
    "x1": 0.4983739837398374,
    "y1": 0.4246913580246914,
    "x2": 0.8959349593495934,
    "y2": 0.7802469135802469
}