{
    "class": "pistol",
    "x1": 0.49453125,
    "y1": 0.5452771272443404,
    "x2": 0.2911458333333333,
    "y2": 0.297423887587822
}