{
    "class": "pistol",
    "x1": 0.4302469135802469,
    "y1": 0.5032407407407408,
    "x2": 0.06172839506172839,
    "y2": 0.13055555555555556
}