{
    "class": "pistol",
    "x1": 0.22666666666666666,
    "y1": 0.36904761904761907,
    "x2": 0.16,
    "y2": 0.16666666666666666
}