{
    "class": "pistol",
    "x1": 0.5161290322580645,
    "y1": 0.48058252427184467,
    "x2": 0.8580645161290322,
    "y2": 0.7864077669902912
}