{
    "class": "pistol",
    "x1": 0.48,
    "y1": 0.4936507936507937,
    "x2": 0.908,
    "y2": 0.9238095238095239
}