{
    "class": "pistol",
    "x1": 0.502,
    "y1": 0.4984375,
    "x2": 0.932,
    "y2": 0.878125
}