{
    "class": "pistol",
    "x1": 0.5212765957446809,
    "y1": 0.4564489112227806,
    "x2": 0.6495619524405507,
    "y2": 0.7989949748743719
}