{
    "class": "pistol",
    "x1": 0.616875,
    "y1": 0.5458333333333333,
    "x2": 0.4175,
    "y2": 0.56
}