{
    "class": "pistol",
    "x1": 0.5433333333333333,
    "y1": 0.5876543209876544,
    "x2": 0.4911111111111111,
    "y2": 0.36049382716049383
}