{
    "class": "pistol",
    "x1": 0.4928571428571429,
    "y1": 0.48375451263537905,
    "x2": 0.9057142857142857,
    "y2": 0.9025270758122743
}