{
    "class": "pistol",
    "x1": 0.50375,
    "y1": 0.5916666666666667,
    "x2": 0.8925,
    "y2": 0.8166666666666667
}