{
    "class": "pistol",
    "x1": 0.494,
    "y1": 0.503125,
    "x2": 0.98,
    "y2": 0.93125
}