{
    "class": "pistol",
    "x1": 0.693,
    "y1": 0.6165413533834586,
    "x2": 0.426,
    "y2": 0.6265664160401002
}