{
    "class": "pistol",
    "x1": 0.4875,
    "y1": 0.49166666666666664,
    "x2": 0.95,
    "y2": 0.8833333333333333
}