{
    "class": "pistol",
    "x1": 0.5105633802816901,
    "y1": 0.4293785310734463,
    "x2": 0.9225352112676056,
    "y2": 0.7909604519774012
}