{
    "class": "pistol",
    "x1": 0.496875,
    "y1": 0.5083333333333333,
    "x2": 0.90625,
    "y2": 0.9166666666666666
}