{
    "class": "pistol",
    "x1": 0.484,
    "y1": 0.6933333333333334,
    "x2": 0.508,
    "y2": 0.4693333333333333
}