{
    "class": "pistol",
    "x1": 0.496875,
    "y1": 0.5125,
    "x2": 0.94375,
    "y2": 0.9083333333333333
}