{
    "class": "pistol",
    "x1": 0.3859375,
    "y1": 0.3402777777777778,
    "x2": 0.321875,
    "y2": 0.33055555555555555
}