{
    "class": "pistol",
    "x1": 0.3990740740740741,
    "y1": 0.38842592592592595,
    "x2": 0.08456790123456791,
    "y2": 0.15462962962962962
}