{
    "class": "pistol",
    "x1": 0.5748587570621468,
    "y1": 0.5175879396984925,
    "x2": 0.3135593220338983,
    "y2": 0.592964824120603
}