{
    "class": "pistol",
    "x1": 0.562,
    "y1": 0.6228070175438597,
    "x2": 0.78,
    "y2": 0.618421052631579
}