{
    "class": "pistol",
    "x1": 0.4524913093858633,
    "y1": 0.10668103448275862,
    "x2": 0.10081112398609501,
    "y2": 0.11278735632183907
}