{
    "class": "pistol",
    "x1": 0.4925925925925926,
    "y1": 0.4810185185185185,
    "x2": 0.21975308641975308,
    "y2": 0.18611111111111112
}