{
    "class": "pistol",
    "x1": 0.4984848484848485,
    "y1": 0.5128712871287129,
    "x2": 0.9696969696969697,
    "y2": 0.9584158415841584
}