{
    "class": "pistol",
    "x1": 0.40703125,
    "y1": 0.7935185185185185,
    "x2": 0.19322916666666667,
    "y2": 0.2518518518518518
}