{
    "class": "pistol",
    "x1": 0.7625,
    "y1": 0.480859375,
    "x2": 0.46770833333333334,
    "y2": 0.53046875
}