{
    "class": "pistol",
    "x1": 0.49375,
    "y1": 0.475,
    "x2": 0.975,
    "y2": 0.8833333333333333
}