{
    "class": "pistol",
    "x1": 0.47604166666666664,
    "y1": 0.41898148148148145,
    "x2": 0.12291666666666666,
    "y2": 0.4398148148148148
}