{
    "class": "pistol",
    "x1": 0.5007716049382716,
    "y1": 0.5082304526748971,
    "x2": 0.8811728395061729,
    "y2": 0.8683127572016461
}