{
    "class": "pistol",
    "x1": 0.48541666666666666,
    "y1": 0.3875,
    "x2": 0.9666666666666667,
    "y2": 0.7472222222222222
}