{
    "class": "pistol",
    "x1": 0.7278481012658228,
    "y1": 0.51,
    "x2": 0.2848101265822785,
    "y2": 0.668
}