{
    "class": "pistol",
    "x1": 0.5807291666666666,
    "y1": 0.456640625,
    "x2": 0.8385416666666666,
    "y2": 0.74296875
}