{
    "class": "pistol",
    "x1": 0.4750542299349241,
    "y1": 0.4713855421686747,
    "x2": 0.8893709327548807,
    "y2": 0.822289156626506
}