{
    "class": "pistol",
    "x1": 0.27064896755162243,
    "y1": 0.47314453125,
    "x2": 0.15191740412979352,
    "y2": 0.1845703125
}