{
    "class": "pistol",
    "x1": 0.499,
    "y1": 0.5133779264214047,
    "x2": 0.9446666666666667,
    "y2": 0.9286510590858417
}