{
    "class": "pistol",
    "x1": 0.461,
    "y1": 0.5095846645367412,
    "x2": 0.694,
    "y2": 0.744408945686901
}