{
    "class": "pistol",
    "x1": 0.51,
    "y1": 0.49230769230769234,
    "x2": 0.724,
    "y2": 0.8692307692307693
}