{
    "class": "pistol",
    "x1": 0.5325,
    "y1": 0.4662790697674419,
    "x2": 0.3625,
    "y2": 0.6627906976744186
}