{
    "class": "pistol",
    "x1": 0.56,
    "y1": 0.41887125220458554,
    "x2": 0.3905882352941176,
    "y2": 0.35802469135802467
}