{
    "class": "pistol",
    "x1": 0.5028571428571429,
    "y1": 0.512,
    "x2": 0.9885714285714285,
    "y2": 0.6
}