{
    "class": "pistol",
    "x1": 0.4934895833333333,
    "y1": 0.49882903981264637,
    "x2": 0.1921875,
    "y2": 0.20140515222482436
}