{
    "class": "pistol",
    "x1": 0.47109375,
    "y1": 0.2375,
    "x2": 0.0734375,
    "y2": 0.11666666666666667
}