{
    "class": "pistol",
    "x1": 0.5449852507374632,
    "y1": 0.54248046875,
    "x2": 0.5058997050147492,
    "y2": 0.5654296875
}