{
    "class": "pistol",
    "x1": 0.518910741301059,
    "y1": 0.4939516129032258,
    "x2": 0.6263237518910741,
    "y2": 0.9435483870967742
}