{
    "class": "pistol",
    "x1": 0.4973214285714286,
    "y1": 0.4914383561643836,
    "x2": 0.36964285714285716,
    "y2": 0.4554794520547945
}