{
    "class": "pistol",
    "x1": 0.39666666666666667,
    "y1": 0.3873015873015873,
    "x2": 0.2866666666666667,
    "y2": 0.7365079365079366
}