{
    "class": "pistol",
    "x1": 0.3963541666666667,
    "y1": 0.2708333333333333,
    "x2": 0.15416666666666667,
    "y2": 0.3435185185185185
}