{
    "class": "pistol",
    "x1": 0.5025,
    "y1": 0.43097014925373134,
    "x2": 0.995,
    "y2": 0.8470149253731343
}