{
    "class": "pistol",
    "x1": 0.4666666666666667,
    "y1": 0.49404761904761907,
    "x2": 0.9095238095238095,
    "y2": 0.9642857142857143
}