{
    "class": "pistol",
    "x1": 0.460546875,
    "y1": 0.34097222222222223,
    "x2": 0.72109375,
    "y2": 0.6680555555555555
}