{
    "class": "pistol",
    "x1": 0.6807647740440325,
    "y1": 0.30028735632183906,
    "x2": 0.24681344148319814,
    "y2": 0.1882183908045977
}