{
    "class": "pistol",
    "x1": 0.5011135857461024,
    "y1": 0.42449664429530204,
    "x2": 0.534521158129176,
    "y2": 0.5738255033557047
}