{
    "class": "pistol",
    "x1": 0.48333333333333334,
    "y1": 0.4777777777777778,
    "x2": 0.16354166666666667,
    "y2": 0.2518518518518518
}