{
    "class": "pistol",
    "x1": 0.2475,
    "y1": 0.5595238095238095,
    "x2": 0.125,
    "y2": 0.29523809523809524
}