{
    "class": "pistol",
    "x1": 0.306,
    "y1": 0.32732732732732733,
    "x2": 0.524,
    "y2": 0.3963963963963964
}