{
    "class": "pistol",
    "x1": 0.4846153846153846,
    "y1": 0.23684210526315788,
    "x2": 0.36153846153846153,
    "y2": 0.43859649122807015
}