{
    "class": "pistol",
    "x1": 0.38720238095238096,
    "y1": 0.5471428571428572,
    "x2": 0.18988095238095237,
    "y2": 0.2885714285714286
}