{
    "class": "pistol",
    "x1": 0.706256109481916,
    "y1": 0.5131964809384164,
    "x2": 0.38807429130009774,
    "y2": 0.30498533724340177
}