{
    "class": "pistol",
    "x1": 0.4713541666666667,
    "y1": 0.4217592592592593,
    "x2": 0.15104166666666666,
    "y2": 0.43425925925925923
}