{
    "class": "pistol",
    "x1": 0.2824074074074074,
    "y1": 0.4212962962962963,
    "x2": 0.15,
    "y2": 0.6481481481481481
}