{
    "class": "pistol",
    "x1": 0.25333333333333335,
    "y1": 0.20425531914893616,
    "x2": 0.3,
    "y2": 0.23829787234042554
}