{
    "class": "pistol",
    "x1": 0.3861111111111111,
    "y1": 0.538425925925926,
    "x2": 0.06975308641975309,
    "y2": 0.1398148148148148
}