{
    "class": "pistol",
    "x1": 0.5308333333333334,
    "y1": 0.6824925816023739,
    "x2": 0.3383333333333333,
    "y2": 0.629080118694362
}