{
    "class": "pistol",
    "x1": 0.49022482893450636,
    "y1": 0.4398826979472141,
    "x2": 0.9393939393939394,
    "y2": 0.7331378299120235
}