{
    "class": "pistol",
    "x1": 0.5084269662921348,
    "y1": 0.4024822695035461,
    "x2": 0.6460674157303371,
    "y2": 0.6914893617021277
}