{
    "class": "pistol",
    "x1": 0.2318181818181818,
    "y1": 0.32957393483709274,
    "x2": 0.24242424242424243,
    "y2": 0.48370927318295737
}