{
    "class": "pistol",
    "x1": 0.5078125,
    "y1": 0.4094457455113193,
    "x2": 0.10416666666666667,
    "y2": 0.28805620608899296
}