{
    "class": "pistol",
    "x1": 0.51171875,
    "y1": 0.3347222222222222,
    "x2": 0.1109375,
    "y2": 0.08888888888888889
}