{
    "class": "pistol",
    "x1": 0.8822222222222222,
    "y1": 0.5618729096989966,
    "x2": 0.19555555555555557,
    "y2": 0.4682274247491639
}