{
    "class": "pistol",
    "x1": 0.49560117302052786,
    "y1": 0.4347507331378299,
    "x2": 0.7253176930596286,
    "y2": 0.6876832844574781
}