{
    "class": "pistol",
    "x1": 0.36,
    "y1": 0.525,
    "x2": 0.5866666666666667,
    "y2": 0.9055555555555556
}