{
    "class": "pistol",
    "x1": 0.49625,
    "y1": 0.4965156794425087,
    "x2": 0.8975,
    "y2": 0.8745644599303136
}