{
    "class": "pistol",
    "x1": 0.2705078125,
    "y1": 0.48525073746312686,
    "x2": 0.2890625,
    "y2": 0.36283185840707965
}