{
    "class": "pistol",
    "x1": 0.24034090909090908,
    "y1": 0.44293015332197616,
    "x2": 0.23522727272727273,
    "y2": 0.3577512776831346
}