{
    "class": "pistol",
    "x1": 0.5545454545454546,
    "y1": 0.6409090909090909,
    "x2": 0.8181818181818182,
    "y2": 0.7181818181818181
}