{
    "class": "pistol",
    "x1": 0.527,
    "y1": 0.4294294294294294,
    "x2": 0.938,
    "y2": 0.6006006006006006
}