{
    "class": "pistol",
    "x1": 0.5879765395894428,
    "y1": 0.4714076246334311,
    "x2": 0.6774193548387096,
    "y2": 0.6935483870967742
}