{
    "class": "pistol",
    "x1": 0.50125,
    "y1": 0.5070671378091873,
    "x2": 0.84,
    "y2": 0.7632508833922261
}