{
    "class": "pistol",
    "x1": 0.5018796992481203,
    "y1": 0.47619047619047616,
    "x2": 0.5225563909774437,
    "y2": 0.48677248677248675
}