{
    "class": "pistol",
    "x1": 0.437890625,
    "y1": 0.30833333333333335,
    "x2": 0.05234375,
    "y2": 0.08888888888888889
}