{
    "class": "pistol",
    "x1": 0.478125,
    "y1": 0.5166666666666667,
    "x2": 0.81875,
    "y2": 0.8833333333333333
}