{
    "class": "pistol",
    "x1": 0.496875,
    "y1": 0.49583333333333335,
    "x2": 0.90625,
    "y2": 0.975
}