{
    "class": "pistol",
    "x1": 0.48802083333333335,
    "y1": 0.5351851851851852,
    "x2": 0.16145833333333334,
    "y2": 0.3907407407407407
}