{
    "class": "pistol",
    "x1": 0.353125,
    "y1": 0.4937655860349127,
    "x2": 0.571875,
    "y2": 0.6184538653366584
}