{
    "class": "pistol",
    "x1": 0.337109375,
    "y1": 0.6645833333333333,
    "x2": 0.06796875,
    "y2": 0.15416666666666667
}