{
    "class": "pistol",
    "x1": 0.5611764705882353,
    "y1": 0.5109375,
    "x2": 0.44941176470588234,
    "y2": 0.503125
}