{
    "class": "pistol",
    "x1": 0.7447552447552448,
    "y1": 0.4147727272727273,
    "x2": 0.4825174825174825,
    "y2": 0.6818181818181818
}