{
    "class": "pistol",
    "x1": 0.4296875,
    "y1": 0.36715481171548114,
    "x2": 0.621875,
    "y2": 0.5627615062761506
}