{
    "class": "pistol",
    "x1": 0.584,
    "y1": 0.5135135135135135,
    "x2": 0.772,
    "y2": 0.960960960960961
}