{
    "class": "pistol",
    "x1": 0.312890625,
    "y1": 0.6104166666666667,
    "x2": 0.11328125,
    "y2": 0.1597222222222222
}