{
    "class": "pistol",
    "x1": 0.3436123348017621,
    "y1": 0.38563049853372433,
    "x2": 0.2936857562408223,
    "y2": 0.386119257086999
}