{
    "class": "pistol",
    "x1": 0.52375,
    "y1": 0.568125,
    "x2": 0.5041666666666667,
    "y2": 0.75375
}