{
    "class": "pistol",
    "x1": 0.5051282051282051,
    "y1": 0.5012820512820513,
    "x2": 0.9829059829059829,
    "y2": 0.941025641025641
}