{
    "class": "pistol",
    "x1": 0.4971698113207547,
    "y1": 0.4730392156862745,
    "x2": 0.9037735849056604,
    "y2": 0.8872549019607843
}