{
    "class": "pistol",
    "x1": 0.59375,
    "y1": 0.4943609022556391,
    "x2": 0.5075,
    "y2": 0.2894736842105263
}