{
    "class": "pistol",
    "x1": 0.476,
    "y1": 0.47897897897897895,
    "x2": 0.848,
    "y2": 0.6876876876876877
}