{
    "class": "pistol",
    "x1": 0.511,
    "y1": 0.5213333333333333,
    "x2": 0.918,
    "y2": 0.7226666666666667
}