{
    "class": "pistol",
    "x1": 0.5037037037037037,
    "y1": 0.4861111111111111,
    "x2": 0.9685185185185186,
    "y2": 0.9305555555555556
}