{
    "class": "pistol",
    "x1": 0.469921875,
    "y1": 0.4753810082063306,
    "x2": 0.77421875,
    "y2": 0.6623681125439624
}