{
    "class": "pistol",
    "x1": 0.489,
    "y1": 0.5187319884726225,
    "x2": 0.866,
    "y2": 0.8414985590778098
}