{
    "class": "pistol",
    "x1": 0.496,
    "y1": 0.40502183406113534,
    "x2": 0.92,
    "y2": 0.7008733624454149
}