{
    "class": "pistol",
    "x1": 0.6604166666666667,
    "y1": 0.63875,
    "x2": 0.44083333333333335,
    "y2": 0.6775
}