{
    "class": "pistol",
    "x1": 0.484375,
    "y1": 0.4875,
    "x2": 0.91875,
    "y2": 0.9583333333333334
}