{
    "class": "pistol",
    "x1": 0.653125,
    "y1": 0.46,
    "x2": 0.6125,
    "y2": 0.8026666666666666
}