{
    "class": "pistol",
    "x1": 0.441875,
    "y1": 0.7612275449101796,
    "x2": 0.46,
    "y2": 0.4745508982035928
}