{
    "class": "pistol",
    "x1": 0.26197916666666665,
    "y1": 0.5465277777777777,
    "x2": 0.5177083333333333,
    "y2": 0.9069444444444444
}