{
    "class": "pistol",
    "x1": 0.3549382716049383,
    "y1": 0.44074074074074077,
    "x2": 0.11358024691358025,
    "y2": 0.12407407407407407
}