{
    "class": "pistol",
    "x1": 0.526,
    "y1": 0.6584699453551912,
    "x2": 0.748,
    "y2": 0.5956284153005464
}