{
    "class": "pistol",
    "x1": 0.5125,
    "y1": 0.48333333333333334,
    "x2": 0.9625,
    "y2": 0.9333333333333333
}