{
    "class": "pistol",
    "x1": 0.4083969465648855,
    "y1": 0.33678756476683935,
    "x2": 0.8091603053435115,
    "y2": 0.6632124352331606
}