{
    "class": "pistol",
    "x1": 0.49375,
    "y1": 0.475,
    "x2": 0.95,
    "y2": 0.9333333333333333
}