{
    "class": "pistol",
    "x1": 0.3888059701492537,
    "y1": 0.5234899328859061,
    "x2": 0.6522388059701493,
    "y2": 0.5011185682326622
}