{
    "class": "pistol",
    "x1": 0.27184466019417475,
    "y1": 0.3220858895705521,
    "x2": 0.47896440129449835,
    "y2": 0.6073619631901841
}