{
    "class": "pistol",
    "x1": 0.6433333333333333,
    "y1": 0.44021739130434784,
    "x2": 0.6166666666666667,
    "y2": 0.842391304347826
}