{
    "class": "pistol",
    "x1": 0.53984375,
    "y1": 0.5328947368421053,
    "x2": 0.5765625,
    "y2": 0.5219298245614035
}