{
    "class": "pistol",
    "x1": 0.48984375,
    "y1": 0.19236111111111112,
    "x2": 0.06875,
    "y2": 0.12083333333333333
}