{
    "class": "pistol",
    "x1": 0.43,
    "y1": 0.5066666666666667,
    "x2": 0.552,
    "y2": 0.9653333333333334
}