{
    "class": "pistol",
    "x1": 0.509375,
    "y1": 0.5,
    "x2": 0.93125,
    "y2": 0.9833333333333333
}