{
    "class": "pistol",
    "x1": 0.50078125,
    "y1": 0.5667447306791569,
    "x2": 0.21510416666666668,
    "y2": 0.25136612021857924
}