{
    "class": "pistol",
    "x1": 0.416015625,
    "y1": 0.50048828125,
    "x2": 0.830078125,
    "y2": 0.5966796875
}