{
    "class": "pistol",
    "x1": 0.33046875,
    "y1": 0.41064814814814815,
    "x2": 0.2078125,
    "y2": 0.17314814814814813
}