{
    "class": "pistol",
    "x1": 0.5015625,
    "y1": 0.375886524822695,
    "x2": 0.803125,
    "y2": 0.3073286052009456
}