{
    "class": "pistol",
    "x1": 0.59375,
    "y1": 0.43796296296296294,
    "x2": 0.15,
    "y2": 0.4703703703703704
}