{
    "class": "pistol",
    "x1": 0.4739583333333333,
    "y1": 0.3541666666666667,
    "x2": 0.18541666666666667,
    "y2": 0.3101851851851852
}