{
    "class": "pistol",
    "x1": 0.447,
    "y1": 0.36666666666666664,
    "x2": 0.582,
    "y2": 0.4666666666666667
}