{
    "class": "pistol",
    "x1": 0.467,
    "y1": 0.4753787878787879,
    "x2": 0.916,
    "y2": 0.7815656565656566
}