{
    "class": "pistol",
    "x1": 0.5239583333333333,
    "y1": 0.5254629629629629,
    "x2": 0.23958333333333334,
    "y2": 0.1638888888888889
}