{
    "class": "pistol",
    "x1": 0.5583333333333333,
    "y1": 0.4972847168347556,
    "x2": 0.49,
    "y2": 0.682699767261443
}