{
    "class": "pistol",
    "x1": 0.7,
    "y1": 0.5413333333333333,
    "x2": 0.368,
    "y2": 0.5066666666666667
}