{
    "class": "pistol",
    "x1": 0.7416666666666667,
    "y1": 0.4111111111111111,
    "x2": 0.338,
    "y2": 0.36
}