{
    "class": "pistol",
    "x1": 0.26,
    "y1": 0.6859688195991092,
    "x2": 0.456,
    "y2": 0.39643652561247217
}