{
    "class": "pistol",
    "x1": 0.6891495601173021,
    "y1": 0.5620723362658846,
    "x2": 0.44281524926686217,
    "y2": 0.4731182795698925
}