{
    "class": "pistol",
    "x1": 0.3870967741935484,
    "y1": 0.4258064516129032,
    "x2": 0.7709677419354839,
    "y2": 0.8473118279569892
}