{
    "class": "pistol",
    "x1": 0.43475274725274726,
    "y1": 0.3708791208791209,
    "x2": 0.5810439560439561,
    "y2": 0.3717948717948718
}