{
    "class": "pistol",
    "x1": 0.43559928443649376,
    "y1": 0.5032967032967033,
    "x2": 0.8497316636851521,
    "y2": 0.9494505494505494
}