{
    "class": "pistol",
    "x1": 0.44066666666666665,
    "y1": 0.494005994005994,
    "x2": 0.608,
    "y2": 0.8401598401598401
}