{
    "class": "pistol",
    "x1": 0.2640625,
    "y1": 0.6036458333333333,
    "x2": 0.4171875,
    "y2": 0.609375
}