{
    "class": "pistol",
    "x1": 0.47957371225577267,
    "y1": 0.4916387959866221,
    "x2": 0.8809946714031972,
    "y2": 0.862876254180602
}