{
    "class": "pistol",
    "x1": 0.6109913793103449,
    "y1": 0.40076923076923077,
    "x2": 0.1271551724137931,
    "y2": 0.2723076923076923
}