{
    "class": "pistol",
    "x1": 0.46044921875,
    "y1": 0.3193359375,
    "x2": 0.9130859375,
    "y2": 0.375
}