{
    "class": "pistol",
    "x1": 0.49523809523809526,
    "y1": 0.4507936507936508,
    "x2": 0.9619047619047619,
    "y2": 0.7936507936507936
}