{
    "class": "pistol",
    "x1": 0.5404040404040404,
    "y1": 0.16807692307692307,
    "x2": 0.14029180695847362,
    "y2": 0.13307692307692306
}