{
    "class": "pistol",
    "x1": 0.541,
    "y1": 0.5828313253012049,
    "x2": 0.714,
    "y2": 0.7259036144578314
}