{
    "class": "pistol",
    "x1": 0.6947916666666667,
    "y1": 0.6447811447811448,
    "x2": 0.140625,
    "y2": 0.2676767676767677
}