{
    "class": "pistol",
    "x1": 0.6653333333333333,
    "y1": 0.5336363636363637,
    "x2": 0.31466666666666665,
    "y2": 0.5018181818181818
}