{
    "class": "pistol",
    "x1": 0.48858921161825725,
    "y1": 0.5025303643724697,
    "x2": 0.901106500691563,
    "y2": 0.798582995951417
}