{
    "class": "pistol",
    "x1": 0.492578125,
    "y1": 0.5568581477139508,
    "x2": 0.77578125,
    "y2": 0.8815943728018757
}