{
    "class": "pistol",
    "x1": 0.4984375,
    "y1": 0.2743055555555556,
    "x2": 0.0703125,
    "y2": 0.05138888888888889
}