{
    "class": "pistol",
    "x1": 0.335,
    "y1": 0.6729857819905213,
    "x2": 0.602,
    "y2": 0.5402843601895735
}