{
    "class": "pistol",
    "x1": 0.5787037037037037,
    "y1": 0.5486111111111112,
    "x2": 0.10925925925925926,
    "y2": 0.11018518518518519
}