{
    "class": "pistol",
    "x1": 0.587,
    "y1": 0.49466666666666664,
    "x2": 0.742,
    "y2": 0.5786666666666667
}