{
    "class": "pistol",
    "x1": 0.5,
    "y1": 0.5066666666666667,
    "x2": 0.991304347826087,
    "y2": 0.5133333333333333
}