{
    "class": "pistol",
    "x1": 0.515625,
    "y1": 0.25155555555555553,
    "x2": 0.790625,
    "y2": 0.368
}