{
    "class": "pistol",
    "x1": 0.5010845986984815,
    "y1": 0.5210084033613446,
    "x2": 0.928416485900217,
    "y2": 0.8571428571428571
}