{
    "class": "pistol",
    "x1": 0.64,
    "y1": 0.36789297658862874,
    "x2": 0.6711111111111111,
    "y2": 0.5484949832775919
}