{
    "class": "pistol",
    "x1": 0.5722222222222222,
    "y1": 0.5155555555555555,
    "x2": 0.5777777777777777,
    "y2": 0.9311111111111111
}