{
    "class": "pistol",
    "x1": 0.5101721439749609,
    "y1": 0.6194444444444445,
    "x2": 0.20344287949921752,
    "y2": 0.5666666666666667
}