{
    "class": "pistol",
    "x1": 0.42682291666666666,
    "y1": 0.3800925925925926,
    "x2": 0.17447916666666666,
    "y2": 0.36203703703703705
}