{
    "class": "pistol",
    "x1": 0.4086734693877551,
    "y1": 0.611791730474732,
    "x2": 0.19489795918367347,
    "y2": 0.24961715160796324
}