{
    "class": "pistol",
    "x1": 0.49533333333333335,
    "y1": 0.14681818181818182,
    "x2": 0.108,
    "y2": 0.08818181818181818
}