{
    "class": "pistol",
    "x1": 0.4635416666666667,
    "y1": 0.35462962962962963,
    "x2": 0.159375,
    "y2": 0.4166666666666667
}