{
    "class": "pistol",
    "x1": 0.5016666666666667,
    "y1": 0.41833333333333333,
    "x2": 0.8766666666666667,
    "y2": 0.5433333333333333
}