{
    "class": "pistol",
    "x1": 0.552,
    "y1": 0.49333333333333335,
    "x2": 0.776,
    "y2": 0.9066666666666666
}