{
    "class": "pistol",
    "x1": 0.5033333333333333,
    "y1": 0.5061728395061729,
    "x2": 0.94,
    "y2": 0.8271604938271605
}