{
    "class": "pistol",
    "x1": 0.4738095238095238,
    "y1": 0.48840321141837645,
    "x2": 0.8333333333333334,
    "y2": 0.8840321141837645
}