{
    "class": "pistol",
    "x1": 0.50390625,
    "y1": 0.5175644028103045,
    "x2": 0.14114583333333333,
    "y2": 0.17642466822794692
}