{
    "class": "pistol",
    "x1": 0.494140625,
    "y1": 0.652962515114873,
    "x2": 0.232421875,
    "y2": 0.5344619105199516
}