{
    "class": "pistol",
    "x1": 0.37066974595842955,
    "y1": 0.36,
    "x2": 0.4226327944572748,
    "y2": 0.5030769230769231
}