{
    "class": "pistol",
    "x1": 0.4897360703812317,
    "y1": 0.48191593352883677,
    "x2": 0.7360703812316716,
    "y2": 0.49853372434017595
}