{
    "class": "pistol",
    "x1": 0.49056603773584906,
    "y1": 0.4955555555555556,
    "x2": 0.9232704402515723,
    "y2": 0.9577777777777777
}