{
    "class": "pistol",
    "x1": 0.4947530864197531,
    "y1": 0.5199074074074074,
    "x2": 0.06851851851851852,
    "y2": 0.18981481481481483
}