{
    "class": "pistol",
    "x1": 0.50625,
    "y1": 0.5291666666666667,
    "x2": 0.9125,
    "y2": 0.725
}