{
    "class": "pistol",
    "x1": 0.4059322033898305,
    "y1": 0.6377672209026128,
    "x2": 0.46271186440677964,
    "y2": 0.6104513064133017
}