{
    "class": "pistol",
    "x1": 0.5395,
    "y1": 0.32062028499580886,
    "x2": 0.921,
    "y2": 0.30092204526404026
}