{
    "class": "pistol",
    "x1": 0.25709876543209875,
    "y1": 0.37824074074074077,
    "x2": 0.10432098765432099,
    "y2": 0.13425925925925927
}