{
    "class": "pistol",
    "x1": 0.465625,
    "y1": 0.4792626728110599,
    "x2": 0.81875,
    "y2": 0.8294930875576036
}