{
    "class": "pistol",
    "x1": 0.5,
    "y1": 0.47183098591549294,
    "x2": 0.96,
    "y2": 0.9061032863849765
}