{
    "class": "pistol",
    "x1": 0.6328125,
    "y1": 0.4552980132450331,
    "x2": 0.571875,
    "y2": 0.7715231788079471
}