{
    "class": "pistol",
    "x1": 0.5509090909090909,
    "y1": 0.5429740791268759,
    "x2": 0.7272727272727273,
    "y2": 0.8021828103683493
}