{
    "class": "pistol",
    "x1": 0.5039100684261975,
    "y1": 0.5593841642228738,
    "x2": 0.9120234604105572,
    "y2": 0.8812316715542522
}