{
    "class": "pistol",
    "x1": 0.48857142857142855,
    "y1": 0.5085995085995086,
    "x2": 0.9742857142857143,
    "y2": 0.9434889434889435
}