{
    "class": "pistol",
    "x1": 0.4724770642201835,
    "y1": 0.44612068965517243,
    "x2": 0.7889908256880734,
    "y2": 0.6508620689655172
}