{
    "class": "pistol",
    "x1": 0.5291878172588832,
    "y1": 0.3915,
    "x2": 0.8654822335025381,
    "y2": 0.609
}