{
    "class": "pistol",
    "x1": 0.490625,
    "y1": 0.4791666666666667,
    "x2": 0.95625,
    "y2": 0.9083333333333333
}