{
    "class": "pistol",
    "x1": 0.5490129339686862,
    "y1": 0.14444444444444443,
    "x2": 0.05650102110279102,
    "y2": 0.13148148148148148
}