{
    "class": "pistol",
    "x1": 0.484375,
    "y1": 0.38333333333333336,
    "x2": 0.95625,
    "y2": 0.75
}