{
    "class": "pistol",
    "x1": 0.7453531598513011,
    "y1": 0.49226804123711343,
    "x2": 0.26394052044609667,
    "y2": 0.6134020618556701
}