{
    "class": "pistol",
    "x1": 0.4884233737596472,
    "y1": 0.63916015625,
    "x2": 0.7563395810363837,
    "y2": 0.6337890625
}