{
    "class": "pistol",
    "x1": 0.16640625,
    "y1": 0.5819672131147541,
    "x2": 0.2703125,
    "y2": 0.6135831381733021
}