{
    "class": "pistol",
    "x1": 0.475,
    "y1": 0.43305785123966944,
    "x2": 0.45416666666666666,
    "y2": 0.4
}