{
    "class": "pistol",
    "x1": 0.53,
    "y1": 0.5266666666666666,
    "x2": 0.816,
    "y2": 0.8026666666666666
}