{
    "class": "pistol",
    "x1": 0.49666666666666665,
    "y1": 0.487012987012987,
    "x2": 0.9866666666666667,
    "y2": 0.961038961038961
}