{
    "class": "pistol",
    "x1": 0.47,
    "y1": 0.4791666666666667,
    "x2": 0.8966666666666666,
    "y2": 0.8630952380952381
}