{
    "class": "pistol",
    "x1": 0.4891518737672584,
    "y1": 0.4896755162241888,
    "x2": 0.9112426035502958,
    "y2": 0.8967551622418879
}