{
    "class": "pistol",
    "x1": 0.688076923076923,
    "y1": 0.29157043879907624,
    "x2": 0.11153846153846154,
    "y2": 0.2251732101616628
}