{
    "class": "pistol",
    "x1": 0.60703125,
    "y1": 0.6965277777777777,
    "x2": 0.096875,
    "y2": 0.13194444444444445
}