{
    "class": "pistol",
    "x1": 0.42925824175824173,
    "y1": 0.25,
    "x2": 0.8475274725274725,
    "y2": 0.44505494505494503
}