{
    "class": "pistol",
    "x1": 0.4921875,
    "y1": 0.7787037037037037,
    "x2": 0.21458333333333332,
    "y2": 0.26481481481481484
}