{
    "class": "pistol",
    "x1": 0.5132716049382716,
    "y1": 0.4449074074074074,
    "x2": 0.12037037037037036,
    "y2": 0.21203703703703702
}