{
    "class": "pistol",
    "x1": 0.22,
    "y1": 0.4295612009237875,
    "x2": 0.26615384615384613,
    "y2": 0.3187066974595843
}