{
    "class": "pistol",
    "x1": 0.27291666666666664,
    "y1": 0.3482758620689655,
    "x2": 0.5208333333333334,
    "y2": 0.6827586206896552
}