{
    "class": "pistol",
    "x1": 0.435,
    "y1": 0.4358974358974359,
    "x2": 0.786,
    "y2": 0.7350427350427351
}