{
    "class": "pistol",
    "x1": 0.42142857142857143,
    "y1": 0.403125,
    "x2": 0.42,
    "y2": 0.46458333333333335
}