{
    "class": "pistol",
    "x1": 0.51875,
    "y1": 0.5,
    "x2": 0.9,
    "y2": 0.8833333333333333
}