{
    "class": "pistol",
    "x1": 0.44727272727272727,
    "y1": 0.37158469945355194,
    "x2": 0.6327272727272727,
    "y2": 0.6557377049180327
}