{
    "class": "pistol",
    "x1": 0.4088541666666667,
    "y1": 0.4094457455113193,
    "x2": 0.15520833333333334,
    "y2": 0.3473848555815769
}