{
    "class": "pistol",
    "x1": 0.7492307692307693,
    "y1": 0.23125,
    "x2": 0.48615384615384616,
    "y2": 0.3425
}