{
    "class": "pistol",
    "x1": 0.5220820189274448,
    "y1": 0.31265508684863524,
    "x2": 0.6529968454258676,
    "y2": 0.40198511166253104
}