{
    "class": "pistol",
    "x1": 0.45989583333333334,
    "y1": 0.40708333333333335,
    "x2": 0.4125,
    "y2": 0.6691666666666667
}