{
    "class": "pistol",
    "x1": 0.46380208333333334,
    "y1": 0.549537037037037,
    "x2": 0.23489583333333333,
    "y2": 0.325
}