{
    "class": "pistol",
    "x1": 0.49691358024691357,
    "y1": 0.4666666666666667,
    "x2": 0.15925925925925927,
    "y2": 0.1925925925925926
}