{
    "class": "pistol",
    "x1": 0.5652173913043478,
    "y1": 0.6033333333333334,
    "x2": 0.18729096989966554,
    "y2": 0.3
}