{
    "class": "pistol",
    "x1": 0.47265625,
    "y1": 0.4982638888888889,
    "x2": 0.81640625,
    "y2": 0.9895833333333334
}