{
    "class": "pistol",
    "x1": 0.6525,
    "y1": 0.5931952662721893,
    "x2": 0.6883333333333334,
    "y2": 0.5946745562130178
}