{
    "class": "pistol",
    "x1": 0.495,
    "y1": 0.487987987987988,
    "x2": 0.686,
    "y2": 0.8438438438438438
}