{
    "class": "pistol",
    "x1": 0.503125,
    "y1": 0.4791666666666667,
    "x2": 0.94375,
    "y2": 0.9083333333333333
}