{
    "class": "pistol",
    "x1": 0.4986979166666667,
    "y1": 0.4212962962962963,
    "x2": 0.1359375,
    "y2": 0.4166666666666667
}