{
    "class": "pistol",
    "x1": 0.3690909090909091,
    "y1": 0.48360655737704916,
    "x2": 0.5054545454545455,
    "y2": 0.6612021857923497
}