{
    "class": "pistol",
    "x1": 0.551171875,
    "y1": 0.33402777777777776,
    "x2": 0.11328125,
    "y2": 0.08472222222222223
}