{
    "class": "pistol",
    "x1": 0.543,
    "y1": 0.3395061728395062,
    "x2": 0.71,
    "y2": 0.6111111111111112
}