{
    "class": "pistol",
    "x1": 0.48828125,
    "y1": 0.33489461358313816,
    "x2": 0.22760416666666666,
    "y2": 0.5667447306791569
}