{
    "class": "pistol",
    "x1": 0.482,
    "y1": 0.5284697508896797,
    "x2": 0.832,
    "y2": 0.8718861209964412
}