{
    "class": "pistol",
    "x1": 0.535,
    "y1": 0.28983833718244806,
    "x2": 0.6069230769230769,
    "y2": 0.45496535796766746
}