{
    "class": "pistol",
    "x1": 0.49375,
    "y1": 0.49166666666666664,
    "x2": 0.975,
    "y2": 0.9666666666666667
}