{
    "class": "pistol",
    "x1": 0.5855932203389831,
    "y1": 0.6360544217687075,
    "x2": 0.7135593220338983,
    "y2": 0.5328798185941043
}