{
    "class": "pistol",
    "x1": 0.56328125,
    "y1": 0.2982885085574572,
    "x2": 0.6640625,
    "y2": 0.5672371638141809
}