{
    "class": "pistol",
    "x1": 0.48385416666666664,
    "y1": 0.5238095238095238,
    "x2": 0.20104166666666667,
    "y2": 0.3294301327088212
}