{
    "class": "pistol",
    "x1": 0.5066666666666667,
    "y1": 0.4765625,
    "x2": 0.8266666666666667,
    "y2": 0.459375
}