{
    "class": "pistol",
    "x1": 0.510752688172043,
    "y1": 0.287701317715959,
    "x2": 0.198435972629521,
    "y2": 0.32650073206442165
}