{
    "class": "pistol",
    "x1": 0.3963963963963964,
    "y1": 0.728,
    "x2": 0.7627627627627628,
    "y2": 0.252
}