{
    "class": "pistol",
    "x1": 0.628125,
    "y1": 0.6480186480186481,
    "x2": 0.734375,
    "y2": 0.6107226107226107
}