{
    "class": "pistol",
    "x1": 0.49516129032258066,
    "y1": 0.5641025641025641,
    "x2": 0.9064516129032258,
    "y2": 0.7948717948717948
}