{
    "class": "pistol",
    "x1": 0.496875,
    "y1": 0.5041666666666667,
    "x2": 0.96875,
    "y2": 0.975
}