{
    "class": "pistol",
    "x1": 0.6540123456790123,
    "y1": 0.5486111111111112,
    "x2": 0.09074074074074075,
    "y2": 0.175
}