{
    "class": "pistol",
    "x1": 0.49375,
    "y1": 0.48653846153846153,
    "x2": 0.9825,
    "y2": 0.9653846153846154
}