{
    "class": "pistol",
    "x1": 0.5878378378378378,
    "y1": 0.4771689497716895,
    "x2": 0.2588357588357588,
    "y2": 0.1263318112633181
}