{
    "class": "pistol",
    "x1": 0.3489736070381232,
    "y1": 0.862371888726208,
    "x2": 0.06451612903225806,
    "y2": 0.21376281112737922
}