{
    "class": "pistol",
    "x1": 0.8043333333333333,
    "y1": 0.3136120996441281,
    "x2": 0.10733333333333334,
    "y2": 0.18772241992882563
}