{
    "class": "pistol",
    "x1": 0.459375,
    "y1": 0.4739583333333333,
    "x2": 0.340625,
    "y2": 0.2520833333333333
}