{
    "class": "pistol",
    "x1": 0.6433333333333333,
    "y1": 0.48598130841121495,
    "x2": 0.6777777777777778,
    "y2": 0.6853582554517134
}