{
    "class": "pistol",
    "x1": 0.5091145833333334,
    "y1": 0.5327868852459017,
    "x2": 0.1609375,
    "y2": 0.3739266198282592
}