{
    "class": "pistol",
    "x1": 0.553,
    "y1": 0.5436746987951807,
    "x2": 0.854,
    "y2": 0.8463855421686747
}