{
    "class": "pistol",
    "x1": 0.5067901234567901,
    "y1": 0.5138888888888888,
    "x2": 0.09506172839506173,
    "y2": 0.12222222222222222
}