{
    "class": "pistol",
    "x1": 0.44656488549618323,
    "y1": 0.4114583333333333,
    "x2": 0.5190839694656488,
    "y2": 0.6041666666666666
}