{
    "class": "pistol",
    "x1": 0.684,
    "y1": 0.35435435435435436,
    "x2": 0.54,
    "y2": 0.6366366366366366
}