{
    "class": "pistol",
    "x1": 0.25180722891566265,
    "y1": 0.463,
    "x2": 0.4891566265060241,
    "y2": 0.698
}