{
    "class": "pistol",
    "x1": 0.45153846153846156,
    "y1": 0.5051724137931034,
    "x2": 0.25384615384615383,
    "y2": 0.3160919540229885
}