{
    "class": "pistol",
    "x1": 0.34453125,
    "y1": 0.53125,
    "x2": 0.3421875,
    "y2": 0.725
}