{
    "class": "pistol",
    "x1": 0.528,
    "y1": 0.5653333333333334,
    "x2": 0.684,
    "y2": 0.6453333333333333
}