{
    "class": "pistol",
    "x1": 0.6278772378516624,
    "y1": 0.7223382045929019,
    "x2": 0.38107416879795397,
    "y2": 0.20041753653444677
}