{
    "class": "pistol",
    "x1": 0.498,
    "y1": 0.46441281138790036,
    "x2": 0.896,
    "y2": 0.8149466192170819
}