{
    "class": "pistol",
    "x1": 0.5418181818181819,
    "y1": 0.27049180327868855,
    "x2": 0.5890909090909091,
    "y2": 0.4426229508196721
}