{
    "class": "pistol",
    "x1": 0.781,
    "y1": 0.36428571428571427,
    "x2": 0.262,
    "y2": 0.44857142857142857
}