{
    "class": "pistol",
    "x1": 0.2579166666666667,
    "y1": 0.1321808510638298,
    "x2": 0.46416666666666667,
    "y2": 0.24308510638297873
}