{
    "class": "pistol",
    "x1": 0.5125,
    "y1": 0.5381944444444444,
    "x2": 0.8484375,
    "y2": 0.5902777777777778
}