{
    "class": "pistol",
    "x1": 0.6214511041009464,
    "y1": 0.7609375,
    "x2": 0.5678233438485805,
    "y2": 0.290625
}