{
    "class": "pistol",
    "x1": 0.49083333333333334,
    "y1": 0.744807121661721,
    "x2": 0.465,
    "y2": 0.456973293768546
}