{
    "class": "pistol",
    "x1": 0.7917525773195876,
    "y1": 0.5073529411764706,
    "x2": 0.4,
    "y2": 0.5323529411764706
}