{
    "class": "pistol",
    "x1": 0.45234375,
    "y1": 0.36435185185185187,
    "x2": 0.21510416666666668,
    "y2": 0.3101851851851852
}