{
    "class": "pistol",
    "x1": 0.425,
    "y1": 0.4133489461358314,
    "x2": 0.165625,
    "y2": 0.18501170960187355
}