{
    "class": "pistol",
    "x1": 0.7875,
    "y1": 0.29296875,
    "x2": 0.2867647058823529,
    "y2": 0.255859375
}