{
    "class": "pistol",
    "x1": 0.4964788732394366,
    "y1": 0.2753623188405797,
    "x2": 0.34507042253521125,
    "y2": 0.4985507246376812
}