{
    "class": "pistol",
    "x1": 0.54765625,
    "y1": 0.565183450429352,
    "x2": 0.20364583333333333,
    "y2": 0.2388758782201405
}