{
    "class": "pistol",
    "x1": 0.49907407407407406,
    "y1": 0.4532407407407407,
    "x2": 0.12654320987654322,
    "y2": 0.13240740740740742
}