{
    "class": "pistol",
    "x1": 0.4401515151515151,
    "y1": 0.573394495412844,
    "x2": 0.6409090909090909,
    "y2": 0.8348623853211009
}