{
    "class": "pistol",
    "x1": 0.3701095461658842,
    "y1": 0.6594533029612756,
    "x2": 0.3458528951486698,
    "y2": 0.5353075170842825
}