{
    "class": "pistol",
    "x1": 0.7691666666666667,
    "y1": 0.33375,
    "x2": 0.28833333333333333,
    "y2": 0.2825
}