{
    "class": "pistol",
    "x1": 0.4843028624192059,
    "y1": 0.49158653846153844,
    "x2": 0.9113573407202216,
    "y2": 0.9615384615384616
}