{
    "class": "pistol",
    "x1": 0.54,
    "y1": 0.512012012012012,
    "x2": 0.848,
    "y2": 0.9159159159159159
}