{
    "class": "pistol",
    "x1": 0.5075520833333333,
    "y1": 0.4925130208333333,
    "x2": 0.9411458333333333,
    "y2": 0.681640625
}