{
    "class": "pistol",
    "x1": 0.6256666666666667,
    "y1": 0.4533678756476684,
    "x2": 0.37666666666666665,
    "y2": 0.43419689119170984
}