{
    "class": "pistol",
    "x1": 0.4937655860349127,
    "y1": 0.5883280757097792,
    "x2": 0.7331670822942643,
    "y2": 0.722397476340694
}