{
    "class": "pistol",
    "x1": 0.4288389513108614,
    "y1": 0.5,
    "x2": 0.6928838951310862,
    "y2": 0.7354497354497355
}