{
    "class": "pistol",
    "x1": 0.4600456621004566,
    "y1": 0.45334685598377283,
    "x2": 0.5753424657534246,
    "y2": 0.8945233265720081
}