{
    "class": "pistol",
    "x1": 0.344,
    "y1": 0.6087786259541985,
    "x2": 0.572,
    "y2": 0.7824427480916031
}