{
    "class": "pistol",
    "x1": 0.458641975308642,
    "y1": 0.4638888888888889,
    "x2": 0.09259259259259259,
    "y2": 0.1537037037037037
}