{
    "class": "pistol",
    "x1": 0.5385416666666667,
    "y1": 0.475390625,
    "x2": 0.728125,
    "y2": 0.77421875
}