{
    "class": "pistol",
    "x1": 0.5369791666666667,
    "y1": 0.5206869633099142,
    "x2": 0.24166666666666667,
    "y2": 0.23575331772053085
}