{
    "class": "pistol",
    "x1": 0.6021276595744681,
    "y1": 0.5191387559808612,
    "x2": 0.7553191489361702,
    "y2": 0.8883572567783095
}