{
    "class": "pistol",
    "x1": 0.6220703125,
    "y1": 0.4596354166666667,
    "x2": 0.58984375,
    "y2": 0.9140625
}