{
    "class": "pistol",
    "x1": 0.5253731343283582,
    "y1": 0.554,
    "x2": 0.9492537313432836,
    "y2": 0.664
}