{
    "class": "pistol",
    "x1": 0.5016666666666667,
    "y1": 0.42326732673267325,
    "x2": 0.9033333333333333,
    "y2": 0.6089108910891089
}