{
    "class": "pistol",
    "x1": 0.48333333333333334,
    "y1": 0.5051851851851852,
    "x2": 0.7555555555555555,
    "y2": 0.8948148148148148
}