{
    "class": "pistol",
    "x1": 0.4845833333333333,
    "y1": 0.4907502569373073,
    "x2": 0.9675,
    "y2": 0.9506680369989723
}