{
    "class": "pistol",
    "x1": 0.2817901234567901,
    "y1": 0.5398148148148149,
    "x2": 0.09444444444444444,
    "y2": 0.20555555555555555
}