{
    "class": "pistol",
    "x1": 0.503125,
    "y1": 0.5083333333333333,
    "x2": 0.94375,
    "y2": 0.9666666666666667
}