{
    "class": "pistol",
    "x1": 0.24067796610169492,
    "y1": 0.5619047619047619,
    "x2": 0.4271186440677966,
    "y2": 0.35714285714285715
}