{
    "class": "pistol",
    "x1": 0.2624740124740125,
    "y1": 0.5688575899843505,
    "x2": 0.17151767151767153,
    "y2": 0.15492957746478872
}