{
    "class": "pistol",
    "x1": 0.4828125,
    "y1": 0.516597510373444,
    "x2": 0.934375,
    "y2": 0.9004149377593361
}