{
    "class": "pistol",
    "x1": 0.59875,
    "y1": 0.31086142322097376,
    "x2": 0.4475,
    "y2": 0.30711610486891383
}