{
    "class": "pistol",
    "x1": 0.48261758691206547,
    "y1": 0.4575289575289575,
    "x2": 0.4294478527607362,
    "y2": 0.806949806949807
}