{
    "class": "pistol",
    "x1": 0.4445454545454545,
    "y1": 0.49386084583901774,
    "x2": 0.8781818181818182,
    "y2": 0.6193724420190996
}