{
    "class": "pistol",
    "x1": 0.495,
    "y1": 0.4910979228486647,
    "x2": 0.834,
    "y2": 0.6973293768545994
}