{
    "class": "pistol",
    "x1": 0.5285714285714286,
    "y1": 0.5379008746355685,
    "x2": 0.9085714285714286,
    "y2": 0.7959183673469388
}