{
    "class": "pistol",
    "x1": 0.21555555555555556,
    "y1": 0.294811320754717,
    "x2": 0.26222222222222225,
    "y2": 0.5424528301886793
}