{
    "class": "pistol",
    "x1": 0.7205542725173211,
    "y1": 0.6442446043165467,
    "x2": 0.3856812933025404,
    "y2": 0.47553956834532374
}