{
    "class": "pistol",
    "x1": 0.5088888888888888,
    "y1": 0.5015337423312883,
    "x2": 0.9777777777777777,
    "y2": 0.99079754601227
}