{
    "class": "pistol",
    "x1": 0.47552083333333334,
    "y1": 0.44730679156908665,
    "x2": 0.17395833333333333,
    "y2": 0.4059328649492584
}