{
    "class": "pistol",
    "x1": 0.44055555555555553,
    "y1": 0.42962962962962964,
    "x2": 0.8166666666666667,
    "y2": 0.48
}