{
    "class": "pistol",
    "x1": 0.502803738317757,
    "y1": 0.5036496350364964,
    "x2": 0.9271028037383178,
    "y2": 0.9099756690997567
}