{
    "class": "pistol",
    "x1": 0.5377604166666666,
    "y1": 0.41712962962962963,
    "x2": 0.22239583333333332,
    "y2": 0.2953703703703704
}