{
    "class": "pistol",
    "x1": 0.5833333333333334,
    "y1": 0.45625,
    "x2": 0.65,
    "y2": 0.6875
}