{
    "class": "pistol",
    "x1": 0.5045833333333334,
    "y1": 0.435,
    "x2": 0.2991666666666667,
    "y2": 0.78
}