{
    "class": "pistol",
    "x1": 0.496875,
    "y1": 0.5041666666666667,
    "x2": 0.98125,
    "y2": 0.9916666666666667
}