{
    "class": "pistol",
    "x1": 0.3856812933025404,
    "y1": 0.4123076923076923,
    "x2": 0.19168591224018475,
    "y2": 0.18769230769230769
}