{
    "class": "pistol",
    "x1": 0.31777777777777777,
    "y1": 0.6083333333333333,
    "x2": 0.16,
    "y2": 0.61
}