{
    "class": "pistol",
    "x1": 0.6730083234244947,
    "y1": 0.5276978417266187,
    "x2": 0.5564803804994055,
    "y2": 0.17913669064748203
}