{
    "class": "pistol",
    "x1": 0.20545829042224512,
    "y1": 0.59,
    "x2": 0.37590113285272914,
    "y2": 0.40307692307692305
}