{
    "class": "pistol",
    "x1": 0.5066666666666667,
    "y1": 0.46757679180887374,
    "x2": 0.9866666666666667,
    "y2": 0.7372013651877133
}