{
    "class": "pistol",
    "x1": 0.49,
    "y1": 0.5413333333333333,
    "x2": 0.564,
    "y2": 0.5546666666666666
}