{
    "class": "pistol",
    "x1": 0.42275574112734865,
    "y1": 0.5186335403726708,
    "x2": 0.5762004175365344,
    "y2": 0.38881987577639754
}