{
    "class": "pistol",
    "x1": 0.16862170087976538,
    "y1": 0.3418740849194729,
    "x2": 0.09481915933528837,
    "y2": 0.24158125915080528
}