{
    "class": "pistol",
    "x1": 0.5135416666666667,
    "y1": 0.48842592592592593,
    "x2": 0.19375,
    "y2": 0.45092592592592595
}