{
    "class": "pistol",
    "x1": 0.45125,
    "y1": 0.5527777777777778,
    "x2": 0.4525,
    "y2": 0.2833333333333333
}