{
    "class": "pistol",
    "x1": 0.7228739002932552,
    "y1": 0.4203323558162268,
    "x2": 0.2697947214076246,
    "y2": 0.25024437927663734
}