{
    "class": "pistol",
    "x1": 0.5224550898203593,
    "y1": 0.727,
    "x2": 0.5658682634730539,
    "y2": 0.45
}