{
    "class": "pistol",
    "x1": 0.584375,
    "y1": 0.545,
    "x2": 0.74375,
    "y2": 0.7016666666666667
}