{
    "class": "pistol",
    "x1": 0.6625,
    "y1": 0.44862155388471175,
    "x2": 0.3983333333333333,
    "y2": 0.8370927318295739
}