{
    "class": "pistol",
    "x1": 0.504,
    "y1": 0.39915966386554624,
    "x2": 0.488,
    "y2": 0.42296918767507
}