{
    "class": "pistol",
    "x1": 0.441,
    "y1": 0.6058981233243967,
    "x2": 0.79,
    "y2": 0.6112600536193029
}