{
    "class": "pistol",
    "x1": 0.5615234375,
    "y1": 0.48884514435695536,
    "x2": 0.828125,
    "y2": 0.9750656167979003
}