{
    "class": "pistol",
    "x1": 0.6056782334384858,
    "y1": 0.5959715639810427,
    "x2": 0.722397476340694,
    "y2": 0.5995260663507109
}