{
    "class": "pistol",
    "x1": 0.51,
    "y1": 0.5690690690690691,
    "x2": 0.816,
    "y2": 0.5255255255255256
}