{
    "class": "pistol",
    "x1": 0.4508670520231214,
    "y1": 0.2574074074074074,
    "x2": 0.653179190751445,
    "y2": 0.5111111111111111
}