{
    "class": "pistol",
    "x1": 0.5010416666666667,
    "y1": 0.5018248175182481,
    "x2": 0.9979166666666667,
    "y2": 0.9963503649635036
}