{
    "class": "pistol",
    "x1": 0.4773809523809524,
    "y1": 0.2800829875518672,
    "x2": 0.8166666666666667,
    "y2": 0.4854771784232365
}