{
    "class": "pistol",
    "x1": 0.498,
    "y1": 0.5990853658536586,
    "x2": 0.25333333333333335,
    "y2": 0.49085365853658536
}