{
    "class": "pistol",
    "x1": 0.21939953810623555,
    "y1": 0.4302158273381295,
    "x2": 0.26096997690531176,
    "y2": 0.23741007194244604
}