{
    "class": "pistol",
    "x1": 0.4395833333333333,
    "y1": 0.5152224824355972,
    "x2": 0.2125,
    "y2": 0.39344262295081966
}