{
    "class": "pistol",
    "x1": 0.6272401433691757,
    "y1": 0.5444444444444444,
    "x2": 0.5734767025089605,
    "y2": 0.6222222222222222
}