{
    "class": "pistol",
    "x1": 0.42592592592592593,
    "y1": 0.422680412371134,
    "x2": 0.4962962962962963,
    "y2": 0.29896907216494845
}