{
    "class": "pistol",
    "x1": 0.492,
    "y1": 0.5079575596816976,
    "x2": 0.952,
    "y2": 0.7082228116710876
}