{
    "class": "pistol",
    "x1": 0.16555555555555557,
    "y1": 0.3737458193979933,
    "x2": 0.14888888888888888,
    "y2": 0.17558528428093645
}