{
    "class": "pistol",
    "x1": 0.5083333333333333,
    "y1": 0.5050251256281407,
    "x2": 0.69,
    "y2": 0.8793969849246231
}