{
    "class": "pistol",
    "x1": 0.6441666666666667,
    "y1": 0.5813333333333334,
    "x2": 0.465,
    "y2": 0.6186666666666667
}