{
    "class": "pistol",
    "x1": 0.5135135135135135,
    "y1": 0.445,
    "x2": 0.8948948948948949,
    "y2": 0.846
}