{
    "class": "pistol",
    "x1": 0.57734375,
    "y1": 0.47970335675253706,
    "x2": 0.15260416666666668,
    "y2": 0.37861046057767367
}