{
    "class": "pistol",
    "x1": 0.6759530791788856,
    "y1": 0.41935483870967744,
    "x2": 0.21407624633431085,
    "y2": 0.3088954056695992
}