{
    "class": "pistol",
    "x1": 0.475,
    "y1": 0.2603305785123967,
    "x2": 0.9433333333333334,
    "y2": 0.512396694214876
}