{
    "class": "pistol",
    "x1": 0.5411458333333333,
    "y1": 0.49765625,
    "x2": 0.46979166666666666,
    "y2": 0.4640625
}