{
    "class": "pistol",
    "x1": 0.271,
    "y1": 0.5474358974358975,
    "x2": 0.478,
    "y2": 0.7564102564102564
}