{
    "class": "pistol",
    "x1": 0.39225352112676054,
    "y1": 0.5075187969924813,
    "x2": 0.547887323943662,
    "y2": 0.518796992481203
}