{
    "class": "pistol",
    "x1": 0.5181818181818182,
    "y1": 0.6910755148741419,
    "x2": 0.6090909090909091,
    "y2": 0.41189931350114417
}