{
    "class": "pistol",
    "x1": 0.5041666666666667,
    "y1": 0.453125,
    "x2": 0.85,
    "y2": 0.34375
}