{
    "class": "pistol",
    "x1": 0.49375,
    "y1": 0.4927536231884058,
    "x2": 0.953125,
    "y2": 0.9043478260869565
}