{
    "class": "pistol",
    "x1": 0.8607692307692307,
    "y1": 0.34875,
    "x2": 0.2753846153846154,
    "y2": 0.2375
}