{
    "class": "pistol",
    "x1": 0.165,
    "y1": 0.3534370946822309,
    "x2": 0.188,
    "y2": 0.17250324254215305
}