{
    "class": "pistol",
    "x1": 0.5,
    "y1": 0.4972677595628415,
    "x2": 0.228125,
    "y2": 0.3200624512099922
}