{
    "class": "pistol",
    "x1": 0.4161096256684492,
    "y1": 0.35216049382716047,
    "x2": 0.5581550802139037,
    "y2": 0.3574074074074074
}