{
    "class": "pistol",
    "x1": 0.75830078125,
    "y1": 0.5388563049853372,
    "x2": 0.2861328125,
    "y2": 0.4032258064516129
}