{
    "class": "pistol",
    "x1": 0.2724358974358974,
    "y1": 0.5893617021276596,
    "x2": 0.532051282051282,
    "y2": 0.6680851063829787
}