{
    "class": "pistol",
    "x1": 0.668,
    "y1": 0.5561959654178674,
    "x2": 0.572,
    "y2": 0.6397694524495677
}