{
    "class": "pistol",
    "x1": 0.495,
    "y1": 0.49722222222222223,
    "x2": 0.9833333333333333,
    "y2": 0.9611111111111111
}