{
    "class": "pistol",
    "x1": 0.4977124183006536,
    "y1": 0.49947807933194155,
    "x2": 0.961437908496732,
    "y2": 0.975991649269311
}