{
    "class": "pistol",
    "x1": 0.509375,
    "y1": 0.475,
    "x2": 0.95625,
    "y2": 0.9166666666666666
}