{
    "class": "pistol",
    "x1": 0.2265625,
    "y1": 0.8152777777777778,
    "x2": 0.0765625,
    "y2": 0.2638888888888889
}