{
    "class": "pistol",
    "x1": 0.5026666666666667,
    "y1": 0.4930191972076789,
    "x2": 0.9653333333333334,
    "y2": 0.9755671902268761
}