{
    "class": "pistol",
    "x1": 0.6916666666666667,
    "y1": 0.4252577319587629,
    "x2": 0.6033333333333334,
    "y2": 0.7474226804123711
}