{
    "class": "pistol",
    "x1": 0.4166666666666667,
    "y1": 0.62890625,
    "x2": 0.6075268817204301,
    "y2": 0.640625
}