{
    "class": "pistol",
    "x1": 0.4870410367170626,
    "y1": 0.47678018575851394,
    "x2": 0.896328293736501,
    "y2": 0.848297213622291
}