{
    "class": "pistol",
    "x1": 0.5061728395061729,
    "y1": 0.524074074074074,
    "x2": 0.10493827160493827,
    "y2": 0.11296296296296296
}