{
    "class": "pistol",
    "x1": 0.362109375,
    "y1": 0.48194444444444445,
    "x2": 0.05390625,
    "y2": 0.12777777777777777
}