{
    "class": "pistol",
    "x1": 0.53515625,
    "y1": 0.43871975019516,
    "x2": 0.11614583333333334,
    "y2": 0.2966432474629196
}