{
    "class": "pistol",
    "x1": 0.47463284379172227,
    "y1": 0.46875,
    "x2": 0.8931909212283045,
    "y2": 0.60546875
}