{
    "class": "pistol",
    "x1": 0.688076923076923,
    "y1": 0.19264278799612777,
    "x2": 0.1346153846153846,
    "y2": 0.271055179090029
}