{
    "class": "pistol",
    "x1": 0.1688888888888889,
    "y1": 0.41901408450704225,
    "x2": 0.3333333333333333,
    "y2": 0.33098591549295775
}