{
    "class": "pistol",
    "x1": 0.52,
    "y1": 0.49311926605504586,
    "x2": 0.85,
    "y2": 0.9036697247706422
}