{
    "class": "pistol",
    "x1": 0.42833333333333334,
    "y1": 0.22702702702702704,
    "x2": 0.44333333333333336,
    "y2": 0.1891891891891892
}