{
    "class": "pistol",
    "x1": 0.511328125,
    "y1": 0.2611111111111111,
    "x2": 0.08515625,
    "y2": 0.08888888888888889
}