{
    "class": "pistol",
    "x1": 0.7509213759213759,
    "y1": 0.48865910607071383,
    "x2": 0.27211302211302213,
    "y2": 0.28885923949299536
}