{
    "class": "pistol",
    "x1": 0.54833984375,
    "y1": 0.4372146118721461,
    "x2": 0.2509765625,
    "y2": 0.3949771689497717
}