{
    "class": "pistol",
    "x1": 0.665,
    "y1": 0.4787234042553192,
    "x2": 0.5233333333333333,
    "y2": 0.5617021276595745
}