{
    "class": "pistol",
    "x1": 0.5869791666666667,
    "y1": 0.5140625,
    "x2": 0.8229166666666666,
    "y2": 0.940625
}