{
    "class": "pistol",
    "x1": 0.325,
    "y1": 0.4297820823244552,
    "x2": 0.4338709677419355,
    "y2": 0.6900726392251816
}