{
    "class": "pistol",
    "x1": 0.32135416666666666,
    "y1": 0.5597222222222222,
    "x2": 0.328125,
    "y2": 0.3287037037037037
}