{
    "class": "pistol",
    "x1": 0.43381535038932145,
    "y1": 0.37101910828025475,
    "x2": 0.731924360400445,
    "y2": 0.6114649681528662
}