{
    "class": "pistol",
    "x1": 0.50625,
    "y1": 0.48333333333333334,
    "x2": 0.9125,
    "y2": 0.95
}