{
    "class": "pistol",
    "x1": 0.506875,
    "y1": 0.49883720930232556,
    "x2": 0.52875,
    "y2": 0.7232558139534884
}