{
    "class": "pistol",
    "x1": 0.502,
    "y1": 0.5180180180180181,
    "x2": 0.816,
    "y2": 0.8078078078078078
}