{
    "class": "pistol",
    "x1": 0.487,
    "y1": 0.5415335463258786,
    "x2": 0.89,
    "y2": 0.8594249201277955
}