{
    "class": "pistol",
    "x1": 0.49,
    "y1": 0.49333333333333335,
    "x2": 0.916,
    "y2": 0.8426666666666667
}