{
    "class": "pistol",
    "x1": 0.5018518518518519,
    "y1": 0.6069444444444444,
    "x2": 0.4728395061728395,
    "y2": 0.4842592592592593
}