{
    "class": "pistol",
    "x1": 0.6566037735849056,
    "y1": 0.4868421052631579,
    "x2": 0.4981132075471698,
    "y2": 0.4368421052631579
}