{
    "class": "pistol",
    "x1": 0.630859375,
    "y1": 0.502542372881356,
    "x2": 0.40234375,
    "y2": 0.5203389830508475
}