{
    "class": "pistol",
    "x1": 0.5385416666666667,
    "y1": 0.545,
    "x2": 0.8916666666666667,
    "y2": 0.7816666666666666
}