{
    "class": "pistol",
    "x1": 0.4981751824817518,
    "y1": 0.5154320987654321,
    "x2": 0.8868613138686131,
    "y2": 0.845679012345679
}