{
    "class": "pistol",
    "x1": 0.5333333333333333,
    "y1": 0.391812865497076,
    "x2": 0.7866666666666666,
    "y2": 0.6900584795321637
}