{
    "class": "pistol",
    "x1": 0.4861979166666667,
    "y1": 0.7916666666666666,
    "x2": 0.21197916666666666,
    "y2": 0.26296296296296295
}