{
    "class": "pistol",
    "x1": 0.8348729792147807,
    "y1": 0.3507692307692308,
    "x2": 0.3163972286374134,
    "y2": 0.14923076923076922
}