{
    "class": "pistol",
    "x1": 0.475,
    "y1": 0.44351851851851853,
    "x2": 0.1845679012345679,
    "y2": 0.11666666666666667
}