{
    "class": "pistol",
    "x1": 0.4104938271604938,
    "y1": 0.5763888888888888,
    "x2": 0.0962962962962963,
    "y2": 0.1675925925925926
}