{
    "class": "pistol",
    "x1": 0.4997390396659708,
    "y1": 0.3925925925925926,
    "x2": 0.05688935281837161,
    "y2": 0.1537037037037037
}