{
    "class": "pistol",
    "x1": 0.825,
    "y1": 0.4605110336817654,
    "x2": 0.15923076923076923,
    "y2": 0.2497096399535424
}