{
    "class": "pistol",
    "x1": 0.5290123456790123,
    "y1": 0.36712962962962964,
    "x2": 0.0728395061728395,
    "y2": 0.16018518518518518
}