{
    "class": "pistol",
    "x1": 0.509765625,
    "y1": 0.5345838218053928,
    "x2": 0.84765625,
    "y2": 0.9284876905041032
}