{
    "class": "pistol",
    "x1": 0.7626923076923077,
    "y1": 0.5695402298850575,
    "x2": 0.2053846153846154,
    "y2": 0.32068965517241377
}