{
    "class": "pistol",
    "x1": 0.5,
    "y1": 0.5058651026392962,
    "x2": 0.981941309255079,
    "y2": 0.9472140762463344
}