{
    "class": "pistol",
    "x1": 0.765,
    "y1": 0.14905857740585773,
    "x2": 0.3346153846153846,
    "y2": 0.28765690376569036
}