{
    "class": "pistol",
    "x1": 0.47098765432098766,
    "y1": 0.5180555555555556,
    "x2": 0.18765432098765433,
    "y2": 0.18611111111111112
}