{
    "class": "pistol",
    "x1": 0.49691358024691357,
    "y1": 0.4699074074074074,
    "x2": 0.10617283950617284,
    "y2": 0.11944444444444445
}