{
    "class": "pistol",
    "x1": 0.37083333333333335,
    "y1": 0.5074074074074074,
    "x2": 0.240625,
    "y2": 0.37962962962962965
}