{
    "class": "pistol",
    "x1": 0.5891666666666666,
    "y1": 0.33875,
    "x2": 0.5083333333333333,
    "y2": 0.5625
}