{
    "class": "pistol",
    "x1": 0.49140625,
    "y1": 0.4348165495706479,
    "x2": 0.09947916666666666,
    "y2": 0.2576112412177986
}