{
    "class": "pistol",
    "x1": 0.408984375,
    "y1": 0.27708333333333335,
    "x2": 0.08828125,
    "y2": 0.11527777777777778
}