{
    "class": "pistol",
    "x1": 0.6378676470588235,
    "y1": 0.4837837837837838,
    "x2": 0.5551470588235294,
    "y2": 0.5567567567567567
}