{
    "class": "pistol",
    "x1": 0.443,
    "y1": 0.36077844311377244,
    "x2": 0.794,
    "y2": 0.5359281437125748
}