{
    "class": "pistol",
    "x1": 0.5069637883008357,
    "y1": 0.5737051792828686,
    "x2": 0.8579387186629527,
    "y2": 0.796812749003984
}