{
    "class": "pistol",
    "x1": 0.590625,
    "y1": 0.29791666666666666,
    "x2": 0.69375,
    "y2": 0.5208333333333334
}