{
    "class": "pistol",
    "x1": 0.4635416666666667,
    "y1": 0.4732824427480916,
    "x2": 0.90625,
    "y2": 0.5801526717557252
}