{
    "class": "pistol",
    "x1": 0.5096666666666667,
    "y1": 0.5288888888888889,
    "x2": 0.682,
    "y2": 0.5955555555555555
}