{
    "class": "pistol",
    "x1": 0.7392307692307692,
    "y1": 0.4982678983833718,
    "x2": 0.3123076923076923,
    "y2": 0.4122401847575058
}