{
    "class": "pistol",
    "x1": 0.50625,
    "y1": 0.49583333333333335,
    "x2": 0.9625,
    "y2": 0.925
}