{
    "class": "pistol",
    "x1": 0.165,
    "y1": 0.4630952380952381,
    "x2": 0.13333333333333333,
    "y2": 0.2785714285714286
}