{
    "class": "pistol",
    "x1": 0.5019305019305019,
    "y1": 0.35051546391752575,
    "x2": 0.7567567567567568,
    "y2": 0.4639175257731959
}