{
    "class": "pistol",
    "x1": 0.496,
    "y1": 0.49356913183279744,
    "x2": 0.988,
    "y2": 0.9678456591639871
}