{
    "class": "pistol",
    "x1": 0.5575,
    "y1": 0.5354166666666667,
    "x2": 0.76,
    "y2": 0.8666666666666667
}