{
    "class": "pistol",
    "x1": 0.5231770833333333,
    "y1": 0.4843871975019516,
    "x2": 0.13802083333333334,
    "y2": 0.36455893832943015
}