{
    "class": "pistol",
    "x1": 0.44333333333333336,
    "y1": 0.345,
    "x2": 0.5222222222222223,
    "y2": 0.5766666666666667
}