{
    "class": "pistol",
    "x1": 0.17222222222222222,
    "y1": 0.44329896907216493,
    "x2": 0.3296296296296296,
    "y2": 0.7216494845360825
}