{
    "class": "pistol",
    "x1": 0.496875,
    "y1": 0.5333333333333333,
    "x2": 0.85625,
    "y2": 0.8833333333333333
}