{
    "class": "pistol",
    "x1": 0.6583333333333333,
    "y1": 0.4666666666666667,
    "x2": 0.3393333333333333,
    "y2": 0.4
}