{
    "class": "pistol",
    "x1": 0.5077777777777778,
    "y1": 0.43666666666666665,
    "x2": 0.9666666666666667,
    "y2": 0.86
}