{
    "class": "pistol",
    "x1": 0.4723076923076923,
    "y1": 0.47664543524416136,
    "x2": 0.66,
    "y2": 0.6242038216560509
}