{
    "class": "pistol",
    "x1": 0.25115473441108543,
    "y1": 0.40179856115107915,
    "x2": 0.25057736720554274,
    "y2": 0.09136690647482014
}