{
    "class": "pistol",
    "x1": 0.5583333333333333,
    "y1": 0.5821256038647343,
    "x2": 0.7633333333333333,
    "y2": 0.7198067632850241
}