{
    "class": "pistol",
    "x1": 0.546484375,
    "y1": 0.44027777777777777,
    "x2": 0.17578125,
    "y2": 0.13055555555555556
}