{
    "class": "pistol",
    "x1": 0.8192307692307692,
    "y1": 0.4874476987447699,
    "x2": 0.28307692307692306,
    "y2": 0.41841004184100417
}