{
    "class": "pistol",
    "x1": 0.5133333333333333,
    "y1": 0.5016666666666667,
    "x2": 0.9022222222222223,
    "y2": 0.7166666666666667
}