{
    "class": "pistol",
    "x1": 0.60234375,
    "y1": 0.5904017857142857,
    "x2": 0.3953125,
    "y2": 0.39955357142857145
}