{
    "class": "pistol",
    "x1": 0.221,
    "y1": 0.21733333333333332,
    "x2": 0.434,
    "y2": 0.42933333333333334
}