{
    "class": "pistol",
    "x1": 0.503125,
    "y1": 0.4875,
    "x2": 0.95625,
    "y2": 0.925
}