{
    "class": "pistol",
    "x1": 0.43701171875,
    "y1": 0.57958984375,
    "x2": 0.8720703125,
    "y2": 0.7314453125
}