{
    "class": "pistol",
    "x1": 0.491,
    "y1": 0.4829787234042553,
    "x2": 0.926,
    "y2": 0.8382978723404255
}