{
    "class": "pistol",
    "x1": 0.4513020833333333,
    "y1": 0.5926070038910506,
    "x2": 0.6682291666666667,
    "y2": 0.6140077821011674
}