{
    "class": "pistol",
    "x1": 0.487,
    "y1": 0.5024630541871922,
    "x2": 0.75,
    "y2": 0.7586206896551724
}