{
    "class": "pistol",
    "x1": 0.5,
    "y1": 0.5083333333333333,
    "x2": 0.975,
    "y2": 0.9666666666666667
}