{
    "class": "pistol",
    "x1": 0.5003086419753087,
    "y1": 0.4925925925925926,
    "x2": 0.059876543209876544,
    "y2": 0.053703703703703705
}