{
    "class": "pistol",
    "x1": 0.6257692307692307,
    "y1": 0.4895833333333333,
    "x2": 0.5207692307692308,
    "y2": 0.8382936507936508
}