{
    "class": "knife",
    "x1": 0.452734375,
    "y1": 0.48333333333333334,
    "x2": 0.03203125,
    "y2": 0.13055555555555556
}