{
    "class": "knife",
    "x1": 0.441796875,
    "y1": 0.475,
    "x2": 0.02734375,
    "y2": 0.125
}