{
    "class": "knife",
    "x1": 0.437890625,
    "y1": 0.6284722222222222,
    "x2": 0.05859375,
    "y2": 0.10138888888888889
}