{
    "class": "knife",
    "x1": 0.428125,
    "y1": 0.5666666666666667,
    "x2": 0.078125,
    "y2": 0.05555555555555555
}