{
    "class": "knife",
    "x1": 0.40390625,
    "y1": 0.55625,
    "x2": 0.0734375,
    "y2": 0.0625
}