{
    "class": "knife",
    "x1": 0.480078125,
    "y1": 0.54375,
    "x2": 0.06953125,
    "y2": 0.0763888888888889
}