{
    "class": "knife",
    "x1": 0.7625,
    "y1": 0.5819444444444445,
    "x2": 0.125,
    "y2": 0.1111111111111111
}