{
    "class": "knife",
    "x1": 0.79921875,
    "y1": 0.5701388888888889,
    "x2": 0.14375,
    "y2": 0.11527777777777778
}