{
    "class": "knife",
    "x1": 0.449609375,
    "y1": 0.5041666666666667,
    "x2": 0.10078125,
    "y2": 0.16944444444444445
}