{
    "class": "knife",
    "x1": 0.383984375,
    "y1": 0.6652777777777777,
    "x2": 0.08359375,
    "y2": 0.2
}