{
    "class": "knife",
    "x1": 0.60234375,
    "y1": 0.7340277777777777,
    "x2": 0.1796875,
    "y2": 0.12083333333333333
}