{
    "class": "knife",
    "x1": 0.5609375,
    "y1": 0.76875,
    "x2": 0.0484375,
    "y2": 0.20416666666666666
}