{
    "class": "knife",
    "x1": 0.46640625,
    "y1": 0.6965277777777777,
    "x2": 0.11875,
    "y2": 0.07361111111111111
}