{
    "class": "knife",
    "x1": 0.77265625,
    "y1": 0.55,
    "x2": 0.1421875,
    "y2": 0.125
}