{
    "class": "knife",
    "x1": 0.4125,
    "y1": 0.6347222222222222,
    "x2": 0.115625,
    "y2": 0.08888888888888889
}