{
    "class": "knife",
    "x1": 0.442578125,
    "y1": 0.5013888888888889,
    "x2": 0.10390625,
    "y2": 0.1638888888888889
}