{
    "class": "knife",
    "x1": 0.680859375,
    "y1": 0.8583333333333333,
    "x2": 0.27734375,
    "y2": 0.14722222222222223
}