{
    "class": "knife",
    "x1": 0.53828125,
    "y1": 0.5951388888888889,
    "x2": 0.771875,
    "y2": 0.2569444444444444
}