{
    "class": "knife",
    "x1": 0.54140625,
    "y1": 0.4861111111111111,
    "x2": 0.65,
    "y2": 0.5027777777777778
}