{
    "class": "knife",
    "x1": 0.480078125,
    "y1": 0.7958333333333333,
    "x2": 0.23515625,
    "y2": 0.13333333333333333
}