{
    "class": "knife",
    "x1": 0.164453125,
    "y1": 0.3597222222222222,
    "x2": 0.20859375,
    "y2": 0.4527777777777778
}