{
    "class": "knife",
    "x1": 0.200390625,
    "y1": 0.3423611111111111,
    "x2": 0.16796875,
    "y2": 0.39861111111111114
}