{
    "class": "knife",
    "x1": 0.610546875,
    "y1": 0.6833333333333333,
    "x2": 0.20703125,
    "y2": 0.12777777777777777
}