{
    "class": "knife",
    "x1": 0.615625,
    "y1": 0.6986111111111111,
    "x2": 0.2265625,
    "y2": 0.10555555555555556
}