{
    "class": "knife",
    "x1": 0.712109375,
    "y1": 0.7895833333333333,
    "x2": 0.27265625,
    "y2": 0.13472222222222222
}