{
    "class": "knife",
    "x1": 0.56328125,
    "y1": 0.675,
    "x2": 0.1703125,
    "y2": 0.14166666666666666
}