{
    "class": "knife",
    "x1": 0.58046875,
    "y1": 0.6055555555555555,
    "x2": 0.1921875,
    "y2": 0.13333333333333333
}