{
    "class": "knife",
    "x1": 0.67890625,
    "y1": 0.8652777777777778,
    "x2": 0.2703125,
    "y2": 0.13333333333333333
}