{
    "class": "knife",
    "x1": 0.76171875,
    "y1": 0.4861111111111111,
    "x2": 0.4765625,
    "y2": 0.5111111111111111
}