{
    "class": "knife",
    "x1": 0.4625,
    "y1": 0.8256944444444444,
    "x2": 0.125,
    "y2": 0.13194444444444445
}