{
    "class": "knife",
    "x1": 0.509765625,
    "y1": 0.6423611111111112,
    "x2": 0.10703125,
    "y2": 0.10416666666666667
}