{
    "class": "knife",
    "x1": 0.68203125,
    "y1": 0.8604166666666667,
    "x2": 0.2765625,
    "y2": 0.15138888888888888
}