{
    "class": "knife",
    "x1": 0.369921875,
    "y1": 0.7548611111111111,
    "x2": 0.09296875,
    "y2": 0.10694444444444444
}