{
    "class": "knife",
    "x1": 0.666796875,
    "y1": 0.8493055555555555,
    "x2": 0.26796875,
    "y2": 0.15694444444444444
}