{
    "class": "knife",
    "x1": 0.44375,
    "y1": 0.8055555555555556,
    "x2": 0.2375,
    "y2": 0.13055555555555556
}