{
    "class": "knife",
    "x1": 0.4546875,
    "y1": 0.7361111111111112,
    "x2": 0.1125,
    "y2": 0.058333333333333334
}