{
    "class": "knife",
    "x1": 0.228515625,
    "y1": 0.32916666666666666,
    "x2": 0.15390625,
    "y2": 0.3611111111111111
}