{
    "class": "knife",
    "x1": 0.631640625,
    "y1": 0.7055555555555556,
    "x2": 0.19921875,
    "y2": 0.13333333333333333
}