{
    "class": "knife",
    "x1": 0.45703125,
    "y1": 0.8215277777777777,
    "x2": 0.2359375,
    "y2": 0.10972222222222222
}