{
    "class": "knife",
    "x1": 0.438671875,
    "y1": 0.76875,
    "x2": 0.23828125,
    "y2": 0.13194444444444445
}