{
    "class": "knife",
    "x1": 0.717578125,
    "y1": 0.49444444444444446,
    "x2": 0.56484375,
    "y2": 0.5138888888888888
}