{
    "class": "knife",
    "x1": 0.56015625,
    "y1": 0.6708333333333333,
    "x2": 0.1671875,
    "y2": 0.13055555555555556
}