{
    "class": "knife",
    "x1": 0.530078125,
    "y1": 0.5659722222222222,
    "x2": 0.76953125,
    "y2": 0.2375
}