{
    "class": "knife",
    "x1": 0.5328125,
    "y1": 0.5479166666666667,
    "x2": 0.19375,
    "y2": 0.10972222222222222
}