{
    "class": "knife",
    "x1": 0.534765625,
    "y1": 0.31527777777777777,
    "x2": 0.55859375,
    "y2": 0.29444444444444445
}