{
    "class": "knife",
    "x1": 0.61796875,
    "y1": 0.35555555555555557,
    "x2": 0.6109375,
    "y2": 0.3416666666666667
}