{
    "class": "knife",
    "x1": 0.53125,
    "y1": 0.6118055555555556,
    "x2": 0.7703125,
    "y2": 0.23194444444444445
}