{
    "class": "knife",
    "x1": 0.5203125,
    "y1": 0.34930555555555554,
    "x2": 0.2390625,
    "y2": 0.28194444444444444
}