{
    "class": "knife",
    "x1": 0.459375,
    "y1": 0.6354166666666666,
    "x2": 0.1203125,
    "y2": 0.12638888888888888
}