{
    "class": "knife",
    "x1": 0.42734375,
    "y1": 0.7229166666666667,
    "x2": 0.0828125,
    "y2": 0.10138888888888889
}