{
    "class": "knife",
    "x1": 0.509375,
    "y1": 0.65625,
    "x2": 0.1265625,
    "y2": 0.06805555555555555
}