{
    "class": "knife",
    "x1": 0.51328125,
    "y1": 0.5388888888888889,
    "x2": 0.1890625,
    "y2": 0.10277777777777777
}