{
    "class": "other",
    "x1": 0.3234375,
    "y1": 0.5248051027639972,
    "x2": 0.373125,
    "y2": 0.856839121190645
}