{
    "class": "other",
    "x1": 0.31015625,
    "y1": 0.5054704595185996,
    "x2": 0.35885416666666664,
    "y2": 0.9832239241429613
}