{
    "class": "other",
    "x1": 0.57890625,
    "y1": 0.5324074074074074,
    "x2": 0.3578125,
    "y2": 0.9351851851851852
}