{
    "class": "other",
    "x1": 0.462890625,
    "y1": 0.49633699633699635,
    "x2": 0.63671875,
    "y2": 0.5531135531135531
}