{
    "class": "other",
    "x1": 0.5040625,
    "y1": 0.43291666666666667,
    "x2": 0.275625,
    "y2": 0.7191666666666666
}