{
    "class": "other",
    "x1": 0.47552083333333334,
    "y1": 0.5115740740740741,
    "x2": 0.325,
    "y2": 0.9768518518518519
}