{
    "class": "other",
    "x1": 0.5396875,
    "y1": 0.5241666666666667,
    "x2": 0.750625,
    "y2": 0.9516666666666667
}