{
    "class": "other",
    "x1": 0.5376543209876543,
    "y1": 0.4587962962962963,
    "x2": 0.03950617283950617,
    "y2": 0.11944444444444445
}