{
    "class": "other",
    "x1": 0.5028645833333333,
    "y1": 0.509765625,
    "x2": 0.3015625,
    "y2": 0.96328125
}