{
    "class": "other",
    "x1": 0.49973958333333335,
    "y1": 0.5013020833333334,
    "x2": 0.5015625,
    "y2": 0.9963541666666667
}