{
    "class": "other",
    "x1": 0.396875,
    "y1": 0.34010416666666665,
    "x2": 0.09895833333333333,
    "y2": 0.278125
}