{
    "class": "other",
    "x1": 0.15503173164097914,
    "y1": 0.5068807339449541,
    "x2": 0.26835902085222124,
    "y2": 0.8555045871559633
}