{
    "class": "other",
    "x1": 0.5020833333333333,
    "y1": 0.5355555555555556,
    "x2": 0.7158333333333333,
    "y2": 0.8666666666666667
}