{
    "class": "other",
    "x1": 0.3372395833333333,
    "y1": 0.5243055555555556,
    "x2": 0.2828125,
    "y2": 0.9111111111111111
}