{
    "class": "other",
    "x1": 0.6328125,
    "y1": 0.29739583333333336,
    "x2": 0.27395833333333336,
    "y2": 0.4552083333333333
}