{
    "class": "other",
    "x1": 0.384325230511316,
    "y1": 0.4705,
    "x2": 0.5490360435875943,
    "y2": 0.441
}