{
    "class": "other",
    "x1": 0.525,
    "y1": 0.4951388888888889,
    "x2": 0.246875,
    "y2": 0.6791666666666667
}