{
    "class": "other",
    "x1": 0.5041666666666667,
    "y1": 0.39734582357533177,
    "x2": 0.15416666666666667,
    "y2": 0.24355971896955503
}