{
    "class": "other",
    "x1": 0.48148148148148145,
    "y1": 0.39675925925925926,
    "x2": 0.07037037037037037,
    "y2": 0.13425925925925927
}