{
    "class": "other",
    "x1": 0.434375,
    "y1": 0.575925925925926,
    "x2": 0.5114583333333333,
    "y2": 0.7814814814814814
}