{
    "class": "other",
    "x1": 0.37552083333333336,
    "y1": 0.5189814814814815,
    "x2": 0.253125,
    "y2": 0.899074074074074
}