{
    "class": "other",
    "x1": 0.7491452991452991,
    "y1": 0.3575096277278562,
    "x2": 0.18888888888888888,
    "y2": 0.39666238767650835
}