{
    "class": "other",
    "x1": 0.15017462165308498,
    "y1": 0.2507095553453169,
    "x2": 0.28055878928987193,
    "y2": 0.3954588457899716
}