{
    "class": "other",
    "x1": 0.29739583333333336,
    "y1": 0.4124331550802139,
    "x2": 0.5635416666666667,
    "y2": 0.7526737967914439
}