{
    "class": "other",
    "x1": 0.697265625,
    "y1": 0.49166666666666664,
    "x2": 0.26953125,
    "y2": 0.9222222222222223
}