{
    "class": "other",
    "x1": 0.4901785714285714,
    "y1": 0.5089655172413793,
    "x2": 0.3821428571428571,
    "y2": 0.8993103448275862
}