{
    "class": "other",
    "x1": 0.5513020833333333,
    "y1": 0.5585023400936038,
    "x2": 0.27447916666666666,
    "y2": 0.594383775351014
}