{
    "class": "other",
    "x1": 0.4225,
    "y1": 0.52,
    "x2": 0.6883333333333334,
    "y2": 0.7333333333333333
}