{
    "class": "other",
    "x1": 0.7296875,
    "y1": 0.4488007380073801,
    "x2": 0.32708333333333334,
    "y2": 0.7112546125461254
}