{
    "class": "other",
    "x1": 0.4864583333333333,
    "y1": 0.48711943793911006,
    "x2": 0.15104166666666666,
    "y2": 0.1014832162373146
}