{
    "class": "other",
    "x1": 0.4682098765432099,
    "y1": 0.42685185185185187,
    "x2": 0.11666666666666667,
    "y2": 0.21851851851851853
}