{
    "class": "other",
    "x1": 0.3392857142857143,
    "y1": 0.5066666666666667,
    "x2": 0.4642857142857143,
    "y2": 0.8826666666666667
}