{
    "class": "other",
    "x1": 0.4756172839506173,
    "y1": 0.3907407407407407,
    "x2": 0.07962962962962963,
    "y2": 0.21851851851851853
}