{
    "class": "other",
    "x1": 0.3396875,
    "y1": 0.5679166666666666,
    "x2": 0.254375,
    "y2": 0.6825
}