{
    "class": "other",
    "x1": 0.4505208333333333,
    "y1": 0.4344262295081967,
    "x2": 0.14791666666666667,
    "y2": 0.2818110850897736
}