{
    "class": "other",
    "x1": 0.4185185185185185,
    "y1": 0.35509259259259257,
    "x2": 0.11851851851851852,
    "y2": 0.16018518518518518
}