{
    "class": "other",
    "x1": 0.612776025236593,
    "y1": 0.4932228915662651,
    "x2": 0.2302839116719243,
    "y2": 0.9412650602409639
}