{
    "class": "other",
    "x1": 0.49609375,
    "y1": 0.48020833333333335,
    "x2": 0.6296875,
    "y2": 0.8916666666666667
}