{
    "class": "other",
    "x1": 0.5576666666666666,
    "y1": 0.3887375113533152,
    "x2": 0.3473333333333333,
    "y2": 0.6049046321525886
}