{
    "class": "other",
    "x1": 0.2859375,
    "y1": 0.38680555555555557,
    "x2": 0.37604166666666666,
    "y2": 0.24583333333333332
}