{
    "class": "other",
    "x1": 0.37160493827160496,
    "y1": 0.8333333333333334,
    "x2": 0.2037037037037037,
    "y2": 0.16666666666666666
}