{
    "class": "other",
    "x1": 0.4976470588235294,
    "y1": 0.4902941176470588,
    "x2": 0.3764705882352941,
    "y2": 0.7735294117647059
}