{
    "class": "other",
    "x1": 0.6114583333333333,
    "y1": 0.4597222222222222,
    "x2": 0.33541666666666664,
    "y2": 0.9120370370370371
}