{
    "class": "other",
    "x1": 0.35234375,
    "y1": 0.49278290993071594,
    "x2": 0.26510416666666664,
    "y2": 0.9312933025404158
}