{
    "class": "other",
    "x1": 0.49635416666666665,
    "y1": 0.501953125,
    "x2": 0.3333333333333333,
    "y2": 0.84453125
}