{
    "class": "other",
    "x1": 0.46708333333333335,
    "y1": 0.5016666666666667,
    "x2": 0.5491666666666667,
    "y2": 0.93
}