{
    "class": "other",
    "x1": 0.4219230769230769,
    "y1": 0.367816091954023,
    "x2": 0.2561538461538462,
    "y2": 0.587251828631139
}