{
    "class": "other",
    "x1": 0.3302083333333333,
    "y1": 0.5037071362372567,
    "x2": 0.2791666666666667,
    "y2": 0.974050046339203
}