{
    "class": "other",
    "x1": 0.5578125,
    "y1": 0.4134259259259259,
    "x2": 0.20104166666666667,
    "y2": 0.7361111111111112
}