{
    "class": "other",
    "x1": 0.42734375,
    "y1": 0.415625,
    "x2": 0.19010416666666666,
    "y2": 0.46875
}