{
    "class": "other",
    "x1": 0.33705882352941174,
    "y1": 0.4970588235294118,
    "x2": 0.32235294117647056,
    "y2": 0.8094117647058824
}