{
    "class": "other",
    "x1": 0.50078125,
    "y1": 0.4986979166666667,
    "x2": 0.4276041666666667,
    "y2": 0.9057291666666667
}