{
    "class": "other",
    "x1": 0.33827160493827163,
    "y1": 0.6263888888888889,
    "x2": 0.12098765432098765,
    "y2": 0.17314814814814813
}