{
    "class": "other",
    "x1": 0.24773022049286642,
    "y1": 0.77587890625,
    "x2": 0.1245136186770428,
    "y2": 0.2138671875
}