{
    "class": "other",
    "x1": 0.48875,
    "y1": 0.49444444444444446,
    "x2": 0.5241666666666667,
    "y2": 0.8968253968253969
}