{
    "class": "other",
    "x1": 0.5401041666666667,
    "y1": 0.537890625,
    "x2": 0.553125,
    "y2": 0.87890625
}