{
    "class": "other",
    "x1": 0.52421875,
    "y1": 0.7083333333333334,
    "x2": 0.6223958333333334,
    "y2": 0.5833333333333334
}