{
    "class": "other",
    "x1": 0.4961376404494382,
    "y1": 0.508125,
    "x2": 0.261938202247191,
    "y2": 0.79875
}