{
    "class": "other",
    "x1": 0.55546875,
    "y1": 0.5171296296296296,
    "x2": 0.3932291666666667,
    "y2": 0.8212962962962963
}