{
    "class": "other",
    "x1": 0.3293333333333333,
    "y1": 0.4776666666666667,
    "x2": 0.33866666666666667,
    "y2": 0.7953333333333333
}