{
    "class": "other",
    "x1": 0.35625,
    "y1": 0.5611111111111111,
    "x2": 0.22604166666666667,
    "y2": 0.8166666666666667
}