{
    "class": "other",
    "x1": 0.484375,
    "y1": 0.42355117139334153,
    "x2": 0.68125,
    "y2": 0.7040690505548706
}