{
    "class": "other",
    "x1": 0.4596354166666667,
    "y1": 0.3990740740740741,
    "x2": 0.0859375,
    "y2": 0.08888888888888889
}