{
    "class": "other",
    "x1": 0.25448430493273544,
    "y1": 0.4948914431673052,
    "x2": 0.41778774289985054,
    "y2": 0.7726692209450831
}