{
    "class": "other",
    "x1": 0.5008333333333334,
    "y1": 0.495,
    "x2": 0.345,
    "y2": 0.9188888888888889
}