{
    "class": "other",
    "x1": 0.3578125,
    "y1": 0.6884259259259259,
    "x2": 0.14479166666666668,
    "y2": 0.15462962962962962
}