{
    "class": "other",
    "x1": 0.4140625,
    "y1": 0.48833333333333334,
    "x2": 0.349375,
    "y2": 0.925
}