{
    "class": "other",
    "x1": 0.47890625,
    "y1": 0.42083333333333334,
    "x2": 0.3026041666666667,
    "y2": 0.2361111111111111
}