{
    "class": "other",
    "x1": 0.5481770833333334,
    "y1": 0.5449074074074074,
    "x2": 0.8932291666666666,
    "y2": 0.8453703703703703
}