{
    "class": "other",
    "x1": 0.30153846153846153,
    "y1": 0.42275574112734865,
    "x2": 0.24153846153846154,
    "y2": 0.534446764091858
}