{
    "class": "other",
    "x1": 0.5013333333333333,
    "y1": 0.49866666666666665,
    "x2": 0.46266666666666667,
    "y2": 0.9333333333333333
}