{
    "class": "other",
    "x1": 0.4921875,
    "y1": 0.558984375,
    "x2": 0.5145833333333333,
    "y2": 0.84765625
}