{
    "class": "other",
    "x1": 0.2864583333333333,
    "y1": 0.5003551136363636,
    "x2": 0.38229166666666664,
    "y2": 0.8615056818181818
}