{
    "class": "other",
    "x1": 0.5104166666666666,
    "y1": 0.5144418423106948,
    "x2": 0.15729166666666666,
    "y2": 0.17330210772833723
}