{
    "class": "other",
    "x1": 0.49753086419753084,
    "y1": 0.4888888888888889,
    "x2": 0.2234567901234568,
    "y2": 0.5351851851851852
}