{
    "class": "other",
    "x1": 0.49557291666666664,
    "y1": 0.4976851851851852,
    "x2": 0.27239583333333334,
    "y2": 0.9787037037037037
}