{
    "class": "other",
    "x1": 0.4778125,
    "y1": 0.5005555555555555,
    "x2": 0.453125,
    "y2": 0.9988888888888889
}