{
    "class": "other",
    "x1": 0.51171875,
    "y1": 0.4611470860314524,
    "x2": 0.7744791666666667,
    "y2": 0.8390379278445883
}