{
    "class": "other",
    "x1": 0.35442708333333334,
    "y1": 0.5148011100832562,
    "x2": 0.3255208333333333,
    "y2": 0.8445883441258094
}