{
    "class": "other",
    "x1": 0.3754166666666667,
    "y1": 0.5627777777777778,
    "x2": 0.47583333333333333,
    "y2": 0.7966666666666666
}