{
    "class": "other",
    "x1": 0.49322916666666666,
    "y1": 0.5180555555555556,
    "x2": 0.49375,
    "y2": 0.7861111111111111
}