{
    "class": "other",
    "x1": 0.4466145833333333,
    "y1": 0.446135831381733,
    "x2": 0.09427083333333333,
    "y2": 0.2615144418423107
}