{
    "class": "other",
    "x1": 0.42125,
    "y1": 0.491875,
    "x2": 0.8408333333333333,
    "y2": 0.86125
}