{
    "class": "other",
    "x1": 0.39814814814814814,
    "y1": 0.3638888888888889,
    "x2": 0.08271604938271605,
    "y2": 0.13518518518518519
}