{
    "class": "other",
    "x1": 0.41458333333333336,
    "y1": 0.7484375,
    "x2": 0.15833333333333333,
    "y2": 0.409375
}