{
    "class": "other",
    "x1": 0.49916666666666665,
    "y1": 0.5002777777777778,
    "x2": 0.495,
    "y2": 0.9994444444444445
}