{
    "class": "other",
    "x1": 0.5044390637610977,
    "y1": 0.575801749271137,
    "x2": 0.8619854721549637,
    "y2": 0.3556851311953353
}