{
    "class": "other",
    "x1": 0.20494791666666667,
    "y1": 0.49907407407407406,
    "x2": 0.24427083333333333,
    "y2": 0.8907407407407407
}