{
    "class": "other",
    "x1": 0.44479166666666664,
    "y1": 0.637109375,
    "x2": 0.075,
    "y2": 0.20546875
}