{
    "class": "other",
    "x1": 0.30125,
    "y1": 0.4608333333333333,
    "x2": 0.3775,
    "y2": 0.7433333333333333
}