{
    "class": "other",
    "x1": 0.46979166666666666,
    "y1": 0.500462962962963,
    "x2": 0.309375,
    "y2": 0.9990740740740741
}