{
    "class": "other",
    "x1": 0.5866666666666667,
    "y1": 0.4275956284153005,
    "x2": 0.8266666666666667,
    "y2": 0.7595628415300546
}