{
    "class": "other",
    "x1": 0.53125,
    "y1": 0.5386416861826698,
    "x2": 0.15729166666666666,
    "y2": 0.40437158469945356
}