{
    "class": "other",
    "x1": 0.49097162510748066,
    "y1": 0.5182291666666666,
    "x2": 0.765262252794497,
    "y2": 0.9239583333333333
}