{
    "class": "other",
    "x1": 0.5231770833333333,
    "y1": 0.4894613583138173,
    "x2": 0.1359375,
    "y2": 0.17330210772833723
}