{
    "class": "other",
    "x1": 0.5385416666666667,
    "y1": 0.49375487900078063,
    "x2": 0.13958333333333334,
    "y2": 0.11631537861046058
}