{
    "class": "other",
    "x1": 0.32864583333333336,
    "y1": 0.42552083333333335,
    "x2": 0.4708333333333333,
    "y2": 0.7322916666666667
}