{
    "class": "other",
    "x1": 0.49541666666666667,
    "y1": 0.511875,
    "x2": 0.29083333333333333,
    "y2": 0.85875
}