{
    "class": "other",
    "x1": 0.3490625,
    "y1": 0.5158333333333334,
    "x2": 0.296875,
    "y2": 0.7816666666666666
}