{
    "class": "other",
    "x1": 0.3525641025641026,
    "y1": 0.4782051282051282,
    "x2": 0.33247863247863246,
    "y2": 0.8717948717948718
}