{
    "class": "other",
    "x1": 0.5,
    "y1": 0.5015625,
    "x2": 0.321875,
    "y2": 0.971875
}