{
    "class": "other",
    "x1": 0.3465625,
    "y1": 0.43125,
    "x2": 0.295625,
    "y2": 0.6841666666666667
}