{
    "class": "other",
    "x1": 0.48583984375,
    "y1": 0.5190336749633968,
    "x2": 0.8349609375,
    "y2": 0.91800878477306
}