{
    "class": "other",
    "x1": 0.21552631578947368,
    "y1": 0.529296875,
    "x2": 0.29736842105263156,
    "y2": 0.83359375
}