{
    "class": "other",
    "x1": 0.56484375,
    "y1": 0.501953125,
    "x2": 0.7973958333333333,
    "y2": 0.82890625
}