{
    "class": "other",
    "x1": 0.7755208333333333,
    "y1": 0.4081313526192338,
    "x2": 0.08854166666666667,
    "y2": 0.2611415168100078
}