{
    "class": "other",
    "x1": 0.4786458333333333,
    "y1": 0.5078703703703704,
    "x2": 0.5270833333333333,
    "y2": 0.9675925925925926
}