{
    "class": "other",
    "x1": 0.48515625,
    "y1": 0.4894117647058824,
    "x2": 0.765625,
    "y2": 0.8682352941176471
}