{
    "class": "other",
    "x1": 0.36964285714285716,
    "y1": 0.6003811944091486,
    "x2": 0.33071428571428574,
    "y2": 0.7789072426937739
}