{
    "class": "other",
    "x1": 0.5083333333333333,
    "y1": 0.49236111111111114,
    "x2": 0.8510416666666667,
    "y2": 0.9305555555555556
}