{
    "class": "other",
    "x1": 0.5096875,
    "y1": 0.5004703668861712,
    "x2": 0.471875,
    "y2": 0.9990592662276576
}