{
    "class": "other",
    "x1": 0.5005208333333333,
    "y1": 0.5343481654957065,
    "x2": 0.153125,
    "y2": 0.3005464480874317
}