{
    "class": "other",
    "x1": 0.5021875,
    "y1": 0.49953139643861294,
    "x2": 0.363125,
    "y2": 0.8753514526710403
}