{
    "class": "other",
    "x1": 0.25546875,
    "y1": 0.5006963788300836,
    "x2": 0.246875,
    "y2": 0.8147632311977716
}