{
    "class": "other",
    "x1": 0.6697916666666667,
    "y1": 0.513425925925926,
    "x2": 0.359375,
    "y2": 0.9101851851851852
}