{
    "class": "other",
    "x1": 0.508125,
    "y1": 0.5004166666666666,
    "x2": 0.6375,
    "y2": 0.9991666666666666
}