{
    "class": "other",
    "x1": 0.47692307692307695,
    "y1": 0.4717868338557994,
    "x2": 0.3292307692307692,
    "y2": 0.7011494252873564
}