{
    "class": "other",
    "x1": 0.5088541666666667,
    "y1": 0.4984375,
    "x2": 0.8614583333333333,
    "y2": 0.9885416666666667
}