{
    "class": "other",
    "x1": 0.49881703470031546,
    "y1": 0.4879518072289157,
    "x2": 0.7720820189274448,
    "y2": 0.963855421686747
}