{
    "class": "other",
    "x1": 0.494140625,
    "y1": 0.5105680317040951,
    "x2": 0.53046875,
    "y2": 0.9260237780713342
}