{
    "class": "other",
    "x1": 0.49966666666666665,
    "y1": 0.5,
    "x2": 0.5086666666666667,
    "y2": 0.9986666666666667
}