{
    "class": "other",
    "x1": 0.4518229166666667,
    "y1": 0.2959322033898305,
    "x2": 0.4796875,
    "y2": 0.41966101694915253
}