{
    "class": "other",
    "x1": 0.29791666666666666,
    "y1": 0.5574146981627297,
    "x2": 0.30416666666666664,
    "y2": 0.8208661417322834
}