{
    "class": "other",
    "x1": 0.4947916666666667,
    "y1": 0.5037037037037037,
    "x2": 0.66875,
    "y2": 0.8796296296296297
}