{
    "class": "other",
    "x1": 0.5360946745562131,
    "y1": 0.5355239786856127,
    "x2": 0.16568047337278108,
    "y2": 0.2202486678507993
}