{
    "class": "other",
    "x1": 0.4826666666666667,
    "y1": 0.49966666666666665,
    "x2": 0.7506666666666667,
    "y2": 0.802
}