{
    "class": "other",
    "x1": 0.2737654320987654,
    "y1": 0.5597222222222222,
    "x2": 0.059876543209876544,
    "y2": 0.11944444444444445
}