{
    "class": "other",
    "x1": 0.55390625,
    "y1": 0.44479166666666664,
    "x2": 0.7484375,
    "y2": 0.7034722222222223
}