{
    "class": "other",
    "x1": 0.37451984635083224,
    "y1": 0.4967857142857143,
    "x2": 0.3265044814340589,
    "y2": 0.9492857142857143
}