{
    "class": "other",
    "x1": 0.37416666666666665,
    "y1": 0.3608374384236453,
    "x2": 0.61,
    "y2": 0.5911330049261084
}