{
    "class": "other",
    "x1": 0.28828125,
    "y1": 0.5030042918454936,
    "x2": 0.30885416666666665,
    "y2": 0.9682403433476395
}