{
    "class": "other",
    "x1": 0.5119791666666667,
    "y1": 0.47033567525370806,
    "x2": 0.10520833333333333,
    "y2": 0.2068696330991413
}