{
    "class": "other",
    "x1": 0.37962962962962965,
    "y1": 0.3819444444444444,
    "x2": 0.08518518518518518,
    "y2": 0.06574074074074074
}