{
    "class": "other",
    "x1": 0.270625,
    "y1": 0.5865475070555033,
    "x2": 0.33375,
    "y2": 0.6820319849482597
}