{
    "class": "other",
    "x1": 0.4845833333333333,
    "y1": 0.50375,
    "x2": 0.49416666666666664,
    "y2": 0.9325
}