{
    "class": "other",
    "x1": 0.31796875,
    "y1": 0.49764468371467024,
    "x2": 0.3140625,
    "y2": 0.8041722745625841
}