{
    "class": "other",
    "x1": 0.3824921135646688,
    "y1": 0.29066265060240964,
    "x2": 0.3501577287066246,
    "y2": 0.5180722891566265
}