{
    "class": "other",
    "x1": 0.4840625,
    "y1": 0.50375,
    "x2": 0.646875,
    "y2": 0.8825
}