{
    "class": "other",
    "x1": 0.33697916666666666,
    "y1": 0.54375,
    "x2": 0.15416666666666667,
    "y2": 0.4734375
}