{
    "class": "other",
    "x1": 0.50125,
    "y1": 0.4691666666666667,
    "x2": 0.2275,
    "y2": 0.6233333333333333
}