{
    "class": "other",
    "x1": 0.5478395061728395,
    "y1": 0.41388888888888886,
    "x2": 0.06975308641975309,
    "y2": 0.14629629629629629
}