{
    "class": "other",
    "x1": 0.5078125,
    "y1": 0.49843871975019516,
    "x2": 0.11354166666666667,
    "y2": 0.26307572209211555
}