{
    "class": "other",
    "x1": 0.5471354166666667,
    "y1": 0.41566265060240964,
    "x2": 0.8630208333333333,
    "y2": 0.4457831325301205
}