{
    "class": "other",
    "x1": 0.52734375,
    "y1": 0.5361979166666667,
    "x2": 0.3296875,
    "y2": 0.7640625
}