{
    "class": "other",
    "x1": 0.5054166666666666,
    "y1": 0.505,
    "x2": 0.30583333333333335,
    "y2": 0.905
}