{
    "class": "other",
    "x1": 0.2791666666666667,
    "y1": 0.5338888888888889,
    "x2": 0.3883333333333333,
    "y2": 0.6722222222222223
}