{
    "class": "other",
    "x1": 0.22630208333333332,
    "y1": 0.42424242424242425,
    "x2": 0.25677083333333334,
    "y2": 0.5544332210998878
}