{
    "class": "other",
    "x1": 0.26067708333333334,
    "y1": 0.5027777777777778,
    "x2": 0.4119791666666667,
    "y2": 0.9736111111111111
}