{
    "class": "other",
    "x1": 0.759375,
    "y1": 0.3802083333333333,
    "x2": 0.296875,
    "y2": 0.7493055555555556
}