{
    "class": "other",
    "x1": 0.5088541666666667,
    "y1": 0.530527289546716,
    "x2": 0.75,
    "y2": 0.759481961147086
}