{
    "class": "other",
    "x1": 0.48117283950617284,
    "y1": 0.5625,
    "x2": 0.1191358024691358,
    "y2": 0.11388888888888889
}