{
    "class": "other",
    "x1": 0.5266666666666666,
    "y1": 0.45919881305637983,
    "x2": 0.4083333333333333,
    "y2": 0.844213649851632
}