{
    "class": "other",
    "x1": 0.478125,
    "y1": 0.776953125,
    "x2": 0.16979166666666667,
    "y2": 0.44609375
}