{
    "class": "other",
    "x1": 0.408203125,
    "y1": 0.5251461988304094,
    "x2": 0.59765625,
    "y2": 0.9497076023391813
}