{
    "class": "other",
    "x1": 0.5005208333333333,
    "y1": 0.5,
    "x2": 0.346875,
    "y2": 0.940625
}