{
    "class": "other",
    "x1": 0.5645833333333333,
    "y1": 0.48194444444444445,
    "x2": 0.5854166666666667,
    "y2": 0.6324074074074074
}