{
    "class": "other",
    "x1": 0.5178412132024978,
    "y1": 0.5153256704980843,
    "x2": 0.7323818019625334,
    "y2": 0.9693486590038314
}