{
    "class": "other",
    "x1": 0.5175,
    "y1": 0.516875,
    "x2": 0.37333333333333335,
    "y2": 0.94375
}