{
    "class": "other",
    "x1": 0.5252604166666667,
    "y1": 0.5550925925925926,
    "x2": 0.2630208333333333,
    "y2": 0.8472222222222222
}