{
    "class": "other",
    "x1": 0.6953333333333334,
    "y1": 0.5715,
    "x2": 0.6013333333333334,
    "y2": 0.857
}