{
    "class": "other",
    "x1": 0.496742671009772,
    "y1": 0.48462484624846247,
    "x2": 0.7801302931596091,
    "y2": 0.6863468634686347
}