{
    "class": "other",
    "x1": 0.53271484375,
    "y1": 0.49740484429065746,
    "x2": 0.4716796875,
    "y2": 0.8356401384083045
}