{
    "class": "other",
    "x1": 0.5333333333333333,
    "y1": 0.4925925925925926,
    "x2": 0.471875,
    "y2": 0.8759259259259259
}