{
    "class": "other",
    "x1": 0.31588541666666664,
    "y1": 0.4861111111111111,
    "x2": 0.2578125,
    "y2": 0.8074074074074075
}