{
    "class": "other",
    "x1": 0.501171875,
    "y1": 0.4375,
    "x2": 0.43046875,
    "y2": 0.821875
}