{
    "class": "other",
    "x1": 0.3684603886397608,
    "y1": 0.4919847328244275,
    "x2": 0.4200298953662182,
    "y2": 0.8816793893129771
}