{
    "class": "other",
    "x1": 0.5057291666666667,
    "y1": 0.48661485319516407,
    "x2": 0.7166666666666667,
    "y2": 0.6036269430051814
}