{
    "class": "other",
    "x1": 0.6130208333333333,
    "y1": 0.76953125,
    "x2": 0.21979166666666666,
    "y2": 0.2734375
}