{
    "class": "other",
    "x1": 0.496484375,
    "y1": 0.5005208333333333,
    "x2": 0.69140625,
    "y2": 0.8364583333333333
}