{
    "class": "other",
    "x1": 0.3484375,
    "y1": 0.49907407407407406,
    "x2": 0.26979166666666665,
    "y2": 0.9166666666666666
}