{
    "class": "other",
    "x1": 0.5119791666666667,
    "y1": 0.4986111111111111,
    "x2": 0.8083333333333333,
    "y2": 0.9347222222222222
}