{
    "class": "other",
    "x1": 0.6313333333333333,
    "y1": 0.4845,
    "x2": 0.44666666666666666,
    "y2": 0.895
}