{
    "class": "other",
    "x1": 0.5557142857142857,
    "y1": 0.3965736040609137,
    "x2": 0.5542857142857143,
    "y2": 0.6814720812182741
}