{
    "class": "other",
    "x1": 0.6564455569461827,
    "y1": 0.523542600896861,
    "x2": 0.590738423028786,
    "y2": 0.8408071748878924
}