{
    "class": "other",
    "x1": 0.496484375,
    "y1": 0.508235294117647,
    "x2": 0.42421875,
    "y2": 0.908235294117647
}