{
    "class": "other",
    "x1": 0.506875,
    "y1": 0.40041666666666664,
    "x2": 0.24625,
    "y2": 0.6791666666666667
}