{
    "class": "other",
    "x1": 0.5015625,
    "y1": 0.50234375,
    "x2": 0.26145833333333335,
    "y2": 0.9671875
}