{
    "class": "other",
    "x1": 0.4295833333333333,
    "y1": 0.7158730158730159,
    "x2": 0.3775,
    "y2": 0.5682539682539682
}