{
    "class": "other",
    "x1": 0.33645833333333336,
    "y1": 0.49166666666666664,
    "x2": 0.3145833333333333,
    "y2": 0.9185185185185185
}