{
    "class": "other",
    "x1": 0.22666666666666666,
    "y1": 0.5522174535050072,
    "x2": 0.36,
    "y2": 0.7553648068669528
}