{
    "class": "other",
    "x1": 0.49514200298953664,
    "y1": 0.4977924944812362,
    "x2": 0.5,
    "y2": 0.8278145695364238
}