{
    "class": "other",
    "x1": 0.5,
    "y1": 0.528515625,
    "x2": 0.20416666666666666,
    "y2": 0.88671875
}