{
    "class": "other",
    "x1": 0.5045833333333334,
    "y1": 0.485625,
    "x2": 0.3025,
    "y2": 0.92125
}