{
    "class": "other",
    "x1": 0.4265432098765432,
    "y1": 0.425,
    "x2": 0.10740740740740741,
    "y2": 0.08148148148148149
}