{
    "class": "other",
    "x1": 0.7,
    "y1": 0.53828125,
    "x2": 0.20416666666666666,
    "y2": 0.190625
}