{
    "class": "other",
    "x1": 0.54609375,
    "y1": 0.4510416666666667,
    "x2": 0.6130208333333333,
    "y2": 0.6923611111111111
}