{
    "class": "other",
    "x1": 0.5592334494773519,
    "y1": 0.5100174216027874,
    "x2": 0.37630662020905925,
    "y2": 0.9468641114982579
}