{
    "class": "other",
    "x1": 0.5135416666666667,
    "y1": 0.49722222222222223,
    "x2": 0.37604166666666666,
    "y2": 0.8018518518518518
}