{
    "class": "other",
    "x1": 0.340625,
    "y1": 0.500462962962963,
    "x2": 0.334375,
    "y2": 0.9194444444444444
}