{
    "class": "other",
    "x1": 0.48385416666666664,
    "y1": 0.485,
    "x2": 0.23958333333333334,
    "y2": 0.6966666666666667
}