{
    "class": "other",
    "x1": 0.5005208333333333,
    "y1": 0.49960876369327073,
    "x2": 0.3125,
    "y2": 0.9381846635367762
}