{
    "class": "other",
    "x1": 0.5,
    "y1": 0.49204545454545456,
    "x2": 0.34375,
    "y2": 0.9598484848484848
}