{
    "class": "other",
    "x1": 0.524375,
    "y1": 0.5044444444444445,
    "x2": 0.29625,
    "y2": 0.9355555555555556
}