{
    "class": "other",
    "x1": 0.5146875,
    "y1": 0.45,
    "x2": 0.750625,
    "y2": 0.695
}