{
    "class": "other",
    "x1": 0.42526041666666664,
    "y1": 0.6633333333333333,
    "x2": 0.3734375,
    "y2": 0.35333333333333333
}