{
    "class": "other",
    "x1": 0.36,
    "y1": 0.38416666666666666,
    "x2": 0.4216666666666667,
    "y2": 0.6583333333333333
}