{
    "class": "other",
    "x1": 0.4743827160493827,
    "y1": 0.3976851851851852,
    "x2": 0.10432098765432099,
    "y2": 0.08425925925925926
}