{
    "class": "other",
    "x1": 0.6157692307692307,
    "y1": 0.4044885177453027,
    "x2": 0.3223076923076923,
    "y2": 0.721294363256785
}