{
    "class": "other",
    "x1": 0.27317708333333335,
    "y1": 0.465625,
    "x2": 0.4401041666666667,
    "y2": 0.8885416666666667
}