{
    "class": "other",
    "x1": 0.49973958333333335,
    "y1": 0.5018229166666667,
    "x2": 0.5119791666666667,
    "y2": 0.9953125
}