{
    "class": "other",
    "x1": 0.3928125,
    "y1": 0.44166666666666665,
    "x2": 0.454375,
    "y2": 0.6483333333333333
}