{
    "class": "other",
    "x1": 0.15533333333333332,
    "y1": 0.4488935721812434,
    "x2": 0.29333333333333333,
    "y2": 0.8767123287671232
}