{
    "class": "other",
    "x1": 0.4940104166666667,
    "y1": 0.5273338940285954,
    "x2": 0.5005208333333333,
    "y2": 0.8074011774600505
}