{
    "class": "other",
    "x1": 0.5008710801393729,
    "y1": 0.4964387464387464,
    "x2": 0.23519163763066203,
    "y2": 0.7507122507122507
}