{
    "class": "other",
    "x1": 0.5458333333333333,
    "y1": 0.508125,
    "x2": 0.19166666666666668,
    "y2": 0.45375
}