{
    "class": "other",
    "x1": 0.26274787535410765,
    "y1": 0.498050139275766,
    "x2": 0.37535410764872523,
    "y2": 0.9949860724233983
}