{
    "class": "other",
    "x1": 0.5006666666666667,
    "y1": 0.5045,
    "x2": 0.31466666666666665,
    "y2": 0.949
}