{
    "class": "other",
    "x1": 0.5184895833333333,
    "y1": 0.617578125,
    "x2": 0.2765625,
    "y2": 0.34921875
}