{
    "class": "other",
    "x1": 0.31484375,
    "y1": 0.5148148148148148,
    "x2": 0.4578125,
    "y2": 0.6444444444444445
}