{
    "class": "other",
    "x1": 0.49375,
    "y1": 0.49823529411764705,
    "x2": 0.7734375,
    "y2": 0.9094117647058824
}