{
    "class": "other",
    "x1": 0.5939070351758794,
    "y1": 0.6340782122905028,
    "x2": 0.5584170854271356,
    "y2": 0.4011173184357542
}