{
    "class": "other",
    "x1": 0.5321969696969697,
    "y1": 0.46551724137931033,
    "x2": 0.1856060606060606,
    "y2": 0.6656217345872518
}