{
    "class": "other",
    "x1": 0.4726666666666667,
    "y1": 0.48501362397820164,
    "x2": 0.3506666666666667,
    "y2": 0.2815622161671208
}