{
    "class": "other",
    "x1": 0.49366666666666664,
    "y1": 0.5035,
    "x2": 0.32866666666666666,
    "y2": 0.939
}