{
    "class": "other",
    "x1": 0.1915625,
    "y1": 0.5833333333333334,
    "x2": 0.214375,
    "y2": 0.5933333333333334
}