{
    "class": "other",
    "x1": 0.4861979166666667,
    "y1": 0.49453551912568305,
    "x2": 0.1078125,
    "y2": 0.25526932084309134
}