{
    "class": "other",
    "x1": 0.3536458333333333,
    "y1": 0.476953125,
    "x2": 0.21666666666666667,
    "y2": 0.47890625
}