{
    "class": "other",
    "x1": 0.4471354166666667,
    "y1": 0.49960906958561374,
    "x2": 0.29739583333333336,
    "y2": 0.9147771696637998
}