{
    "class": "other",
    "x1": 0.41171875,
    "y1": 0.4699074074074074,
    "x2": 0.2578125,
    "y2": 0.7953703703703704
}