{
    "class": "other",
    "x1": 0.34088541666666666,
    "y1": 0.5589830508474576,
    "x2": 0.3609375,
    "y2": 0.5132203389830509
}