{
    "class": "other",
    "x1": 0.49973958333333335,
    "y1": 0.49921875,
    "x2": 0.2869791666666667,
    "y2": 0.9203125
}