{
    "class": "other",
    "x1": 0.509375,
    "y1": 0.4962962962962963,
    "x2": 0.38958333333333334,
    "y2": 0.9740740740740741
}