{
    "class": "other",
    "x1": 0.5276041666666667,
    "y1": 0.5343481654957065,
    "x2": 0.234375,
    "y2": 0.38485558157689304
}