{
    "class": "other",
    "x1": 0.5401041666666667,
    "y1": 0.4379391100702576,
    "x2": 0.10208333333333333,
    "y2": 0.24355971896955503
}