{
    "class": "other",
    "x1": 0.4861979166666667,
    "y1": 0.4336455893832943,
    "x2": 0.0828125,
    "y2": 0.17876658860265418
}