{
    "class": "other",
    "x1": 0.5513020833333333,
    "y1": 0.6239583333333333,
    "x2": 0.3015625,
    "y2": 0.22291666666666668
}