{
    "class": "other",
    "x1": 0.5377604166666666,
    "y1": 0.47453703703703703,
    "x2": 0.20989583333333334,
    "y2": 0.7416666666666667
}