{
    "class": "other",
    "x1": 0.24571428571428572,
    "y1": 0.4265809217577706,
    "x2": 0.2814285714285714,
    "y2": 0.662379421221865
}