{
    "class": "other",
    "x1": 0.3645833333333333,
    "y1": 0.5045138888888889,
    "x2": 0.20520833333333333,
    "y2": 0.8840277777777777
}