{
    "class": "other",
    "x1": 0.6268229166666667,
    "y1": 0.4875,
    "x2": 0.22447916666666667,
    "y2": 0.6361111111111111
}