{
    "class": "other",
    "x1": 0.5765625,
    "y1": 0.43637782982045276,
    "x2": 0.38645833333333335,
    "y2": 0.31381733021077285
}