{
    "class": "other",
    "x1": 0.4979166666666667,
    "y1": 0.503125,
    "x2": 0.534375,
    "y2": 0.99375
}