{
    "class": "other",
    "x1": 0.50078125,
    "y1": 0.49973958333333335,
    "x2": 0.3807291666666667,
    "y2": 0.7973958333333333
}