{
    "class": "other",
    "x1": 0.49921875,
    "y1": 0.5015625,
    "x2": 0.5171875,
    "y2": 0.990625
}