{
    "class": "other",
    "x1": 0.49857142857142855,
    "y1": 0.5051094890510949,
    "x2": 0.28476190476190477,
    "y2": 0.9313868613138686
}