{
    "class": "other",
    "x1": 0.25546875,
    "y1": 0.4603458556946929,
    "x2": 0.24947916666666667,
    "y2": 0.554561717352415
}