{
    "class": "other",
    "x1": 0.245,
    "y1": 0.6854166666666667,
    "x2": 0.41,
    "y2": 0.5041666666666667
}