{
    "class": "other",
    "x1": 0.21276041666666667,
    "y1": 0.4930555555555556,
    "x2": 0.34739583333333335,
    "y2": 0.9623015873015873
}