{
    "class": "other",
    "x1": 0.5005208333333333,
    "y1": 0.5125,
    "x2": 0.29375,
    "y2": 0.8828125
}