{
    "class": "other",
    "x1": 0.27791666666666665,
    "y1": 0.51,
    "x2": 0.36083333333333334,
    "y2": 0.30266666666666664
}