{
    "class": "other",
    "x1": 0.47109375,
    "y1": 0.48711943793911006,
    "x2": 0.20364583333333333,
    "y2": 0.5761124121779859
}