{
    "class": "other",
    "x1": 0.47578125,
    "y1": 0.5185185185185185,
    "x2": 0.5494791666666666,
    "y2": 0.9351851851851852
}