{
    "class": "other",
    "x1": 0.41171875,
    "y1": 0.5484375,
    "x2": 0.8036458333333333,
    "y2": 0.65625
}