{
    "class": "other",
    "x1": 0.5015625,
    "y1": 0.5005208333333333,
    "x2": 0.503125,
    "y2": 0.9989583333333333
}