{
    "class": "other",
    "x1": 0.33671875,
    "y1": 0.4949074074074074,
    "x2": 0.24114583333333334,
    "y2": 0.8546296296296296
}