{
    "class": "other",
    "x1": 0.5604166666666667,
    "y1": 0.49777777777777776,
    "x2": 0.7925,
    "y2": 0.9911111111111112
}