{
    "class": "other",
    "x1": 0.2791666666666667,
    "y1": 0.483718487394958,
    "x2": 0.36,
    "y2": 0.9044117647058824
}