{
    "class": "other",
    "x1": 0.34921875,
    "y1": 0.49953703703703706,
    "x2": 0.2796875,
    "y2": 0.9138888888888889
}