{
    "class": "other",
    "x1": 0.32526041666666666,
    "y1": 0.5110456553755522,
    "x2": 0.35052083333333334,
    "y2": 0.9543446244477173
}