{
    "class": "other",
    "x1": 0.509375,
    "y1": 0.546875,
    "x2": 0.353125,
    "y2": 0.90625
}