{
    "class": "other",
    "x1": 0.459375,
    "y1": 0.49930555555555556,
    "x2": 0.5234375,
    "y2": 0.9541666666666667
}