{
    "class": "other",
    "x1": 0.355,
    "y1": 0.4253653444676409,
    "x2": 0.19923076923076924,
    "y2": 0.4707724425887265
}