{
    "class": "other",
    "x1": 0.5809895833333333,
    "y1": 0.43159722222222224,
    "x2": 0.26927083333333335,
    "y2": 0.22013888888888888
}