{
    "class": "other",
    "x1": 0.6015625,
    "y1": 0.6851851851851852,
    "x2": 0.15520833333333334,
    "y2": 0.4185185185185185
}