{
    "class": "other",
    "x1": 0.6606770833333333,
    "y1": 0.50390625,
    "x2": 0.23489583333333333,
    "y2": 0.2859375
}