{
    "class": "other",
    "x1": 0.6877604166666667,
    "y1": 0.626953125,
    "x2": 0.1921875,
    "y2": 0.26953125
}