{
    "class": "other",
    "x1": 0.5095833333333334,
    "y1": 0.4938888888888889,
    "x2": 0.6541666666666667,
    "y2": 0.9344444444444444
}