{
    "class": "other",
    "x1": 0.5252604166666667,
    "y1": 0.49453551912568305,
    "x2": 0.15572916666666667,
    "y2": 0.1725214676034348
}