{
    "class": "other",
    "x1": 0.31171875,
    "y1": 0.4783625730994152,
    "x2": 0.3125,
    "y2": 0.8865497076023392
}