{
    "class": "other",
    "x1": 0.5414222873900293,
    "y1": 0.5717423133235725,
    "x2": 0.5124633431085044,
    "y2": 0.657393850658858
}