{
    "class": "other",
    "x1": 0.33567708333333335,
    "y1": 0.5009259259259259,
    "x2": 0.3078125,
    "y2": 0.9185185185185185
}