{
    "class": "other",
    "x1": 0.4146875,
    "y1": 0.5005555555555555,
    "x2": 0.506875,
    "y2": 0.9988888888888889
}