{
    "class": "other",
    "x1": 0.51953125,
    "y1": 0.2878661087866109,
    "x2": 0.42239583333333336,
    "y2": 0.5138075313807532
}