{
    "class": "other",
    "x1": 0.5022761760242792,
    "y1": 0.4964859437751004,
    "x2": 0.26100151745068284,
    "y2": 0.8624497991967871
}