{
    "class": "other",
    "x1": 0.32786458333333335,
    "y1": 0.48989169675090255,
    "x2": 0.3026041666666667,
    "y2": 0.8989169675090253
}