{
    "class": "other",
    "x1": 0.359375,
    "y1": 0.5703125,
    "x2": 0.33645833333333336,
    "y2": 0.75
}