{
    "class": "other",
    "x1": 0.5203333333333333,
    "y1": 0.5033333333333333,
    "x2": 0.32466666666666666,
    "y2": 0.924
}