{
    "class": "other",
    "x1": 0.44320987654320987,
    "y1": 0.38472222222222224,
    "x2": 0.14074074074074075,
    "y2": 0.13055555555555556
}