{
    "class": "other",
    "x1": 0.45187165775401067,
    "y1": 0.6381461675579323,
    "x2": 0.1497326203208556,
    "y2": 0.15508021390374332
}