{
    "class": "other",
    "x1": 0.38776041666666666,
    "y1": 0.5087669683257918,
    "x2": 0.3890625,
    "y2": 0.8625565610859729
}