{
    "class": "other",
    "x1": 0.4466049382716049,
    "y1": 0.4699074074074074,
    "x2": 0.24753086419753087,
    "y2": 0.5879629629629629
}