{
    "class": "other",
    "x1": 0.630078125,
    "y1": 0.5072916666666667,
    "x2": 0.53203125,
    "y2": 0.8541666666666666
}