{
    "class": "other",
    "x1": 0.47578947368421054,
    "y1": 0.5284135753749013,
    "x2": 0.5936842105263158,
    "y2": 0.681136543014996
}