{
    "class": "other",
    "x1": 0.525390625,
    "y1": 0.4756944444444444,
    "x2": 0.533203125,
    "y2": 0.5625
}