{
    "class": "other",
    "x1": 0.46432291666666664,
    "y1": 0.52,
    "x2": 0.6421875,
    "y2": 0.9176470588235294
}