{
    "class": "other",
    "x1": 0.6541666666666667,
    "y1": 0.538671875,
    "x2": 0.29375,
    "y2": 0.76015625
}