{
    "class": "other",
    "x1": 0.2523076923076923,
    "y1": 0.3146651270207852,
    "x2": 0.2815384615384615,
    "y2": 0.34526558891454967
}