{
    "class": "other",
    "x1": 0.5197916666666667,
    "y1": 0.48333333333333334,
    "x2": 0.22083333333333333,
    "y2": 0.7611111111111111
}