{
    "class": "other",
    "x1": 0.35651041666666666,
    "y1": 0.49966101694915255,
    "x2": 0.3640625,
    "y2": 0.6277966101694915
}