{
    "class": "other",
    "x1": 0.621875,
    "y1": 0.6814814814814815,
    "x2": 0.19479166666666667,
    "y2": 0.37037037037037035
}