{
    "class": "other",
    "x1": 0.20651041666666667,
    "y1": 0.4912037037037037,
    "x2": 0.28177083333333336,
    "y2": 0.9805555555555555
}