{
    "class": "other",
    "x1": 0.46708333333333335,
    "y1": 0.49777777777777776,
    "x2": 0.39916666666666667,
    "y2": 0.9925925925925926
}