{
    "class": "other",
    "x1": 0.28229166666666666,
    "y1": 0.5175925925925926,
    "x2": 0.503125,
    "y2": 0.8796296296296297
}