{
    "class": "other",
    "x1": 0.4634760705289673,
    "y1": 0.49166666666666664,
    "x2": 0.6733837111670865,
    "y2": 0.9316666666666666
}