{
    "class": "other",
    "x1": 0.17053789731051344,
    "y1": 0.49951314508276534,
    "x2": 0.3056234718826406,
    "y2": 0.9951314508276533
}