{
    "class": "other",
    "x1": 0.3355518580144204,
    "y1": 0.49041666666666667,
    "x2": 0.2617859123682751,
    "y2": 0.7858333333333334
}