{
    "class": "other",
    "x1": 0.5065104166666666,
    "y1": 0.4601873536299766,
    "x2": 0.15052083333333333,
    "y2": 0.31772053083528495
}