{
    "class": "other",
    "x1": 0.4791666666666667,
    "y1": 0.49537037037037035,
    "x2": 0.4083333333333333,
    "y2": 0.9611111111111111
}