{
    "class": "other",
    "x1": 0.481875,
    "y1": 0.5108333333333334,
    "x2": 0.19,
    "y2": 0.47
}