{
    "class": "other",
    "x1": 0.54453125,
    "y1": 0.47175925925925927,
    "x2": 0.5411458333333333,
    "y2": 0.7657407407407407
}