{
    "class": "other",
    "x1": 0.347,
    "y1": 0.49566666666666664,
    "x2": 0.30866666666666664,
    "y2": 0.75
}