{
    "class": "other",
    "x1": 0.5015625,
    "y1": 0.4990950226244344,
    "x2": 0.9802083333333333,
    "y2": 0.9601809954751132
}