{
    "class": "other",
    "x1": 0.3509463722397476,
    "y1": 0.5195783132530121,
    "x2": 0.5741324921135647,
    "y2": 0.822289156626506
}