{
    "class": "other",
    "x1": 0.26166666666666666,
    "y1": 0.5033333333333333,
    "x2": 0.42333333333333334,
    "y2": 0.86
}