{
    "class": "other",
    "x1": 0.5330246913580247,
    "y1": 0.4444444444444444,
    "x2": 0.10555555555555556,
    "y2": 0.11666666666666667
}