{
    "class": "other",
    "x1": 0.35331230283911674,
    "y1": 0.5956325301204819,
    "x2": 0.23659305993690852,
    "y2": 0.8087349397590361
}