{
    "class": "other",
    "x1": 0.5653333333333334,
    "y1": 0.481,
    "x2": 0.24266666666666667,
    "y2": 0.272
}