{
    "class": "other",
    "x1": 0.46588541666666666,
    "y1": 0.490625,
    "x2": 0.6057291666666667,
    "y2": 0.8734375
}