{
    "class": "other",
    "x1": 0.5046875,
    "y1": 0.49583333333333335,
    "x2": 0.665625,
    "y2": 0.9787037037037037
}