{
    "class": "other",
    "x1": 0.5497395833333333,
    "y1": 0.453515625,
    "x2": 0.2713541666666667,
    "y2": 0.66015625
}