{
    "class": "other",
    "x1": 0.42161458333333335,
    "y1": 0.4953125,
    "x2": 0.8421875,
    "y2": 0.8625
}