{
    "class": "other",
    "x1": 0.44166666666666665,
    "y1": 0.49212962962962964,
    "x2": 0.24791666666666667,
    "y2": 0.8824074074074074
}