{
    "class": "other",
    "x1": 0.4786458333333333,
    "y1": 0.5666666666666667,
    "x2": 0.153125,
    "y2": 0.5166666666666667
}