{
    "class": "other",
    "x1": 0.5075520833333333,
    "y1": 0.5327868852459017,
    "x2": 0.1328125,
    "y2": 0.19437939110070257
}