{
    "class": "other",
    "x1": 0.4934895833333333,
    "y1": 0.5004205214465938,
    "x2": 0.5526041666666667,
    "y2": 0.671152228763667
}