{
    "class": "other",
    "x1": 0.5088541666666667,
    "y1": 0.508984375,
    "x2": 0.29375,
    "y2": 0.70234375
}