{
    "class": "other",
    "x1": 0.6042307692307692,
    "y1": 0.36096537250786986,
    "x2": 0.05923076923076923,
    "y2": 0.1657922350472193
}