{
    "class": "other",
    "x1": 0.41933333333333334,
    "y1": 0.3369663941871026,
    "x2": 0.36666666666666664,
    "y2": 0.5703905540417802
}