{
    "class": "other",
    "x1": 0.5242307692307693,
    "y1": 0.5023068050749712,
    "x2": 0.3007692307692308,
    "y2": 0.39100346020761245
}