{
    "class": "other",
    "x1": 0.4625,
    "y1": 0.4996527777777778,
    "x2": 0.36875,
    "y2": 0.9923611111111111
}