{
    "class": "other",
    "x1": 0.1925,
    "y1": 0.5118518518518519,
    "x2": 0.17333333333333334,
    "y2": 0.6355555555555555
}