{
    "class": "other",
    "x1": 0.51875,
    "y1": 0.5078125,
    "x2": 0.44583333333333336,
    "y2": 0.925
}