{
    "class": "other",
    "x1": 0.4953125,
    "y1": 0.4979166666666667,
    "x2": 0.516875,
    "y2": 0.9208333333333333
}