{
    "class": "other",
    "x1": 0.4903645833333333,
    "y1": 0.53046875,
    "x2": 0.5265625,
    "y2": 0.915625
}