{
    "class": "other",
    "x1": 0.49921875,
    "y1": 0.5013020833333334,
    "x2": 0.3859375,
    "y2": 0.8088541666666667
}