{
    "class": "other",
    "x1": 0.4909375,
    "y1": 0.4979166666666667,
    "x2": 0.741875,
    "y2": 0.9508333333333333
}