{
    "class": "other",
    "x1": 0.66171875,
    "y1": 0.5155004428697962,
    "x2": 0.4557291666666667,
    "y2": 0.39149689991142606
}