{
    "class": "other",
    "x1": 0.5004166666666666,
    "y1": 0.505,
    "x2": 0.3175,
    "y2": 0.9211111111111111
}