{
    "class": "other",
    "x1": 0.5229166666666667,
    "y1": 0.5,
    "x2": 0.171875,
    "y2": 0.13973458235753317
}