{
    "class": "other",
    "x1": 0.37,
    "y1": 0.4977307110438729,
    "x2": 0.3973333333333333,
    "y2": 0.9062027231467473
}