{
    "class": "other",
    "x1": 0.6479166666666667,
    "y1": 0.49795501022494887,
    "x2": 0.2891666666666667,
    "y2": 0.9406952965235174
}