{
    "class": "other",
    "x1": 0.22074756229685807,
    "y1": 0.30659150043365135,
    "x2": 0.44041170097508126,
    "y2": 0.559410234171726
}