{
    "class": "other",
    "x1": 0.6276041666666666,
    "y1": 0.584375,
    "x2": 0.19479166666666667,
    "y2": 0.41458333333333336
}