{
    "class": "other",
    "x1": 0.3658854166666667,
    "y1": 0.49907407407407406,
    "x2": 0.2786458333333333,
    "y2": 0.9851851851851852
}