{
    "class": "other",
    "x1": 0.2987068965517241,
    "y1": 0.5036443148688047,
    "x2": 0.571551724137931,
    "y2": 0.9766763848396501
}