{
    "class": "other",
    "x1": 0.49114583333333334,
    "y1": 0.49398148148148147,
    "x2": 0.33958333333333335,
    "y2": 0.9712962962962963
}