{
    "class": "other",
    "x1": 0.46640625,
    "y1": 0.5687134502923976,
    "x2": 0.16822916666666668,
    "y2": 0.7690058479532164
}