{
    "class": "other",
    "x1": 0.253125,
    "y1": 0.4685412026726058,
    "x2": 0.49875,
    "y2": 0.9315144766146993
}