{
    "class": "other",
    "x1": 0.5197916666666667,
    "y1": 0.5032437442075997,
    "x2": 0.32708333333333334,
    "y2": 0.963855421686747
}