{
    "class": "other",
    "x1": 0.33166666666666667,
    "y1": 0.4832904884318766,
    "x2": 0.33111111111111113,
    "y2": 0.8654670094258783
}