{
    "class": "other",
    "x1": 0.23846153846153847,
    "y1": 0.5158428390367554,
    "x2": 0.24923076923076923,
    "y2": 0.8390367553865653
}