{
    "class": "other",
    "x1": 0.49621570482497634,
    "y1": 0.50234375,
    "x2": 0.9224219489120151,
    "y2": 0.9703125
}