{
    "class": "other",
    "x1": 0.4371527777777778,
    "y1": 0.5122395833333333,
    "x2": 0.7284722222222222,
    "y2": 0.7526041666666666
}