{
    "class": "other",
    "x1": 0.47734375,
    "y1": 0.5041666666666667,
    "x2": 0.8088541666666667,
    "y2": 0.9347222222222222
}