{
    "class": "other",
    "x1": 0.50859375,
    "y1": 0.50234375,
    "x2": 0.7984375,
    "y2": 0.6890625
}