{
    "class": "other",
    "x1": 0.53625,
    "y1": 0.5036231884057971,
    "x2": 0.3325,
    "y2": 0.9589371980676329
}