{
    "class": "other",
    "x1": 0.525390625,
    "y1": 0.4708029197080292,
    "x2": 0.34765625,
    "y2": 0.8277372262773722
}