{
    "class": "other",
    "x1": 0.6875,
    "y1": 0.49583333333333335,
    "x2": 0.271875,
    "y2": 0.875
}