{
    "class": "other",
    "x1": 0.38671875,
    "y1": 0.4894957983193277,
    "x2": 0.3296875,
    "y2": 0.9689075630252101
}