{
    "class": "other",
    "x1": 0.51328125,
    "y1": 0.4886807181889149,
    "x2": 0.1234375,
    "y2": 0.07962529274004684
}