{
    "class": "other",
    "x1": 0.4840277777777778,
    "y1": 0.5208333333333334,
    "x2": 0.7513888888888889,
    "y2": 0.6572916666666667
}