{
    "class": "other",
    "x1": 0.5504166666666667,
    "y1": 0.500733137829912,
    "x2": 0.3425,
    "y2": 0.998533724340176
}