{
    "class": "other",
    "x1": 0.44384615384615383,
    "y1": 0.6867154811715481,
    "x2": 0.13384615384615384,
    "y2": 0.1412133891213389
}