{
    "class": "other",
    "x1": 0.405,
    "y1": 0.660625,
    "x2": 0.06333333333333334,
    "y2": 0.18875
}