{
    "class": "other",
    "x1": 0.33645833333333336,
    "y1": 0.4949074074074074,
    "x2": 0.275,
    "y2": 0.9231481481481482
}