{
    "class": "other",
    "x1": 0.214375,
    "y1": 0.49375,
    "x2": 0.26125,
    "y2": 0.6941666666666667
}