{
    "class": "other",
    "x1": 0.2989583333333333,
    "y1": 0.304296875,
    "x2": 0.3333333333333333,
    "y2": 0.38828125
}