{
    "class": "other",
    "x1": 0.5044270833333333,
    "y1": 0.4917974322396576,
    "x2": 0.9526041666666667,
    "y2": 0.9336661911554922
}