{
    "class": "other",
    "x1": 0.49,
    "y1": 0.49,
    "x2": 0.6633333333333333,
    "y2": 0.9088888888888889
}