{
    "class": "other",
    "x1": 0.35875,
    "y1": 0.4976190476190476,
    "x2": 0.24083333333333334,
    "y2": 0.8428571428571429
}