{
    "class": "other",
    "x1": 0.5005208333333333,
    "y1": 0.37853470437017994,
    "x2": 0.36875,
    "y2": 0.5514138817480719
}