{
    "class": "other",
    "x1": 0.5271844660194175,
    "y1": 0.5122222222222222,
    "x2": 0.8524271844660194,
    "y2": 0.9733333333333334
}