{
    "class": "other",
    "x1": 0.46458333333333335,
    "y1": 0.5082288401253918,
    "x2": 0.5354166666666667,
    "y2": 0.8487460815047022
}