{
    "class": "other",
    "x1": 0.5515625,
    "y1": 0.44074074074074077,
    "x2": 0.7614583333333333,
    "y2": 0.65
}