{
    "class": "other",
    "x1": 0.3,
    "y1": 0.46926070038910506,
    "x2": 0.315625,
    "y2": 0.7673151750972763
}