{
    "class": "other",
    "x1": 0.46416666666666667,
    "y1": 0.5808333333333333,
    "x2": 0.255,
    "y2": 0.7783333333333333
}