{
    "class": "other",
    "x1": 0.5258333333333334,
    "y1": 0.5,
    "x2": 0.91,
    "y2": 0.9977777777777778
}