{
    "class": "other",
    "x1": 0.3928125,
    "y1": 0.46416666666666667,
    "x2": 0.575625,
    "y2": 0.8933333333333333
}