{
    "class": "other",
    "x1": 0.49460819554277496,
    "y1": 0.48828125,
    "x2": 0.5794392523364486,
    "y2": 0.8130208333333333
}