{
    "class": "other",
    "x1": 0.4940104166666667,
    "y1": 0.4613583138173302,
    "x2": 0.11197916666666667,
    "y2": 0.22482435597189696
}