{
    "class": "other",
    "x1": 0.390625,
    "y1": 0.5041666666666667,
    "x2": 0.35125,
    "y2": 0.85
}