{
    "class": "other",
    "x1": 0.219921875,
    "y1": 0.4986111111111111,
    "x2": 0.23359375,
    "y2": 0.8083333333333333
}