{
    "class": "other",
    "x1": 0.697265625,
    "y1": 0.3951990632318501,
    "x2": 0.25234375,
    "y2": 0.6569086651053864
}