{
    "class": "other",
    "x1": 0.35541666666666666,
    "y1": 0.6627777777777778,
    "x2": 0.2725,
    "y2": 0.4811111111111111
}