{
    "class": "other",
    "x1": 0.33645833333333336,
    "y1": 0.5083333333333333,
    "x2": 0.27708333333333335,
    "y2": 0.8629629629629629
}