{
    "class": "other",
    "x1": 0.35989583333333336,
    "y1": 0.5388888888888889,
    "x2": 0.47708333333333336,
    "y2": 0.5537037037037037
}