{
    "class": "other",
    "x1": 0.5190104166666667,
    "y1": 0.5020833333333333,
    "x2": 0.31302083333333336,
    "y2": 0.8097222222222222
}