{
    "class": "other",
    "x1": 0.49666666666666665,
    "y1": 0.508125,
    "x2": 0.29833333333333334,
    "y2": 0.88625
}