{
    "class": "other",
    "x1": 0.4921875,
    "y1": 0.5089773614363778,
    "x2": 0.10416666666666667,
    "y2": 0.2498048399687744
}