{
    "class": "other",
    "x1": 0.498,
    "y1": 0.495,
    "x2": 0.4573333333333333,
    "y2": 0.9193333333333333
}