{
    "class": "other",
    "x1": 0.2708333333333333,
    "y1": 0.3770833333333333,
    "x2": 0.4239583333333333,
    "y2": 0.6625
}