{
    "class": "other",
    "x1": 0.47890625,
    "y1": 0.478125,
    "x2": 0.3328125,
    "y2": 0.8833333333333333
}