{
    "class": "other",
    "x1": 0.3375,
    "y1": 0.5065972222222223,
    "x2": 0.325,
    "y2": 0.8506944444444444
}