{
    "class": "other",
    "x1": 0.4703125,
    "y1": 0.49675925925925923,
    "x2": 0.6375,
    "y2": 0.9842592592592593
}