{
    "class": "other",
    "x1": 0.4960173787110789,
    "y1": 0.5038709677419355,
    "x2": 0.9094858797972484,
    "y2": 0.9922580645161291
}