{
    "class": "other",
    "x1": 0.38776041666666666,
    "y1": 0.5050904977375565,
    "x2": 0.38697916666666665,
    "y2": 0.8506787330316742
}