{
    "class": "other",
    "x1": 0.5247395833333334,
    "y1": 0.491015625,
    "x2": 0.4276041666666667,
    "y2": 0.90859375
}