{
    "class": "other",
    "x1": 0.24453125,
    "y1": 0.5763888888888888,
    "x2": 0.4796875,
    "y2": 0.8472222222222222
}