{
    "class": "other",
    "x1": 0.5927083333333333,
    "y1": 0.5097312326227988,
    "x2": 0.35625,
    "y2": 0.9490268767377201
}