{
    "class": "other",
    "x1": 0.5033854166666667,
    "y1": 0.49973958333333335,
    "x2": 0.9401041666666666,
    "y2": 0.9984375
}