{
    "class": "other",
    "x1": 0.5372395833333333,
    "y1": 0.4894613583138173,
    "x2": 0.07447916666666667,
    "y2": 0.2185792349726776
}