{
    "class": "other",
    "x1": 0.54140625,
    "y1": 0.4828703703703704,
    "x2": 0.8057291666666667,
    "y2": 0.9638888888888889
}