{
    "class": "other",
    "x1": 0.5002604166666667,
    "y1": 0.5002604166666667,
    "x2": 0.5109375,
    "y2": 0.9994791666666667
}