{
    "class": "other",
    "x1": 0.5098958333333333,
    "y1": 0.4921935987509758,
    "x2": 0.2989583333333333,
    "y2": 0.3224043715846995
}