{
    "class": "other",
    "x1": 0.4859375,
    "y1": 0.4837962962962963,
    "x2": 0.23645833333333333,
    "y2": 0.8768518518518519
}