{
    "class": "other",
    "x1": 0.37666666666666665,
    "y1": 0.4661111111111111,
    "x2": 0.31,
    "y2": 0.7366666666666667
}