{
    "class": "other",
    "x1": 0.4036458333333333,
    "y1": 0.5185185185185185,
    "x2": 0.34791666666666665,
    "y2": 0.9018518518518519
}