{
    "class": "other",
    "x1": 0.5013888888888889,
    "y1": 0.4589958158995816,
    "x2": 0.23833333333333334,
    "y2": 0.7020920502092051
}