{
    "class": "other",
    "x1": 0.49895833333333334,
    "y1": 0.5,
    "x2": 0.8395833333333333,
    "y2": 0.21851851851851853
}