{
    "class": "other",
    "x1": 0.7026041666666667,
    "y1": 0.25416666666666665,
    "x2": 0.33541666666666664,
    "y2": 0.3333333333333333
}