{
    "class": "other",
    "x1": 0.33837890625,
    "y1": 0.4791666666666667,
    "x2": 0.3798828125,
    "y2": 0.7951388888888888
}