{
    "class": "other",
    "x1": 0.55625,
    "y1": 0.544140625,
    "x2": 0.446875,
    "y2": 0.78984375
}