{
    "class": "other",
    "x1": 0.5487654320987654,
    "y1": 0.3958333333333333,
    "x2": 0.04197530864197531,
    "y2": 0.14537037037037037
}