{
    "class": "other",
    "x1": 0.453515625,
    "y1": 0.553125,
    "x2": 0.73671875,
    "y2": 0.321875
}