{
    "class": "other",
    "x1": 0.5149572649572649,
    "y1": 0.5012820512820513,
    "x2": 0.5170940170940171,
    "y2": 0.9128205128205128
}