{
    "class": "other",
    "x1": 0.5018229166666667,
    "y1": 0.5015625,
    "x2": 0.5890625,
    "y2": 0.996875
}