{
    "class": "other",
    "x1": 0.4778645833333333,
    "y1": 0.48194444444444445,
    "x2": 0.13385416666666666,
    "y2": 0.8379629629629629
}