{
    "class": "other",
    "x1": 0.48489583333333336,
    "y1": 0.532377428307123,
    "x2": 0.27708333333333335,
    "y2": 0.816836262719704
}