{
    "class": "other",
    "x1": 0.5683716075156576,
    "y1": 0.47846153846153844,
    "x2": 0.2348643006263048,
    "y2": 0.3153846153846154
}