{
    "class": "other",
    "x1": 0.650625,
    "y1": 0.48541666666666666,
    "x2": 0.24625,
    "y2": 0.6608333333333334
}