{
    "class": "other",
    "x1": 0.49661458333333336,
    "y1": 0.5033854166666667,
    "x2": 0.8401041666666667,
    "y2": 0.8151041666666666
}