{
    "class": "other",
    "x1": 0.571604938271605,
    "y1": 0.4273148148148148,
    "x2": 0.06296296296296296,
    "y2": 0.14351851851851852
}