{
    "class": "other",
    "x1": 0.22908204711616573,
    "y1": 0.5484375,
    "x2": 0.4321689683184403,
    "y2": 0.8208333333333333
}