{
    "class": "other",
    "x1": 0.4996570644718793,
    "y1": 0.41822916666666665,
    "x2": 0.6042524005486969,
    "y2": 0.6916666666666667
}