{
    "class": "other",
    "x1": 0.4171875,
    "y1": 0.49764150943396224,
    "x2": 0.2864583333333333,
    "y2": 0.8952830188679245
}