{
    "class": "other",
    "x1": 0.31979166666666664,
    "y1": 0.49907407407407406,
    "x2": 0.2625,
    "y2": 0.9203703703703704
}