{
    "class": "other",
    "x1": 0.36223958333333334,
    "y1": 0.6261016949152542,
    "x2": 0.5411458333333333,
    "y2": 0.3708474576271186
}