{
    "class": "other",
    "x1": 0.49966666666666665,
    "y1": 0.494,
    "x2": 0.486,
    "y2": 0.9346666666666666
}