{
    "class": "other",
    "x1": 0.4985,
    "y1": 0.3468780971258672,
    "x2": 0.865,
    "y2": 0.19028741328047571
}