{
    "class": "other",
    "x1": 0.48984375,
    "y1": 0.4708333333333333,
    "x2": 0.8401041666666667,
    "y2": 0.7324074074074074
}