{
    "class": "other",
    "x1": 0.36614583333333334,
    "y1": 0.4564814814814815,
    "x2": 0.24895833333333334,
    "y2": 0.8685185185185185
}