{
    "class": "other",
    "x1": 0.5244791666666667,
    "y1": 0.4332552693208431,
    "x2": 0.11041666666666666,
    "y2": 0.26229508196721313
}