{
    "class": "other",
    "x1": 0.45245098039215687,
    "y1": 0.5102941176470588,
    "x2": 0.7029411764705882,
    "y2": 0.9088235294117647
}