{
    "class": "other",
    "x1": 0.50234375,
    "y1": 0.504296875,
    "x2": 0.2598958333333333,
    "y2": 0.96015625
}