{
    "class": "other",
    "x1": 0.5067708333333333,
    "y1": 0.5740740740740741,
    "x2": 0.26145833333333335,
    "y2": 0.8518518518518519
}