{
    "class": "other",
    "x1": 0.30390625,
    "y1": 0.4613583138173302,
    "x2": 0.13177083333333334,
    "y2": 0.10304449648711944
}