{
    "class": "other",
    "x1": 0.5723958333333333,
    "y1": 0.6134259259259259,
    "x2": 0.43333333333333335,
    "y2": 0.4861111111111111
}