{
    "class": "other",
    "x1": 0.25052083333333336,
    "y1": 0.5010217983651226,
    "x2": 0.30520833333333336,
    "y2": 0.7908719346049047
}