{
    "class": "other",
    "x1": 0.5,
    "y1": 0.4954188481675393,
    "x2": 0.29965156794425085,
    "y2": 0.8835078534031413
}