{
    "class": "other",
    "x1": 0.50341796875,
    "y1": 0.5043923865300146,
    "x2": 0.3154296875,
    "y2": 0.9560761346998536
}