{
    "class": "other",
    "x1": 0.5135416666666667,
    "y1": 0.5231481481481481,
    "x2": 0.83125,
    "y2": 0.7462962962962963
}