{
    "class": "other",
    "x1": 0.40076923076923077,
    "y1": 0.6553117782909931,
    "x2": 0.22,
    "y2": 0.23441108545034642
}