{
    "class": "other",
    "x1": 0.35572916666666665,
    "y1": 0.4888888888888889,
    "x2": 0.240625,
    "y2": 0.8925925925925926
}