{
    "class": "other",
    "x1": 0.5020990764063812,
    "y1": 0.48507462686567165,
    "x2": 0.9219143576826196,
    "y2": 0.6238805970149254
}