{
    "class": "other",
    "x1": 0.4909375,
    "y1": 0.513,
    "x2": 0.461875,
    "y2": 0.878
}