{
    "class": "other",
    "x1": 0.575,
    "y1": 0.294921875,
    "x2": 0.22708333333333333,
    "y2": 0.23984375
}