{
    "class": "other",
    "x1": 0.3873456790123457,
    "y1": 0.3111111111111111,
    "x2": 0.0734567901234568,
    "y2": 0.07777777777777778
}