{
    "class": "other",
    "x1": 0.5116666666666667,
    "y1": 0.5472837022132797,
    "x2": 0.278,
    "y2": 0.8249496981891348
}