{
    "class": "other",
    "x1": 0.483125,
    "y1": 0.5329166666666667,
    "x2": 0.33875,
    "y2": 0.8941666666666667
}