{
    "class": "other",
    "x1": 0.36302083333333335,
    "y1": 0.5005208333333333,
    "x2": 0.409375,
    "y2": 0.8333333333333334
}