{
    "class": "other",
    "x1": 0.53984375,
    "y1": 0.4875,
    "x2": 0.2234375,
    "y2": 0.6027777777777777
}