{
    "class": "other",
    "x1": 0.42465277777777777,
    "y1": 0.5227777777777778,
    "x2": 0.5354166666666667,
    "y2": 0.73
}