{
    "class": "other",
    "x1": 0.6983333333333334,
    "y1": 0.650625,
    "x2": 0.23,
    "y2": 0.27375
}