{
    "class": "other",
    "x1": 0.35494791666666664,
    "y1": 0.5611111111111111,
    "x2": 0.5630208333333333,
    "y2": 0.5925925925925926
}