{
    "class": "other",
    "x1": 0.48151041666666666,
    "y1": 0.5212673611111112,
    "x2": 0.6161458333333333,
    "y2": 0.6449652777777778
}