{
    "class": "other",
    "x1": 0.463,
    "y1": 0.499,
    "x2": 0.3433333333333333,
    "y2": 0.9313333333333333
}