{
    "class": "other",
    "x1": 0.4822916666666667,
    "y1": 0.534375,
    "x2": 0.25729166666666664,
    "y2": 0.8104166666666667
}