{
    "class": "other",
    "x1": 0.46384615384615385,
    "y1": 0.4044885177453027,
    "x2": 0.18923076923076923,
    "y2": 0.48538622129436326
}