{
    "class": "other",
    "x1": 0.499609375,
    "y1": 0.49895833333333334,
    "x2": 0.69765625,
    "y2": 0.921875
}