{
    "class": "other",
    "x1": 0.504375,
    "y1": 0.5004248088360238,
    "x2": 0.98125,
    "y2": 0.9685641461342396
}