{
    "class": "other",
    "x1": 0.5095679012345679,
    "y1": 0.5560185185185185,
    "x2": 0.11296296296296296,
    "y2": 0.1935185185185185
}