{
    "class": "other",
    "x1": 0.5019546520719312,
    "y1": 0.49444444444444446,
    "x2": 0.2627052384675528,
    "y2": 0.9
}