{
    "class": "other",
    "x1": 0.175,
    "y1": 0.42983050847457627,
    "x2": 0.228125,
    "y2": 0.5966101694915255
}