{
    "class": "other",
    "x1": 0.36041666666666666,
    "y1": 0.5714285714285714,
    "x2": 0.3020833333333333,
    "y2": 0.7824675324675324
}