{
    "class": "other",
    "x1": 0.50625,
    "y1": 0.4965277777777778,
    "x2": 0.7635416666666667,
    "y2": 0.9333333333333333
}