{
    "class": "other",
    "x1": 0.5,
    "y1": 0.4985358711566618,
    "x2": 0.29296875,
    "y2": 0.8506588579795022
}