{
    "class": "other",
    "x1": 0.556923076923077,
    "y1": 0.39780600461893767,
    "x2": 0.09230769230769231,
    "y2": 0.22979214780600463
}