{
    "class": "other",
    "x1": 0.5015625,
    "y1": 0.5253708040593287,
    "x2": 0.240625,
    "y2": 0.3434816549570648
}