{
    "class": "other",
    "x1": 0.47578125,
    "y1": 0.4930555555555556,
    "x2": 0.7536458333333333,
    "y2": 0.7601851851851852
}