{
    "class": "other",
    "x1": 0.5283854166666667,
    "y1": 0.5779727095516569,
    "x2": 0.9432291666666667,
    "y2": 0.8440545808966862
}