{
    "class": "other",
    "x1": 0.50390625,
    "y1": 0.4996527777777778,
    "x2": 0.6546875,
    "y2": 0.9131944444444444
}