{
    "class": "other",
    "x1": 0.46384615384615385,
    "y1": 0.4371395617070358,
    "x2": 0.2,
    "y2": 0.5651672433679354
}