{
    "class": "other",
    "x1": 0.6340694006309149,
    "y1": 0.5217065868263473,
    "x2": 0.7176656151419558,
    "y2": 0.875748502994012
}