{
    "class": "other",
    "x1": 0.53984375,
    "y1": 0.5183450429352069,
    "x2": 0.2140625,
    "y2": 0.4137392661982826
}