{
    "class": "other",
    "x1": 0.5143229166666666,
    "y1": 0.500462962962963,
    "x2": 0.8276041666666667,
    "y2": 0.9990740740740741
}