{
    "class": "other",
    "x1": 0.6354166666666666,
    "y1": 0.6639549436795995,
    "x2": 0.0925,
    "y2": 0.23404255319148937
}