{
    "class": "other",
    "x1": 0.700952380952381,
    "y1": 0.5295723384895359,
    "x2": 0.4095238095238095,
    "y2": 0.5732484076433121
}