{
    "class": "other",
    "x1": 0.4328125,
    "y1": 0.3398148148148148,
    "x2": 0.053125,
    "y2": 0.16666666666666666
}