{
    "class": "other",
    "x1": 0.491796875,
    "y1": 0.5375,
    "x2": 0.63515625,
    "y2": 0.8027777777777778
}