{
    "class": "other",
    "x1": 0.57,
    "y1": 0.7555555555555555,
    "x2": 0.5533333333333333,
    "y2": 0.4888888888888889
}