{
    "class": "other",
    "x1": 0.11484375,
    "y1": 0.6390625,
    "x2": 0.11927083333333334,
    "y2": 0.0875
}