{
    "class": "other",
    "x1": 0.39625,
    "y1": 0.5,
    "x2": 0.24583333333333332,
    "y2": 0.8384401114206128
}