{
    "class": "other",
    "x1": 0.7073076923076923,
    "y1": 0.6616628175519631,
    "x2": 0.07769230769230769,
    "y2": 0.15935334872979215
}