{
    "class": "other",
    "x1": 0.48389651531151,
    "y1": 0.4984168865435356,
    "x2": 0.9160506863780359,
    "y2": 0.8005277044854882
}