{
    "class": "other",
    "x1": 0.4591145833333333,
    "y1": 0.499581589958159,
    "x2": 0.5786458333333333,
    "y2": 0.9506276150627615
}