{
    "class": "other",
    "x1": 0.5044270833333333,
    "y1": 0.38875,
    "x2": 0.18697916666666667,
    "y2": 0.5958333333333333
}