{
    "class": "other",
    "x1": 0.5447916666666667,
    "y1": 0.5115740740740741,
    "x2": 0.22916666666666666,
    "y2": 0.8324074074074074
}