{
    "class": "other",
    "x1": 0.4908854166666667,
    "y1": 0.5035128805620609,
    "x2": 0.09947916666666666,
    "y2": 0.25604996096799376
}