{
    "class": "other",
    "x1": 0.490625,
    "y1": 0.5136612021857924,
    "x2": 0.278125,
    "y2": 0.4059328649492584
}