{
    "class": "other",
    "x1": 0.48072916666666665,
    "y1": 0.4976851851851852,
    "x2": 0.5458333333333333,
    "y2": 0.937962962962963
}