{
    "class": "other",
    "x1": 0.34453125,
    "y1": 0.4921875,
    "x2": 0.2015625,
    "y2": 0.33125
}