{
    "class": "other",
    "x1": 0.5010416666666667,
    "y1": 0.49912280701754386,
    "x2": 0.9979166666666667,
    "y2": 0.9929824561403509
}