{
    "class": "other",
    "x1": 0.3611979166666667,
    "y1": 0.504950495049505,
    "x2": 0.33489583333333334,
    "y2": 0.7513104251601631
}