{
    "class": "other",
    "x1": 0.7315384615384616,
    "y1": 0.5846774193548387,
    "x2": 0.13384615384615384,
    "y2": 0.1578341013824885
}