{
    "class": "other",
    "x1": 0.503125,
    "y1": 0.48705882352941177,
    "x2": 0.81875,
    "y2": 0.8941176470588236
}