{
    "class": "other",
    "x1": 0.5265625,
    "y1": 0.5,
    "x2": 0.27708333333333335,
    "y2": 0.916010498687664
}