{
    "class": "other",
    "x1": 0.666015625,
    "y1": 0.4557260920897285,
    "x2": 0.21015625,
    "y2": 0.33530106257378983
}