{
    "class": "other",
    "x1": 0.4895833333333333,
    "y1": 0.48828125,
    "x2": 0.565625,
    "y2": 0.9375
}