{
    "class": "other",
    "x1": 0.5,
    "y1": 0.4947289156626506,
    "x2": 0.9763406940063092,
    "y2": 0.7484939759036144
}