{
    "class": "other",
    "x1": 0.39125,
    "y1": 0.43916666666666665,
    "x2": 0.2975,
    "y2": 0.6466666666666666
}