{
    "class": "other",
    "x1": 0.3,
    "y1": 0.52125,
    "x2": 0.33125,
    "y2": 0.8308333333333333
}