{
    "class": "other",
    "x1": 0.5354166666666667,
    "y1": 0.4439814814814815,
    "x2": 0.15416666666666667,
    "y2": 0.47685185185185186
}