{
    "class": "other",
    "x1": 0.5203125,
    "y1": 0.4211553473848556,
    "x2": 0.10104166666666667,
    "y2": 0.23497267759562843
}