{
    "class": "other",
    "x1": 0.3776041666666667,
    "y1": 0.5896607431340872,
    "x2": 0.35833333333333334,
    "y2": 0.592891760904685
}