{
    "class": "other",
    "x1": 0.503125,
    "y1": 0.471875,
    "x2": 0.284375,
    "y2": 0.865625
}