{
    "class": "other",
    "x1": 0.5934895833333333,
    "y1": 0.659607843137255,
    "x2": 0.3421875,
    "y2": 0.5772549019607843
}