{
    "class": "other",
    "x1": 0.38776041666666666,
    "y1": 0.4935185185185185,
    "x2": 0.5932291666666667,
    "y2": 0.5944444444444444
}