{
    "class": "other",
    "x1": 0.30052083333333335,
    "y1": 0.5078125,
    "x2": 0.5510416666666667,
    "y2": 0.815625
}