{
    "class": "other",
    "x1": 0.19,
    "y1": 0.709375,
    "x2": 0.09125,
    "y2": 0.15375
}