{
    "class": "other",
    "x1": 0.5669270833333333,
    "y1": 0.47492163009404387,
    "x2": 0.8161458333333333,
    "y2": 0.6692789968652038
}