{
    "class": "other",
    "x1": 0.3611979166666667,
    "y1": 0.48326898326898327,
    "x2": 0.4328125,
    "y2": 0.918918918918919
}