{
    "class": "other",
    "x1": 0.5455729166666666,
    "y1": 0.6526041666666667,
    "x2": 0.08385416666666666,
    "y2": 0.3072916666666667
}