{
    "class": "other",
    "x1": 0.5959869848156182,
    "y1": 0.4957142857142857,
    "x2": 0.279826464208243,
    "y2": 0.9895238095238095
}