{
    "class": "other",
    "x1": 0.54609375,
    "y1": 0.42569444444444443,
    "x2": 0.26197916666666665,
    "y2": 0.6708333333333333
}