{
    "class": "other",
    "x1": 0.5015625,
    "y1": 0.4879862700228833,
    "x2": 0.4109375,
    "y2": 0.8935926773455377
}