{
    "class": "other",
    "x1": 0.26076923076923075,
    "y1": 0.5350052246603971,
    "x2": 0.1476923076923077,
    "y2": 0.3991640543364681
}