{
    "class": "other",
    "x1": 0.7247395833333333,
    "y1": 0.49212962962962964,
    "x2": 0.2328125,
    "y2": 0.8972222222222223
}