{
    "class": "other",
    "x1": 0.2838541666666667,
    "y1": 0.35714285714285715,
    "x2": 0.07916666666666666,
    "y2": 0.0663544106167057
}