{
    "class": "other",
    "x1": 0.5625,
    "y1": 0.5635416666666667,
    "x2": 0.2947916666666667,
    "y2": 0.7618055555555555
}