{
    "class": "other",
    "x1": 0.5130208333333334,
    "y1": 0.4986376021798365,
    "x2": 0.5604166666666667,
    "y2": 0.9409627611262489
}