{
    "class": "other",
    "x1": 0.49192708333333335,
    "y1": 0.49444444444444446,
    "x2": 0.6619791666666667,
    "y2": 0.9648148148148148
}