{
    "class": "other",
    "x1": 0.47552083333333334,
    "y1": 0.6442486085343229,
    "x2": 0.10104166666666667,
    "y2": 0.12337662337662338
}