{
    "class": "other",
    "x1": 0.6374233128834356,
    "y1": 0.4968085106382979,
    "x2": 0.2,
    "y2": 0.9191489361702128
}