{
    "class": "other",
    "x1": 0.3497395833333333,
    "y1": 0.30078125,
    "x2": 0.20677083333333332,
    "y2": 0.2609375
}