{
    "class": "other",
    "x1": 0.6234567901234568,
    "y1": 0.4912037037037037,
    "x2": 0.05802469135802469,
    "y2": 0.12129629629629629
}