{
    "class": "other",
    "x1": 0.5315625,
    "y1": 0.47875,
    "x2": 0.339375,
    "y2": 0.7275
}