{
    "class": "other",
    "x1": 0.3453125,
    "y1": 0.5453125,
    "x2": 0.290625,
    "y2": 0.13125
}