{
    "class": "other",
    "x1": 0.5104166666666666,
    "y1": 0.4624478442280946,
    "x2": 0.6108333333333333,
    "y2": 0.6439499304589708
}