{
    "class": "other",
    "x1": 0.28505434782608696,
    "y1": 0.4901041666666667,
    "x2": 0.4048913043478261,
    "y2": 0.9270833333333334
}