{
    "class": "other",
    "x1": 0.47630208333333335,
    "y1": 0.504296875,
    "x2": 0.5057291666666667,
    "y2": 0.92890625
}