{
    "class": "other",
    "x1": 0.5026041666666666,
    "y1": 0.4646529562982005,
    "x2": 0.40625,
    "y2": 0.5848329048843187
}