{
    "class": "other",
    "x1": 0.5845833333333333,
    "y1": 0.520625,
    "x2": 0.4025,
    "y2": 0.94625
}