{
    "class": "other",
    "x1": 0.4622395833333333,
    "y1": 0.23333333333333334,
    "x2": 0.059895833333333336,
    "y2": 0.1925925925925926
}