{
    "class": "other",
    "x1": 0.5041666666666667,
    "y1": 0.5319444444444444,
    "x2": 0.30416666666666664,
    "y2": 0.7583333333333333
}