{
    "class": "other",
    "x1": 0.5540625,
    "y1": 0.5329166666666667,
    "x2": 0.569375,
    "y2": 0.8425
}