{
    "class": "other",
    "x1": 0.5005208333333333,
    "y1": 0.49583333333333335,
    "x2": 0.8197916666666667,
    "y2": 0.9402777777777778
}