{
    "class": "other",
    "x1": 0.8447916666666667,
    "y1": 0.6930555555555555,
    "x2": 0.28020833333333334,
    "y2": 0.6138888888888889
}