{
    "class": "other",
    "x1": 0.47604166666666664,
    "y1": 0.557421875,
    "x2": 0.134375,
    "y2": 0.32734375
}