{
    "class": "other",
    "x1": 0.31796875,
    "y1": 0.5018518518518519,
    "x2": 0.2796875,
    "y2": 0.9296296296296296
}