{
    "class": "other",
    "x1": 0.33,
    "y1": 0.37166666666666665,
    "x2": 0.6233333333333333,
    "y2": 0.6344444444444445
}