{
    "class": "other",
    "x1": 0.38671875,
    "y1": 0.4726090993500464,
    "x2": 0.3109375,
    "y2": 0.8987929433611885
}