{
    "class": "other",
    "x1": 0.8091145833333333,
    "y1": 0.667578125,
    "x2": 0.3171875,
    "y2": 0.38046875
}