{
    "class": "other",
    "x1": 0.43484626647144947,
    "y1": 0.5170142700329309,
    "x2": 0.2796486090775988,
    "y2": 0.8364434687156971
}