{
    "class": "other",
    "x1": 0.5447916666666667,
    "y1": 0.5758333333333333,
    "x2": 0.4166666666666667,
    "y2": 0.8366666666666667
}