{
    "class": "other",
    "x1": 0.4466145833333333,
    "y1": 0.3970037453183521,
    "x2": 0.3078125,
    "y2": 0.7265917602996255
}