{
    "class": "other",
    "x1": 0.3572916666666667,
    "y1": 0.49722222222222223,
    "x2": 0.271875,
    "y2": 0.9425925925925925
}