{
    "class": "other",
    "x1": 0.4859375,
    "y1": 0.503125,
    "x2": 0.33958333333333335,
    "y2": 0.8993055555555556
}