{
    "class": "other",
    "x1": 0.5015625,
    "y1": 0.49947916666666664,
    "x2": 0.628125,
    "y2": 0.990625
}