{
    "class": "other",
    "x1": 0.50078125,
    "y1": 0.4925925925925926,
    "x2": 0.2734375,
    "y2": 0.9703703703703703
}