{
    "class": "other",
    "x1": 0.5007473841554559,
    "y1": 0.4540525114155251,
    "x2": 0.2974588938714499,
    "y2": 0.6501141552511416
}