{
    "class": "other",
    "x1": 0.38229166666666664,
    "y1": 0.5870588235294117,
    "x2": 0.46145833333333336,
    "y2": 0.6643137254901961
}