{
    "class": "other",
    "x1": 0.49266666666666664,
    "y1": 0.5105,
    "x2": 0.3293333333333333,
    "y2": 0.919
}