{
    "class": "other",
    "x1": 0.5009794319294809,
    "y1": 0.4823529411764706,
    "x2": 0.6650342801175319,
    "y2": 0.42483660130718953
}