{
    "class": "other",
    "x1": 0.6670833333333334,
    "y1": 0.473125,
    "x2": 0.3625,
    "y2": 0.59875
}