{
    "class": "other",
    "x1": 0.482421875,
    "y1": 0.5138888888888888,
    "x2": 0.47109375,
    "y2": 0.9722222222222222
}