{
    "class": "other",
    "x1": 0.2332242225859247,
    "y1": 0.49631751227495907,
    "x2": 0.3944353518821604,
    "y2": 0.9566284779050737
}