{
    "class": "other",
    "x1": 0.5057291666666667,
    "y1": 0.49212962962962964,
    "x2": 0.41354166666666664,
    "y2": 0.9101851851851852
}