{
    "class": "other",
    "x1": 0.405,
    "y1": 0.2072025052192067,
    "x2": 0.16230769230769232,
    "y2": 0.2974947807933194
}