{
    "class": "other",
    "x1": 0.5119791666666667,
    "y1": 0.544496487119438,
    "x2": 0.12708333333333333,
    "y2": 0.3583138173302108
}