{
    "class": "other",
    "x1": 0.3506756756756757,
    "y1": 0.490625,
    "x2": 0.2918918918918919,
    "y2": 0.6916666666666667
}