{
    "class": "other",
    "x1": 0.68671875,
    "y1": 0.376953125,
    "x2": 0.19635416666666666,
    "y2": 0.51328125
}