{
    "class": "other",
    "x1": 0.7835051546391752,
    "y1": 0.610625,
    "x2": 0.17057169634489222,
    "y2": 0.14125
}