{
    "class": "other",
    "x1": 0.48984375,
    "y1": 0.5296022201665125,
    "x2": 0.41822916666666665,
    "y2": 0.6188714153561518
}