{
    "class": "other",
    "x1": 0.42375,
    "y1": 0.5044444444444445,
    "x2": 0.3425,
    "y2": 0.7111111111111111
}