{
    "class": "other",
    "x1": 0.5377604166666666,
    "y1": 0.3805620608899297,
    "x2": 0.10885416666666667,
    "y2": 0.21311475409836064
}