{
    "class": "other",
    "x1": 0.4725308641975309,
    "y1": 0.2712962962962963,
    "x2": 0.06111111111111111,
    "y2": 0.11851851851851852
}