{
    "class": "other",
    "x1": 0.5041666666666667,
    "y1": 0.43637782982045276,
    "x2": 0.15625,
    "y2": 0.21233411397345825
}