{
    "class": "other",
    "x1": 0.33880208333333334,
    "y1": 0.37546296296296294,
    "x2": 0.05364583333333333,
    "y2": 0.13425925925925927
}