{
    "class": "other",
    "x1": 0.220625,
    "y1": 0.27988614800759015,
    "x2": 0.13375,
    "y2": 0.2333965844402277
}