{
    "class": "other",
    "x1": 0.588,
    "y1": 0.5992857142857143,
    "x2": 0.824,
    "y2": 0.8014285714285714
}