{
    "class": "other",
    "x1": 0.4702669902912621,
    "y1": 0.4511070110701107,
    "x2": 0.28762135922330095,
    "y2": 0.2785977859778598
}