{
    "class": "other",
    "x1": 0.5057142857142857,
    "y1": 0.4675,
    "x2": 0.32571428571428573,
    "y2": 0.31
}