{
    "class": "other",
    "x1": 0.5086206896551724,
    "y1": 0.540590405904059,
    "x2": 0.5043103448275862,
    "y2": 0.7785977859778598
}