{
    "class": "other",
    "x1": 0.5544354838709677,
    "y1": 0.5851648351648352,
    "x2": 0.6814516129032258,
    "y2": 0.7087912087912088
}