{
    "class": "other",
    "x1": 0.38387096774193546,
    "y1": 0.5204301075268817,
    "x2": 0.635483870967742,
    "y2": 0.46021505376344085
}