{
    "class": "other",
    "x1": 0.42892156862745096,
    "y1": 0.4864176570458404,
    "x2": 0.1977124183006536,
    "y2": 0.14431239388794567
}