{
    "class": "other",
    "x1": 0.46953125,
    "y1": 0.507416081186573,
    "x2": 0.07760416666666667,
    "y2": 0.07338017174082748
}