{
    "class": "other",
    "x1": 0.46979166666666666,
    "y1": 0.4508716323296355,
    "x2": 0.2864583333333333,
    "y2": 0.27892234548335976
}