{
    "class": "other",
    "x1": 0.5043604651162791,
    "y1": 0.49333333333333335,
    "x2": 0.9040697674418605,
    "y2": 0.8711111111111111
}