{
    "class": "other",
    "x1": 0.5,
    "y1": 0.5216216216216216,
    "x2": 0.9487179487179487,
    "y2": 0.8810810810810811
}