{
    "class": "other",
    "x1": 0.47291666666666665,
    "y1": 0.5109289617486339,
    "x2": 0.12395833333333334,
    "y2": 0.14910226385636222
}