{
    "class": "other",
    "x1": 0.2812113720642769,
    "y1": 0.4861111111111111,
    "x2": 0.2880098887515451,
    "y2": 0.30185185185185187
}