{
    "class": "other",
    "x1": 0.5976744186046512,
    "y1": 0.42209302325581394,
    "x2": 0.6403100775193798,
    "y2": 0.7837209302325582
}