{
    "class": "other",
    "x1": 0.2967741935483871,
    "y1": 0.36833333333333335,
    "x2": 0.3032258064516129,
    "y2": 0.57
}