{
    "class": "other",
    "x1": 0.49,
    "y1": 0.46774193548387094,
    "x2": 0.3333333333333333,
    "y2": 0.4987593052109181
}