{
    "class": "other",
    "x1": 0.48515625,
    "y1": 0.4894613583138173,
    "x2": 0.23697916666666666,
    "y2": 0.234192037470726
}