{
    "class": "other",
    "x1": 0.4708333333333333,
    "y1": 0.47892271662763464,
    "x2": 0.12708333333333333,
    "y2": 0.1366120218579235
}