{
    "class": "other",
    "x1": 0.6887382690302398,
    "y1": 0.4139280125195618,
    "x2": 0.251303441084463,
    "y2": 0.25508607198748046
}