{
    "class": "other",
    "x1": 0.5072463768115942,
    "y1": 0.5191256830601093,
    "x2": 0.5652173913043478,
    "y2": 0.7103825136612022
}