{
    "class": "other",
    "x1": 0.461875,
    "y1": 0.4947916666666667,
    "x2": 0.39125,
    "y2": 0.5479166666666667
}