{
    "class": "other",
    "x1": 0.6051020408163266,
    "y1": 0.57875,
    "x2": 0.35918367346938773,
    "y2": 0.5575
}