{
    "class": "other",
    "x1": 0.13298791018998274,
    "y1": 0.48757763975155277,
    "x2": 0.25906735751295334,
    "y2": 0.8757763975155279
}