{
    "class": "other",
    "x1": 0.46774193548387094,
    "y1": 0.3553008595988539,
    "x2": 0.3967741935483871,
    "y2": 0.37249283667621774
}