{
    "class": "other",
    "x1": 0.544375,
    "y1": 0.5244444444444445,
    "x2": 0.21375,
    "y2": 0.31555555555555553
}