{
    "class": "other",
    "x1": 0.48098958333333336,
    "y1": 0.4523809523809524,
    "x2": 0.10364583333333334,
    "y2": 0.1600312256049961
}