{
    "class": "other",
    "x1": 0.5454070981210856,
    "y1": 0.502411575562701,
    "x2": 0.9091858037578288,
    "y2": 0.9405144694533762
}