{
    "class": "other",
    "x1": 0.5564285714285714,
    "y1": 0.3314285714285714,
    "x2": 0.4928571428571429,
    "y2": 0.6438095238095238
}