{
    "class": "other",
    "x1": 0.7169270833333333,
    "y1": 0.4854054054054054,
    "x2": 0.4703125,
    "y2": 0.8216216216216217
}