{
    "class": "other",
    "x1": 0.44479166666666664,
    "y1": 0.5191256830601093,
    "x2": 0.07916666666666666,
    "y2": 0.18579234972677597
}