{
    "class": "other",
    "x1": 0.4775510204081633,
    "y1": 0.5479166666666667,
    "x2": 0.33877551020408164,
    "y2": 0.6375
}