{
    "class": "other",
    "x1": 0.478125,
    "y1": 0.49765807962529274,
    "x2": 0.11979166666666667,
    "y2": 0.3442622950819672
}