{
    "class": "other",
    "x1": 0.5529695024077047,
    "y1": 0.3233695652173913,
    "x2": 0.3868378812199037,
    "y2": 0.5054347826086957
}