{
    "class": "other",
    "x1": 0.561,
    "y1": 0.3993993993993994,
    "x2": 0.614,
    "y2": 0.5945945945945946
}