{
    "class": "other",
    "x1": 0.5579937304075235,
    "y1": 0.5480769230769231,
    "x2": 0.26959247648902823,
    "y2": 0.13615384615384615
}