{
    "class": "other",
    "x1": 0.48046875,
    "y1": 0.477751756440281,
    "x2": 0.11614583333333334,
    "y2": 0.1920374707259953
}