{
    "class": "other",
    "x1": 0.48847517730496454,
    "y1": 0.48402948402948404,
    "x2": 0.5372340425531915,
    "y2": 0.6388206388206388
}