{
    "class": "other",
    "x1": 0.5151041666666667,
    "y1": 0.49804839968774395,
    "x2": 0.06770833333333333,
    "y2": 0.06869633099141297
}