{
    "class": "other",
    "x1": 0.4966386554621849,
    "y1": 0.6633333333333333,
    "x2": 0.2739495798319328,
    "y2": 0.38666666666666666
}