{
    "class": "other",
    "x1": 0.7434615384615385,
    "y1": 0.44973821989528795,
    "x2": 0.11461538461538462,
    "y2": 0.193717277486911
}