{
    "class": "other",
    "x1": 0.5187908496732027,
    "y1": 0.5220588235294118,
    "x2": 0.22712418300653595,
    "y2": 0.14215686274509803
}