{
    "class": "other",
    "x1": 0.40942028985507245,
    "y1": 0.49453551912568305,
    "x2": 0.6376811594202898,
    "y2": 0.4207650273224044
}