{
    "class": "other",
    "x1": 0.50390625,
    "y1": 0.591796875,
    "x2": 0.22135416666666666,
    "y2": 0.24609375
}