{
    "class": "other",
    "x1": 0.20885416666666667,
    "y1": 0.18700475435816163,
    "x2": 0.16770833333333332,
    "y2": 0.1600633914421553
}