{
    "class": "other",
    "x1": 0.4012345679012346,
    "y1": 0.6438356164383562,
    "x2": 0.42592592592592593,
    "y2": 0.6410958904109589
}