{
    "class": "other",
    "x1": 0.36083333333333334,
    "y1": 0.4223057644110276,
    "x2": 0.12166666666666667,
    "y2": 0.21804511278195488
}