{
    "class": "other",
    "x1": 0.7594228504122497,
    "y1": 0.636604774535809,
    "x2": 0.07714958775029446,
    "y2": 0.134394341290893
}