{
    "class": "other",
    "x1": 0.5729166666666666,
    "y1": 0.5606060606060606,
    "x2": 0.4930555555555556,
    "y2": 0.6848484848484848
}