{
    "class": "other",
    "x1": 0.5273333333333333,
    "y1": 0.5795454545454546,
    "x2": 0.444,
    "y2": 0.4982517482517482
}