{
    "class": "other",
    "x1": 0.5354166666666667,
    "y1": 0.5604996096799375,
    "x2": 0.271875,
    "y2": 0.3793911007025761
}