{
    "class": "other",
    "x1": 0.5088541666666667,
    "y1": 0.4847775175644028,
    "x2": 0.12604166666666666,
    "y2": 0.20765027322404372
}