{
    "class": "other",
    "x1": 0.5545918367346939,
    "y1": 0.5425,
    "x2": 0.386734693877551,
    "y2": 0.6
}