{
    "class": "other",
    "x1": 0.49270833333333336,
    "y1": 0.5109289617486339,
    "x2": 0.09791666666666667,
    "y2": 0.18032786885245902
}