{
    "class": "other",
    "x1": 0.6654761904761904,
    "y1": 0.5517970401691332,
    "x2": 0.23333333333333334,
    "y2": 0.38477801268498946
}