{
    "class": "other",
    "x1": 0.5203125,
    "y1": 0.525691699604743,
    "x2": 0.478125,
    "y2": 0.45454545454545453
}