{
    "class": "other",
    "x1": 0.525,
    "y1": 0.5323965651834505,
    "x2": 0.09479166666666666,
    "y2": 0.21701795472287275
}