{
    "class": "other",
    "x1": 0.46067708333333335,
    "y1": 0.5983606557377049,
    "x2": 0.3140625,
    "y2": 0.3083528493364559
}