{
    "class": "other",
    "x1": 0.465625,
    "y1": 0.475,
    "x2": 0.925,
    "y2": 0.8583333333333333
}