{
    "class": "other",
    "x1": 0.3888888888888889,
    "y1": 0.3638888888888889,
    "x2": 0.09506172839506173,
    "y2": 0.10185185185185185
}