{
    "class": "other",
    "x1": 0.4921875,
    "y1": 0.5433255269320844,
    "x2": 0.21666666666666667,
    "y2": 0.20765027322404372
}