{
    "class": "other",
    "x1": 0.5116822429906542,
    "y1": 0.49642857142857144,
    "x2": 0.8551401869158879,
    "y2": 0.8928571428571429
}