{
    "class": "other",
    "x1": 0.33106060606060606,
    "y1": 0.46273291925465837,
    "x2": 0.35909090909090907,
    "y2": 0.9192546583850931
}