{
    "class": "other",
    "x1": 0.7064516129032258,
    "y1": 0.2836676217765043,
    "x2": 0.3580645161290323,
    "y2": 0.4699140401146132
}