{
    "class": "other",
    "x1": 0.49661458333333336,
    "y1": 0.43169398907103823,
    "x2": 0.2994791666666667,
    "y2": 0.4028103044496487
}