{
    "class": "other",
    "x1": 0.5244791666666667,
    "y1": 0.555815768930523,
    "x2": 0.27708333333333335,
    "y2": 0.27478532396565186
}