{
    "class": "other",
    "x1": 0.46901041666666665,
    "y1": 0.49453551912568305,
    "x2": 0.14635416666666667,
    "y2": 0.1881342701014832
}