{
    "class": "other",
    "x1": 0.49244791666666665,
    "y1": 0.5101483216237315,
    "x2": 0.13177083333333334,
    "y2": 0.13973458235753317
}