{
    "class": "other",
    "x1": 0.5127604166666667,
    "y1": 0.5062451209992194,
    "x2": 0.0921875,
    "y2": 0.08665105386416862
}