{
    "class": "other",
    "x1": 0.46111111111111114,
    "y1": 0.5052083333333334,
    "x2": 0.2222222222222222,
    "y2": 0.3229166666666667
}