{
    "class": "other",
    "x1": 0.5008333333333334,
    "y1": 0.5039267015706806,
    "x2": 0.9116666666666666,
    "y2": 0.9083769633507853
}