{
    "class": "other",
    "x1": 0.4640625,
    "y1": 0.5542544886807181,
    "x2": 0.11666666666666667,
    "y2": 0.2107728337236534
}