{
    "class": "other",
    "x1": 0.2916666666666667,
    "y1": 0.6195652173913043,
    "x2": 0.359375,
    "y2": 0.35185185185185186
}