{
    "class": "other",
    "x1": 0.5203125,
    "y1": 0.5296442687747036,
    "x2": 0.475,
    "y2": 0.45454545454545453
}