{
    "class": "other",
    "x1": 0.47890625,
    "y1": 0.6652777777777777,
    "x2": 0.2734375,
    "y2": 0.3138888888888889
}