{
    "class": "other",
    "x1": 0.71484375,
    "y1": 0.6458333333333334,
    "x2": 0.5390625,
    "y2": 0.675
}