{
    "class": "other",
    "x1": 0.5119791666666667,
    "y1": 0.5011709601873536,
    "x2": 0.16354166666666667,
    "y2": 0.3747072599531616
}