{
    "class": "other",
    "x1": 0.49661458333333336,
    "y1": 0.4843871975019516,
    "x2": 0.2713541666666667,
    "y2": 0.36143637782982047
}