{
    "class": "other",
    "x1": 0.4970833333333333,
    "y1": 0.44745222929936307,
    "x2": 0.5641666666666667,
    "y2": 0.678343949044586
}