{
    "class": "other",
    "x1": 0.494949494949495,
    "y1": 0.26811594202898553,
    "x2": 0.9090909090909091,
    "y2": 0.463768115942029
}