{
    "class": "other",
    "x1": 0.491,
    "y1": 0.49733333333333335,
    "x2": 0.674,
    "y2": 0.5626666666666666
}