{
    "class": "other",
    "x1": 0.496875,
    "y1": 0.5218855218855218,
    "x2": 0.7583333333333333,
    "y2": 0.7676767676767676
}