{
    "class": "other",
    "x1": 0.3516666666666667,
    "y1": 0.49333333333333335,
    "x2": 0.53,
    "y2": 0.48444444444444446
}