{
    "class": "other",
    "x1": 0.484375,
    "y1": 0.5147569444444444,
    "x2": 0.41015625,
    "y2": 0.4774305555555556
}