{
    "class": "other",
    "x1": 0.41171875,
    "y1": 0.734375,
    "x2": 0.2890625,
    "y2": 0.240625
}