{
    "class": "other",
    "x1": 0.24375,
    "y1": 0.5299479166666666,
    "x2": 0.453125,
    "y2": 0.4921875
}