{
    "class": "other",
    "x1": 0.5127604166666667,
    "y1": 0.45784543325526933,
    "x2": 0.1890625,
    "y2": 0.39734582357533177
}