{
    "class": "other",
    "x1": 0.4673611111111111,
    "y1": 0.4875,
    "x2": 0.9263888888888889,
    "y2": 0.9708333333333333
}