{
    "class": "other",
    "x1": 0.4707692307692308,
    "y1": 0.5208845208845209,
    "x2": 0.3076923076923077,
    "y2": 0.44717444717444715
}