{
    "class": "other",
    "x1": 0.54375,
    "y1": 0.5281359906213364,
    "x2": 0.6359375,
    "y2": 0.34114888628370454
}