{
    "class": "other",
    "x1": 0.505,
    "y1": 0.5494845360824743,
    "x2": 0.654,
    "y2": 0.4845360824742268
}