{
    "class": "other",
    "x1": 0.6427083333333333,
    "y1": 0.5447570332480819,
    "x2": 0.4395833333333333,
    "y2": 0.42455242966751916
}