{
    "class": "other",
    "x1": 0.47942708333333334,
    "y1": 0.678515625,
    "x2": 0.1921875,
    "y2": 0.26796875
}