{
    "class": "other",
    "x1": 0.3198051948051948,
    "y1": 0.3704819277108434,
    "x2": 0.3409090909090909,
    "y2": 0.41566265060240964
}