{
    "class": "other",
    "x1": 0.538125,
    "y1": 0.61,
    "x2": 0.58875,
    "y2": 0.7057142857142857
}