{
    "class": "other",
    "x1": 0.5265625,
    "y1": 0.5199063231850117,
    "x2": 0.14583333333333334,
    "y2": 0.17798594847775176
}