{
    "class": "other",
    "x1": 0.5725,
    "y1": 0.4913907284768212,
    "x2": 0.3566666666666667,
    "y2": 0.376158940397351
}