{
    "class": "other",
    "x1": 0.5286666666666666,
    "y1": 0.436127744510978,
    "x2": 0.31066666666666665,
    "y2": 0.32934131736526945
}