{
    "class": "other",
    "x1": 0.31875,
    "y1": 0.3283333333333333,
    "x2": 0.6325,
    "y2": 0.4633333333333333
}