{
    "class": "other",
    "x1": 0.49523809523809526,
    "y1": 0.5125,
    "x2": 0.6285714285714286,
    "y2": 0.7875
}