{
    "class": "other",
    "x1": 0.5044270833333333,
    "y1": 0.48243559718969553,
    "x2": 0.07239583333333334,
    "y2": 0.17642466822794692
}