{
    "class": "other",
    "x1": 0.5020408163265306,
    "y1": 0.5,
    "x2": 0.9469387755102041,
    "y2": 0.9477124183006536
}