{
    "class": "other",
    "x1": 0.48932291666666666,
    "y1": 0.45823575331772054,
    "x2": 0.08802083333333334,
    "y2": 0.1686182669789227
}