{
    "class": "other",
    "x1": 0.5067901234567901,
    "y1": 0.35,
    "x2": 0.09753086419753086,
    "y2": 0.06296296296296296
}