{
    "class": "other",
    "x1": 0.646484375,
    "y1": 0.23517786561264822,
    "x2": 0.16484375,
    "y2": 0.24110671936758893
}