{
    "class": "other",
    "x1": 0.37255859375,
    "y1": 0.4954427083333333,
    "x2": 0.5927734375,
    "y2": 0.98828125
}