{
    "class": "other",
    "x1": 0.7024691358024692,
    "y1": 0.49072512647554806,
    "x2": 0.09876543209876543,
    "y2": 0.08768971332209106
}