{
    "class": "other",
    "x1": 0.5599369085173501,
    "y1": 0.3215130023640662,
    "x2": 0.2870662460567823,
    "y2": 0.37825059101654845
}