{
    "class": "other",
    "x1": 0.26375,
    "y1": 0.5134228187919463,
    "x2": 0.5025,
    "y2": 0.697986577181208
}