{
    "class": "other",
    "x1": 0.47192307692307695,
    "y1": 0.5711297071129707,
    "x2": 0.16076923076923078,
    "y2": 0.10125523012552301
}