{
    "class": "other",
    "x1": 0.4147368421052632,
    "y1": 0.516566265060241,
    "x2": 0.6463157894736842,
    "y2": 0.5843373493975904
}