{
    "class": "other",
    "x1": 0.5127604166666667,
    "y1": 0.45120999219359875,
    "x2": 0.1265625,
    "y2": 0.1795472287275566
}