{
    "class": "other",
    "x1": 0.5088235294117647,
    "y1": 0.47583333333333333,
    "x2": 0.2211764705882353,
    "y2": 0.295
}