{
    "class": "other",
    "x1": 0.5,
    "y1": 0.5032894736842105,
    "x2": 0.9833333333333333,
    "y2": 0.9802631578947368
}