{
    "class": "other",
    "x1": 0.509375,
    "y1": 0.47931303669008585,
    "x2": 0.13958333333333334,
    "y2": 0.156128024980484
}