{
    "class": "other",
    "x1": 0.4825520833333333,
    "y1": 0.47501951600312253,
    "x2": 0.10260416666666666,
    "y2": 0.08508977361436378
}