{
    "class": "other",
    "x1": 0.4796875,
    "y1": 0.4936440677966102,
    "x2": 0.415625,
    "y2": 0.4788135593220339
}