{
    "class": "other",
    "x1": 0.3739539748953975,
    "y1": 0.7299651567944251,
    "x2": 0.1997907949790795,
    "y2": 0.4425087108013937
}