{
    "class": "other",
    "x1": 0.4427083333333333,
    "y1": 0.4134259259259259,
    "x2": 0.325,
    "y2": 0.4305555555555556
}