{
    "class": "other",
    "x1": 0.4817708333333333,
    "y1": 0.5015612802498048,
    "x2": 0.11145833333333334,
    "y2": 0.11943793911007025
}