{
    "class": "other",
    "x1": 0.5204819277108433,
    "y1": 0.49875,
    "x2": 0.6,
    "y2": 0.7875
}