{
    "class": "other",
    "x1": 0.5017006802721088,
    "y1": 0.5029239766081871,
    "x2": 0.9965986394557823,
    "y2": 0.9941520467836257
}