{
    "class": "other",
    "x1": 0.371875,
    "y1": 0.5458333333333333,
    "x2": 0.5479166666666667,
    "y2": 0.5638888888888889
}