{
    "class": "other",
    "x1": 0.4973958333333333,
    "y1": 0.5027777777777778,
    "x2": 0.5010416666666667,
    "y2": 0.4777777777777778
}