{
    "class": "other",
    "x1": 0.687890625,
    "y1": 0.2440711462450593,
    "x2": 0.12265625,
    "y2": 0.191699604743083
}