{
    "class": "other",
    "x1": 0.27044025157232704,
    "y1": 0.6234177215189873,
    "x2": 0.4339622641509434,
    "y2": 0.5253164556962026
}