{
    "class": "other",
    "x1": 0.5006944444444444,
    "y1": 0.49094202898550726,
    "x2": 0.9986111111111111,
    "y2": 0.9782608695652174
}