{
    "class": "other",
    "x1": 0.5277777777777778,
    "y1": 0.5402097902097902,
    "x2": 0.7393162393162394,
    "y2": 0.9195804195804196
}