{
    "class": "other",
    "x1": 0.41015625,
    "y1": 0.5784722222222223,
    "x2": 0.5828125,
    "y2": 0.6791666666666667
}