{
    "class": "other",
    "x1": 0.5018229166666667,
    "y1": 0.46994535519125685,
    "x2": 0.1171875,
    "y2": 0.2373145979703357
}