{
    "class": "other",
    "x1": 0.5,
    "y1": 0.4762886597938144,
    "x2": 0.9505494505494505,
    "y2": 0.9154639175257732
}