{
    "class": "other",
    "x1": 0.525390625,
    "y1": 0.3854818523153942,
    "x2": 0.35546875,
    "y2": 0.3804755944931164
}