{
    "class": "other",
    "x1": 0.37640449438202245,
    "y1": 0.5135869565217391,
    "x2": 0.5056179775280899,
    "y2": 0.6847826086956522
}