{
    "class": "other",
    "x1": 0.5038461538461538,
    "y1": 0.5060975609756098,
    "x2": 0.9923076923076923,
    "y2": 0.9878048780487805
}