{
    "class": "other",
    "x1": 0.7736928104575164,
    "y1": 0.5849673202614379,
    "x2": 0.2630718954248366,
    "y2": 0.17320261437908496
}