{
    "class": "other",
    "x1": 0.5036458333333333,
    "y1": 0.5007806401249024,
    "x2": 0.09375,
    "y2": 0.09133489461358314
}