{
    "class": "other",
    "x1": 0.44921875,
    "y1": 0.5257611241217799,
    "x2": 0.12864583333333332,
    "y2": 0.17096018735362997
}