{
    "class": "other",
    "x1": 0.50390625,
    "y1": 0.49492583918813426,
    "x2": 0.0796875,
    "y2": 0.14988290398126464
}