{
    "class": "other",
    "x1": 0.5180327868852459,
    "y1": 0.37166666666666665,
    "x2": 0.5049180327868853,
    "y2": 0.5833333333333334
}