{
    "class": "other",
    "x1": 0.4289772727272727,
    "y1": 0.4897959183673469,
    "x2": 0.8465909090909091,
    "y2": 0.6122448979591837
}