{
    "class": "other",
    "x1": 0.5017921146953405,
    "y1": 0.5027624309392266,
    "x2": 0.996415770609319,
    "y2": 0.994475138121547
}