{
    "class": "other",
    "x1": 0.45381062355658197,
    "y1": 0.42730769230769233,
    "x2": 0.27713625866050806,
    "y2": 0.12538461538461537
}