{
    "class": "other",
    "x1": 0.4369747899159664,
    "y1": 0.5604395604395604,
    "x2": 0.8235294117647058,
    "y2": 0.6813186813186813
}