{
    "class": "other",
    "x1": 0.5410493827160494,
    "y1": 0.44814814814814813,
    "x2": 0.10802469135802469,
    "y2": 0.15925925925925927
}