{
    "class": "other",
    "x1": 0.51875,
    "y1": 0.5136612021857924,
    "x2": 0.053125,
    "y2": 0.0936768149882904
}