{
    "class": "other",
    "x1": 0.5080729166666667,
    "y1": 0.4957064793130367,
    "x2": 0.11614583333333334,
    "y2": 0.234192037470726
}