{
    "class": "other",
    "x1": 0.44693877551020406,
    "y1": 0.545,
    "x2": 0.3877551020408163,
    "y2": 0.6
}