{
    "class": "other",
    "x1": 0.585,
    "y1": 0.48500468603561386,
    "x2": 0.0875,
    "y2": 0.10965323336457357
}