{
    "class": "other",
    "x1": 0.62890625,
    "y1": 0.4150197628458498,
    "x2": 0.2671875,
    "y2": 0.36363636363636365
}