{
    "class": "other",
    "x1": 0.5977859778597786,
    "y1": 0.43548387096774194,
    "x2": 0.6051660516605166,
    "y2": 0.43010752688172044
}