{
    "class": "other",
    "x1": 0.4588541666666667,
    "y1": 0.41875,
    "x2": 0.4427083333333333,
    "y2": 0.509375
}