{
    "class": "other",
    "x1": 0.49453125,
    "y1": 0.5405932864949259,
    "x2": 0.1015625,
    "y2": 0.35362997658079626
}