{
    "class": "other",
    "x1": 0.5125,
    "y1": 0.4804839968774395,
    "x2": 0.09791666666666667,
    "y2": 0.10070257611241218
}