{
    "class": "other",
    "x1": 0.47578125,
    "y1": 0.5374609781477627,
    "x2": 0.2734375,
    "y2": 0.23413111342351717
}