{
    "class": "other",
    "x1": 0.53515625,
    "y1": 0.4718969555035129,
    "x2": 0.08177083333333333,
    "y2": 0.08665105386416862
}