{
    "class": "other",
    "x1": 0.41619047619047617,
    "y1": 0.2671428571428571,
    "x2": 0.3485714285714286,
    "y2": 0.3342857142857143
}