{
    "class": "other",
    "x1": 0.5023923444976076,
    "y1": 0.5037593984962406,
    "x2": 0.9952153110047847,
    "y2": 0.9924812030075187
}