{
    "class": "other",
    "x1": 0.47552083333333334,
    "y1": 0.5179547228727557,
    "x2": 0.27708333333333335,
    "y2": 0.48633879781420764
}