{
    "class": "other",
    "x1": 0.4927007299270073,
    "y1": 0.49184782608695654,
    "x2": 0.927007299270073,
    "y2": 0.875
}