{
    "class": "other",
    "x1": 0.499375,
    "y1": 0.4620075046904315,
    "x2": 0.4725,
    "y2": 0.4530956848030019
}