{
    "class": "other",
    "x1": 0.4908854166666667,
    "y1": 0.477751756440281,
    "x2": 0.09739583333333333,
    "y2": 0.09679937548790007
}