{
    "class": "other",
    "x1": 0.52,
    "y1": 0.40860215053763443,
    "x2": 0.7333333333333333,
    "y2": 0.7096774193548387
}