{
    "class": "other",
    "x1": 0.5815972222222222,
    "y1": 0.45046296296296295,
    "x2": 0.3104166666666667,
    "y2": 0.3416666666666667
}