{
    "class": "other",
    "x1": 0.44,
    "y1": 0.5778611632270169,
    "x2": 0.45,
    "y2": 0.4352720450281426
}