{
    "class": "other",
    "x1": 0.365625,
    "y1": 0.5554511278195489,
    "x2": 0.25125,
    "y2": 0.2575187969924812
}