{
    "class": "other",
    "x1": 0.5691176470588235,
    "y1": 0.4116997792494481,
    "x2": 0.2529411764705882,
    "y2": 0.24061810154525387
}