{
    "class": "other",
    "x1": 0.49921875,
    "y1": 0.5046838407494145,
    "x2": 0.11510416666666666,
    "y2": 0.21935987509758
}