{
    "class": "other",
    "x1": 0.24017467248908297,
    "y1": 0.4183098591549296,
    "x2": 0.25327510917030566,
    "y2": 0.2112676056338028
}