{
    "class": "other",
    "x1": 0.5244883040935673,
    "y1": 0.2911184210526316,
    "x2": 0.472953216374269,
    "y2": 0.5493421052631579
}