{
    "class": "other",
    "x1": 0.49375,
    "y1": 0.4996096799375488,
    "x2": 0.15416666666666667,
    "y2": 0.18110850897736144
}