{
    "class": "other",
    "x1": 0.49895833333333334,
    "y1": 0.4523809523809524,
    "x2": 0.06041666666666667,
    "y2": 0.13192818110850899
}