{
    "class": "other",
    "x1": 0.47021484375,
    "y1": 0.45170876671619614,
    "x2": 0.2880859375,
    "y2": 0.27934621099554235
}