{
    "class": "other",
    "x1": 0.42053445850914206,
    "y1": 0.592896174863388,
    "x2": 0.3206751054852321,
    "y2": 0.30418943533697634
}