{
    "class": "other",
    "x1": 0.5010416666666667,
    "y1": 0.5105386416861827,
    "x2": 0.12916666666666668,
    "y2": 0.18266978922716628
}