{
    "class": "other",
    "x1": 0.49973958333333335,
    "y1": 0.6014832162373146,
    "x2": 0.24947916666666667,
    "y2": 0.23965651834504292
}