{
    "class": "other",
    "x1": 0.47265625,
    "y1": 0.5041666666666667,
    "x2": 0.66875,
    "y2": 0.9222222222222223
}