{
    "class": "other",
    "x1": 0.5030864197530864,
    "y1": 0.504950495049505,
    "x2": 0.9938271604938271,
    "y2": 0.9900990099009901
}