{
    "class": "other",
    "x1": 0.5275974025974026,
    "y1": 0.5186046511627908,
    "x2": 0.685064935064935,
    "y2": 0.7069767441860465
}