{
    "class": "other",
    "x1": 0.49645390070921985,
    "y1": 0.5,
    "x2": 0.9574468085106383,
    "y2": 0.9553072625698324
}