{
    "class": "other",
    "x1": 0.434991974317817,
    "y1": 0.4633152173913043,
    "x2": 0.6548956661316212,
    "y2": 0.9211956521739131
}