{
    "class": "other",
    "x1": 0.48314606741573035,
    "y1": 0.5054446460980037,
    "x2": 0.648876404494382,
    "y2": 0.542649727767695
}