{
    "class": "other",
    "x1": 0.7451737451737451,
    "y1": 0.3515358361774744,
    "x2": 0.47104247104247104,
    "y2": 0.6143344709897611
}