{
    "class": "other",
    "x1": 0.5952380952380952,
    "y1": 0.465,
    "x2": 0.30793650793650795,
    "y2": 0.8
}