{
    "class": "other",
    "x1": 0.4947916666666667,
    "y1": 0.23148148148148148,
    "x2": 0.25625,
    "y2": 0.42592592592592593
}