{
    "class": "other",
    "x1": 0.6514705882352941,
    "y1": 0.4258373205741627,
    "x2": 0.22941176470588234,
    "y2": 0.33014354066985646
}