{
    "class": "other",
    "x1": 0.6436507936507937,
    "y1": 0.5328125,
    "x2": 0.6396825396825396,
    "y2": 0.834375
}