{
    "class": "other",
    "x1": 0.5221428571428571,
    "y1": 0.5017667844522968,
    "x2": 0.5871428571428572,
    "y2": 0.9187279151943463
}