{
    "class": "other",
    "x1": 0.45625,
    "y1": 0.5199063231850117,
    "x2": 0.12708333333333333,
    "y2": 0.17017954722872755
}