{
    "class": "other",
    "x1": 0.5037037037037037,
    "y1": 0.6555299539170507,
    "x2": 0.36666666666666664,
    "y2": 0.4861751152073733
}