{
    "class": "other",
    "x1": 0.4395833333333333,
    "y1": 0.5374707259953162,
    "x2": 0.17916666666666667,
    "y2": 0.24121779859484777
}