{
    "class": "other",
    "x1": 0.41770833333333335,
    "y1": 0.5291666666666667,
    "x2": 0.60625,
    "y2": 0.375
}