{
    "class": "other",
    "x1": 0.48125,
    "y1": 0.6518518518518519,
    "x2": 0.29583333333333334,
    "y2": 0.37037037037037035
}