{
    "class": "other",
    "x1": 0.6852941176470588,
    "y1": 0.31917808219178084,
    "x2": 0.28823529411764703,
    "y2": 0.2219178082191781
}