{
    "class": "other",
    "x1": 0.5067708333333333,
    "y1": 0.5538641686182669,
    "x2": 0.25104166666666666,
    "y2": 0.2849336455893833
}