{
    "class": "other",
    "x1": 0.5065420560747663,
    "y1": 0.4111111111111111,
    "x2": 0.30654205607476637,
    "y2": 0.7222222222222222
}