{
    "class": "other",
    "x1": 0.44609375,
    "y1": 0.5331772053083529,
    "x2": 0.1140625,
    "y2": 0.12177985948477751
}