{
    "class": "other",
    "x1": 0.25656565656565655,
    "y1": 0.3925438596491228,
    "x2": 0.298989898989899,
    "y2": 0.19736842105263158
}