{
    "class": "other",
    "x1": 0.3513986013986014,
    "y1": 0.45615671641791045,
    "x2": 0.6655011655011654,
    "y2": 0.8190298507462687
}