{
    "class": "other",
    "x1": 0.4268,
    "y1": 0.45506912442396313,
    "x2": 0.3704,
    "y2": 0.8456221198156681
}