{
    "class": "other",
    "x1": 0.45202020202020204,
    "y1": 0.46085858585858586,
    "x2": 0.797979797979798,
    "y2": 0.8611111111111112
}