{
    "class": "other",
    "x1": 0.3974489795918367,
    "y1": 0.57875,
    "x2": 0.35816326530612247,
    "y2": 0.5625
}