{
    "class": "other",
    "x1": 0.2996389891696751,
    "y1": 0.4175824175824176,
    "x2": 0.5776173285198556,
    "y2": 0.7362637362637363
}