{
    "class": "other",
    "x1": 0.3963541666666667,
    "y1": 0.37916666666666665,
    "x2": 0.059375,
    "y2": 0.14537037037037037
}