{
    "class": "other",
    "x1": 0.47213541666666664,
    "y1": 0.4960967993754879,
    "x2": 0.08385416666666666,
    "y2": 0.08040593286494926
}