{
    "class": "other",
    "x1": 0.5151234567901235,
    "y1": 0.49583333333333335,
    "x2": 0.08703703703703704,
    "y2": 0.1527777777777778
}