{
    "class": "other",
    "x1": 0.5072916666666667,
    "y1": 0.49375487900078063,
    "x2": 0.13541666666666666,
    "y2": 0.2302888368462139
}