{
    "class": "other",
    "x1": 0.4839506172839506,
    "y1": 0.34814814814814815,
    "x2": 0.1925925925925926,
    "y2": 0.2
}