{
    "class": "other",
    "x1": 0.15066225165562913,
    "y1": 0.24464831804281345,
    "x2": 0.1490066225165563,
    "y2": 0.3302752293577982
}