{
    "class": "other",
    "x1": 0.5145833333333333,
    "y1": 0.48243559718969553,
    "x2": 0.057291666666666664,
    "y2": 0.12646370023419204
}