{
    "class": "other",
    "x1": 0.705859375,
    "y1": 0.45111111111111113,
    "x2": 0.36796875,
    "y2": 0.64
}