{
    "class": "other",
    "x1": 0.2890625,
    "y1": 0.5421686746987951,
    "x2": 0.46875,
    "y2": 0.7108433734939759
}