{
    "class": "other",
    "x1": 0.5409448818897638,
    "y1": 0.46078431372549017,
    "x2": 0.5055118110236221,
    "y2": 0.5910364145658263
}