{
    "class": "other",
    "x1": 0.356951871657754,
    "y1": 0.321285140562249,
    "x2": 0.32620320855614976,
    "y2": 0.4578313253012048
}