{
    "class": "other",
    "x1": 0.53125,
    "y1": 0.4108433734939759,
    "x2": 0.2644230769230769,
    "y2": 0.15180722891566265
}