{
    "class": "other",
    "x1": 0.51796875,
    "y1": 0.4379391100702576,
    "x2": 0.11302083333333333,
    "y2": 0.16705698672911787
}