{
    "class": "other",
    "x1": 0.5876923076923077,
    "y1": 0.4652777777777778,
    "x2": 0.6584615384615384,
    "y2": 0.6203703703703703
}